tweet_id,text,author,created_at,favorite_count,retweet_count,language
2081017236635173125,"‼️Just in - CJP 🪳 has withdrawn the protest and has asked all cockroaches to leave immediately. 

Govt made it clear, if they don't leave then Delhi Police will kick them out.

&gt; Saar Modi so weak Saar 🤣🫠

He cleared the🪳 without firing a bullet 🙌🏼 https://t.co/4qtTcufOL6",arunpudur,Sat Jul 25 14:02:27 +0000 2026,27,11,en
2080988780253896921,"BREAKING  NEWS 🚨 

The CJP has officially ended his protest after the government accepted all demands.

— All FIRs filed against the protesters will be withdrawn.

— The compensation offered to the family of the NEET student who committed suicide has been accepted.

Who won and",HCP_2026,Sat Jul 25 12:09:22 +0000 2026,211,30,en
2080873141820387759,"Here comes trouble !!🔥

The Delhi High Court grants an NGO permission to file a case of recovery of compensation due to damage of public &amp; private property by the CJP protestors.
(Those who have vandalised public or private property should be made liable to compensate for the https://t.co/ptQViFbg1z",PoornimaNimo,Sat Jul 25 04:29:52 +0000 2026,6283,2029,en
2080990762121167002,"Modi govt minister guides CJP to end the protest with immediate effect and they announced it. 

Be aware of this pseudo opposition BJP-RSS is trying to make. 

There is only one alternative and that is Rahul Gandhi Ji.. https://t.co/QkC4y7zXvn",shaandelhite,Sat Jul 25 12:17:15 +0000 2026,609,180,en
2081002711802372144,"The biggest proof that the CJP protest was always leaderless is this:

Even after the CJP leaders asked everyone to leave, protesters are still pelting stones and bottles at the police at Jantar Mantar.

Now that the free food has stopped, they seem to have completely lost https://t.co/nTnair58Fp",AMIT_GUJJU,Sat Jul 25 13:04:44 +0000 2026,1473,532,en
2080873662488723760,"A man asked Abhijeet Dipke about paper leak in Punjab.

Abhijeet Dipke answered in a very general way and then ignored him.

A girl asked Abhijeet Dipke to remove Samrat Choudhary from  Bihar as she didn't choose him as CM of Bihar 💅

Abhijeet Dipke: Yes, we will protest in https://t.co/PlT4fiwU6l",Incognito_qfs,Sat Jul 25 04:31:56 +0000 2026,1503,417,en
2080988244330824002,"VIDEO | Delhi: Union Ministers JP Nadda and Jitendra Singh along with CJP delegation holds a joint press conference following the resignation of Dharmendra Pradhan.

CJP spokesperson Saurav Das says, ""Our second demand, that all FIRs filed against all protesters, not just in https://t.co/vVskSySjrY",PTI_News,Sat Jul 25 12:07:14 +0000 2026,733,145,en
2080948948823593039,Dharmendra Pradhan has resigned. Will the CJP call off the protest so that things can go back to normal?,abhiandniyu,Sat Jul 25 09:31:06 +0000 2026,5656,289,en
2081000257656086600,"CJP calls off protest but now their politics will start 😂

CJP has announced to END the Jantar Mantar agitation after Govt assurances.

Finally, Delhi will breathe free 🇮🇳

#DharmendraPradhan #RestorePeace
#TimeToEndProtest 
#NEETExamProtest
#जंतर_मंतर_ब्रेकिंग_न्यूज https://t.co/rnbwnauQCk",ittz_utkarsh,Sat Jul 25 12:54:59 +0000 2026,12,1,en
2080988679175086355,BIG BREAKING 🚨 CJP announces to end its protest at Jantar Mantar. https://t.co/ZNNeVihHjz,NewsAlgebraIND,Sat Jul 25 12:08:58 +0000 2026,4551,461,en
2080992534193729931,"VIDEO | Delhi: CJP leader Ashutosh Ranka says, ""We appeal to our protesters and supporters to withdraw peacefully. All our demands have been accepted. We will inform you shortly about our future course of action. We have submitted our charter of demands to the government. It was https://t.co/1hdQv9C2VV",PTI_News,Sat Jul 25 12:24:17 +0000 2026,1003,133,en
2081007186558521669,"SOURAV DAS : ""No foreign funding involvement in the CJP protest"" https://t.co/CIYwQcoZD8",NewsAlgebraIND,Sat Jul 25 13:22:31 +0000 2026,481,49,en
2080990248704852318,"🚨 CJP-GOVT JOINT PRESS CONFERENCE :

""After 37 days of protest, our first and key demand, Dharmendra Pradhan resignation has been fulfilled""

""All our demands have been accepted""

""All commitments agreed upon by the Government after 3 rounds of talks""

""We request the protesters https://t.co/dL36PlWdp2",NewsAlgebraIND,Sat Jul 25 12:15:12 +0000 2026,2501,236,en
2080987967439733121,Delhi High Court allowed an NGO to claim money from CJP (Cockroach Janta Party) protesters for the public and private property they damaged during their protest.​​​​​​​​​​​​​​​​​​​​​​​​​​​​​​​​​​​​​​​​​​​​​​​​​​ https://t.co/bWpLRNgfhX,Extreo_,Sat Jul 25 12:06:08 +0000 2026,106,13,en
2080991886303809712,"#Delhi: After talks between the CJP delegation and the government, during a joint press conference, CJP spokesperson Ashutosh Ranka says, “All our demands have been accepted. We request the protestors to peacefully withdraw the protest with immediate effect.”

#NEETIssue https://t.co/XdCNIUTKfC",airnewsalerts,Sat Jul 25 12:21:43 +0000 2026,58,10,en
2080982923927547936,"CJP rioters have started attacking Delhi Police shortly after the resignation of Dharmendra Pradhan.

At least two cops have been injured. Delhi police trying to control the situation.

#TimeToEndProtest https://t.co/pRAmTK94q3",ZiviiBloom,Sat Jul 25 11:46:06 +0000 2026,77,36,en
2080984586834813270,"Ground Reality Of CJP Protest :

Four more persons at different occasions, were randomly declared as ""Godi Media"" and brutally thrashed by CJP goons, at Jantar Mantar.

All these attacks on ""journalists"" are being livestreamed and celebrated on Instagram.

Abhijeet Dipke has not https://t.co/XpzcJpDO4U",treeni,Sat Jul 25 11:52:42 +0000 2026,399,182,en
2080986773359141289,"🚨 Sonakshi Sinha instantly made a reel after Dharmendra Pradhan resigned.

She has been posting 10–15 stories and reels every day about the CJP protest for a long time. Why is she so involved in this protest? She is behaving as if she herself is a NEET student. I haven't seen https://t.co/gX03pT6hHS",Tejashyy,Sat Jul 25 12:01:24 +0000 2026,1897,275,en
2080923764532150471,"CJP spokesperson Saurav Das -

""Govt will have to accept our non-negotiable demands today.

Dharmendra Pradhan's resignation is our non-negotiable demand.

We have told the govt if they don't agree to our this demand, then we call for a bigger protest"" https://t.co/qcoiq18eFE",NewsAlgebraIND,Sat Jul 25 07:51:01 +0000 2026,634,59,en
2079471053555056745,"The CJP protest was illegal, held without permission and under active Sec 163, BNSS. Even so, the state might have overlooked the defiance had it stopped there.

But then came the violence, arson, and assaults on security personnel. It will be a shame if the state fails to hunt https://t.co/dA8AmF4y0H",theskindoctor13,Tue Jul 21 07:38:28 +0000 2026,9847,2576,en
2080218177955672076,"Naara-e-Taqbeer, Allahu Akbar slogans raised at CJP protest, Jantar Mantar. 

Tell me how this is a bloody students' protest. Tell me how this is not Shaheen Bagh 2.0. https://t.co/kKmhEexCyD",UnSubtleDesi,Thu Jul 23 09:07:16 +0000 2026,10710,5017,en
2080852214290292784,"He joined CJP protest to speak against NEET paper leak 

but when he saw people abusing Modi ji, he confronted them.

He told them this protest is against NEET paper leak not against Modi ji

They called him Andhbhakt, lynched him.

Now he is in serious condition!. https://t.co/1JxEu6RGRo",FaithHistoryX,Sat Jul 25 03:06:42 +0000 2026,7385,3204,en
2080987973831864522,"""We formally call off the protest"": Cockroach Janta Party (CJP) https://t.co/TyprbL73JT",ndtv,Sat Jul 25 12:06:10 +0000 2026,239,15,en
2080989345679601768,"CJP spokesperson Ashutosh Ranka says, 

“All our demands have been accepted. We request the protestors to peacefully withraw the protest with immediate effect.” https://t.co/yXEVLj3UAd",CJP_for_India,Sat Jul 25 12:11:37 +0000 2026,4837,567,en
2080582162798236090,"Keep politics aside. I don't care which party you support.

I want to raise an important issue.

Narendra Modi is our sitting Prime Minister.

He is a man.

But the way hundreds of girls abused and sexually harassed him at the CJP protest is not okay.

All of them should be https://t.co/09bVZtGeQv",venom1s,Fri Jul 24 09:13:37 +0000 2026,12315,3633,en
2080994983264600403,"Delhi: After talks between the CJP delegation and the government, CJP spokesperson Ashutosh Ranka said during a joint press conference that all their demands have been accepted. He appealed to protesters to peacefully withdraw the protest with immediate effect. #CJP #Delhi https://t.co/XB30CmTxXQ",SikkimMedia,Sat Jul 25 12:34:01 +0000 2026,1,0,en
2080960281493357046,"As per sources, a former CJP member who was expelled from the CJP protest leaked CJP's future plan after being expelled.

The plan reportedly reached the government.

According to the ex-CJP member, there was a much bigger plan behind the CJP protest. They wanted to expand the",SaffronChargers,Sat Jul 25 10:16:08 +0000 2026,1212,231,en
2080935031112073607,"Now even Chandrashekhar Azad Ravan is openly expressing his anger at these CJP protesters.

According to him, they are not holding a peaceful protest. Instead, they deliberately clash with the police and throw bottles and stones at them.

He is also saying, ""Then why do you https://t.co/wT8P5pZ5qO",AMIT_GUJJU,Sat Jul 25 08:35:47 +0000 2026,1440,481,en
2080877323419791382,"This kid is literally becoming a nightmare for left Liberals 🔥

He is EXPOSING CJP Protest left right and centre with deep research 🔥

Liberals tried to silence him by copyright strike but now he’s ROASTING them at 10x speed.

More power to him 🙌🔥 https://t.co/ohkpE6nK3K",choga_don,Sat Jul 25 04:46:29 +0000 2026,12285,4476,en
2080850721076109557,"An elderly man arrived at the CJP protest in a wheelchair. 
Abhijeet Dipke stepped down from the stage to personally receive him because he thought the man would be a PM Modi hater. As soon as he arrived, the CJP protesters started raising anti-Modi slogans in front of him, https://t.co/b8q1Aw3SJe",SaffronChargers,Sat Jul 25 03:00:46 +0000 2026,22159,6642,en
2080156124414980117,"A feminist, communist, liberal, educated woman is asking people to donate money to her for students who committed suicide because of paper leaks. 😭😭

And I am sure, she is not the only one who is doing it.

All kind of illegal, immoral things are happening in garb of the CJP https://t.co/edJ9JD0hi2",Incognito_qfs,Thu Jul 23 05:00:42 +0000 2026,3880,1123,en
2080823388105523533,"🚨 One more so-called Instagram influencer is openly mocking CRPF and CAPF officers right in front of them.

According to his logic, if these officers had been standing at the border instead of at the CJP protest, the Pahalgam attack and the Pulwama attack would never have https://t.co/Bti6Jl4ZxP",Tejashyy,Sat Jul 25 01:12:10 +0000 2026,1827,653,en
2080988974160687453,"🚨 CJP formally calls off protest with immediate effect, says demands have been met by the Govt https://t.co/YIoofvoLzL",ShivAroor,Sat Jul 25 12:10:09 +0000 2026,5989,416,en
2080856977308332480,"When the police took Sonam Wangchuk from the CJP protest site to the hospital on the 21st day of his hunger strike, this video is from inside the hospital after that.

Look at how he is walking with his hands in his pockets, arguing loudly with the police officers. He forcefully https://t.co/WK0E4Gfo3r",SaffronChargers,Sat Jul 25 03:25:38 +0000 2026,6976,2637,en
2079471277426029033,If Modi ji appoints me as officer in CJP protest https://t.co/I0qpxG7p6e,ankit_acerbic,Tue Jul 21 07:39:21 +0000 2026,30311,3003,en
2080860939755442374,"One little kid came to the CJP protest to sell food and earn money to feed his family, but some CJP supporters threw it away, causing him a loss of ₹1,000.

He was standing there crying, but then one kind man came, gave him ₹2,000, and requested that he go home.

These https://t.co/WuR7fyXNuZ",Tejashyy,Sat Jul 25 03:41:23 +0000 2026,897,196,en
2080999637855453460,"Throughout the protest, CJP kept talking about accountability. Now the same questions will be asked of them.

When will Punjab Education Minister Harjot Singh Bains resign?

Even Instagram creators are now asking the same question.

Will Abhijeet Dipke, who is also an AAP worker, https://t.co/J2GROXdE8E",AMIT_GUJJU,Sat Jul 25 12:52:31 +0000 2026,676,229,en
2080992457190478154,"After talks with the government, Cockroach Janta Party (CJP) National Spokesperson Ashutosh Ranka said all of the group's demands have been accepted and appealed to protesters at Delhi's Jantar Mantar to withdraw peacefully and return home safely. He said the party would share https://t.co/iTsyp24INW",CNNnews18,Sat Jul 25 12:23:59 +0000 2026,1,0,en
2080975462281654351,"Abhijeet Dipke has now gone to a hotel to eat burgers and sleep.

Meanwhile, another man has taken his place on the CJP protest stage. He looks very similar to Abhijeet Dipke and even wears similar clothes.

Until Abhijeet Dipke returns, this man will keep giving speeches so https://t.co/vSkh9TwfCE",SaffronChargers,Sat Jul 25 11:16:27 +0000 2026,428,128,en
2079403803548529114,"Meet my Cockroach 🪳 friend 💀

&gt; I warned her 100 times not to go to the protest
&gt; She said she'd get ""generational content"" &amp; joined anyway
&gt; Now she got ""generational trauma"" from getting beaten
&gt; Doesn't know the full form of NEET
&gt; In fact, she thought NEET was spelled NEAT https://t.co/OlUEGYj3pb",SKumararchives,Tue Jul 21 03:11:14 +0000 2026,3054,389,en
2080953022860116238,"congratulations CJP for making an innocent man resign from his post.

thank you narendra modi ji for not letting hooligans &amp; foreign funded protest tear apart this country.

it is the black day for democracy but always remember dharmendra pradhan, history will be kinder to you. https://t.co/qQYSdhETyO",dudeitsokay,Sat Jul 25 09:47:17 +0000 2026,5039,753,en
2080997037018083397,#BREAKING: CJP calls off the protest at Jantar Mantar. Union Ministers JP Nadda and Jitendra Singh shake hands with CIP's Chief Spokesperson Saurav Das and its National Spokesperson Ashutosh Ranka after CJP withdraws its agitation. https://t.co/j6DnL0WQDl,AdityaRajKaul,Sat Jul 25 12:42:11 +0000 2026,3496,280,en
2080710107856511438,"WTF Is Happening At CJP Protest ?

A man allegedly chanted ""Har Har Modi, Ghar Ghar Modi"", he claims he didn't do so.

Within minutes, the CJP's Khap Panchayat took matter into its hands.

CJP goons mercilessly thrashed the man, for allegedly chanting a simple slogan.

CJP https://t.co/FlcXbW2w0n",treeni,Fri Jul 24 17:42:02 +0000 2026,2231,1188,en
2080972703742542294,"J. P. Nadda and Jitendra Singh are now meeting Saurav Das and Ashutosh Ranka again at the Constitution Club.

CJP has got everything it was asking for.

Now it's time to vacate Jantar Mantar and #RestorePeace in Delhi, which has been missing for so many days.",AMIT_GUJJU,Sat Jul 25 11:05:29 +0000 2026,586,115,en
2080985518897324480,"#WATCH | Delhi: After talks with the government, Cockroach Janta Party's National Spokesperson Ashutosh Ranka says, ""We held three rounds of discussions with the government delegation. Our protest at Jantar Mantar, which was going on for several days, had three main demands: https://t.co/erlp8eXgBz",ANI,Sat Jul 25 11:56:25 +0000 2026,1582,149,en
2080987882240831717,"VIDEO | Delhi: After talks between the CJP delegation and the government, during a joint press conference, with Union Ministers Jitendra Singh and JP Nadda, CJP 's Saurav Das says, ""The CJP declares that we withdraw the agitation in good faith and understanding that the agreed https://t.co/4kmBNDFER3",PTI_News,Sat Jul 25 12:05:48 +0000 2026,235,36,en
2079506629612261444,"Delhi police was standing peacefully.

A guy used pepper spray on Police.

When police started beating him, CJP Supporters started making videos to show police brutality.

Nobody will show the reality. https://t.co/qJiM0sWCOs",AnkurSingh,Tue Jul 21 09:59:50 +0000 2026,23453,7091,en
2081019151154622869,"Delhi Police has been announcing since 6 PM that everyone should return home peacefully.

But the CJP protesters who have nothing else to do still refuse to leave Jantar Mantar.

They've become so used to getting free food that they simply don't want to leave anymore. https://t.co/Kf3pLuuPkY",AMIT_GUJJU,Sat Jul 25 14:10:03 +0000 2026,105,27,en
2080987153396629666,BREAKING | CJP Agrees To Withdraw Protest,TimesNow,Sat Jul 25 12:02:54 +0000 2026,542,38,en
2080988913502679270,"VIDEO | Delhi: After talks between the CJP delegation and the government, during a joint press conference, CJP spokesperson Ashutosh Ranka says, “All our demands have been accepted. We request the protestors to peacefully withraw the protest with immediate effect.”

(Full video https://t.co/COyNV6Z815",PTI_News,Sat Jul 25 12:09:54 +0000 2026,102,16,en
2080995019755036994,"CJP calls off protest immediately l

BJP govt has met all demands of Protesters https://t.co/WZCIGwcdtb",gharkekalesh,Sat Jul 25 12:34:10 +0000 2026,1882,54,en
2080990577219534857,"After talks with the government, Cockroach Janta Party (CJP) Chief Spokesperson Saurav Das said the Centre has accepted the group's second key demand to withdraw FIRs filed against protesters in Delhi and BJP-ruled or BJP-allied states. Das said the government assured that copies https://t.co/f1Am9R9DHD",CNNnews18,Sat Jul 25 12:16:31 +0000 2026,3,0,en
2080029445231177783,CJP terrorists and Umar Khalid’s illegal sons attacked a Delhi Police officer. He is now in the ICU. https://t.co/H85icK6hPe,TajinderBagga,Wed Jul 22 20:37:19 +0000 2026,18270,7000,en
2080973510906876138,"Dharmendra Pradhan has Resigned

Forget ending protest, CJP Goons are instead pelting stones and are ready for big violence.

Why?

#RestorePeace https://t.co/aMWtQz6THk",AnkurSingh,Sat Jul 25 11:08:42 +0000 2026,533,214,en
2080616900300841174,"EXPOSING THE FRAUD AT THE CJP PROTEST!

Abhijeet Dipke just pulled off the biggest fraud of his career today. He staged a massive drama, claiming an active Uttarakhand Police constable was resigning from his job to support their protest.

Here is the REALITY: 👇

-Sher Singh was https://t.co/jTzRwUSX5j",AMIT_GUJJU,Fri Jul 24 11:31:39 +0000 2026,10801,4450,en
2079594808683979109,"Ground reporters, including female journalists, faced intimidation and heckling while attempting to report from CJP protest sites yesterday.

=&gt; First harass male and female journalists, then blame the media for not covering your protest. https://t.co/YgKqHFUykM",MeghUpdates,Tue Jul 21 15:50:14 +0000 2026,6155,3103,en
2080987026548249080,"VIDEO | Delhi: After talks between the CJP delegation and the government, during a joint press conference, Union Minister JP Nadda (@JPNadda) says, ""Today was our third meeting with Saurabh Das and Ranka Ji. Once again, we had a lengthy discussion. They came today with a written https://t.co/B01GLFbGec",PTI_News,Sat Jul 25 12:02:24 +0000 2026,304,34,en
2080987748702576997,"🔴#BREAKING | ""We formally call off the protest"": CJP announces end of students' protest at Jantar Mantar",ndtv,Sat Jul 25 12:05:16 +0000 2026,800,54,en
2080656375802458269,"BIG EXPOSE | CJP Protest

250 criminals visited Protest 
They created riot like situation 

Delhi Police FRS system has identified 250 wanted criminals who allegedly visited the CJP protest site.

Sources claim many of them were present to fuel violence and create a riot-like https://t.co/69QfmaZaMc",iAtulKrishan1,Fri Jul 24 14:08:31 +0000 2026,2260,1066,en
2080942750632157281,A single statement by the CJP led to the Education Minister's resignation after such a prolonged protest https://t.co/vECoHa1sQn,theprayagtiwari,Sat Jul 25 09:06:28 +0000 2026,3229,172,en
2079763204440572345,"A Nihang at the CJP protest is saying - If we start attacking, we'll beat everyone until their bodies are covered in bruises. We won't spare anyone, whether it's the police or anyone else. 

This protest is being presented as a students' protest, so where did these Nihangs https://t.co/MCKsBqrUc6",SaffronChargers,Wed Jul 22 02:59:22 +0000 2026,18644,5090,en
2080911808957972965,"From astrology to exclusive content, this wannabe now claims she was molested at a Temple during the CJP protest. https://t.co/5SGkwDPkTo",Kritical_62,Sat Jul 25 07:03:31 +0000 2026,413,76,en
2080479905444508116,"🚨 She is Instagram influencer Sunita Bhatt with over 200K+ followers. She has been making anti-BJP videos for a long time and has been covering the CJP protest since day one.

Now yesterday, she was threatening the Delhi Police to beat them with lathis. Just a few hours later, https://t.co/QJgbkcFgBj",Tejashyy,Fri Jul 24 02:27:17 +0000 2026,10286,2654,en
2079570839981453795,"Prime Minister Modi should be assassinated. If it were up to me, I would do it myself ~ A Peaceful Protestor at CJP Protest 

This shows the level of retardation of these cockroaches

Disgusting https://t.co/Wwq4MudI72",Tushar_KN,Tue Jul 21 14:14:59 +0000 2026,10706,4369,en
2080911901857624550,"EPSIODE:1 | Black Day For Indian Democracy 💔🥲 | CJP PROTEST | Abhijeet Dipke | CJP Protest Jantar Mantar | Delhi Protest | 20th July 2026 | CJP latest News | Priyanshu Rai 

#facts #abhijeetdipke #cjp #cjpprotest #delhiprotest #jantarmantar #cjp2026 #priyanshurai https://t.co/Uvu7Qw8UV9",RaiPriyanshu_12,Sat Jul 25 07:03:53 +0000 2026,1,0,en
2080627886269300956,"Meet Rhiya Ahir - the viral bus girl

- 27 years old
- Born and raised in Mumbai
- Daughter of an ITBP officer
- Psychology student and theatre artist
- Owns a clothing brand, 'Rhiyasath'
- Became the face of the Mumbai student protests in July 2026
- IG following grew from 3K to https://t.co/ksYRY2mOPZ",wrendom,Fri Jul 24 12:15:18 +0000 2026,3796,660,en
2080992683267629354,"The Cockroach Janta Party has announced that it is withdrawing the CJP protest and has asked all protesters to return home peacefully.

If anyone continues creating chaos at Jantar Mantar after this, it will be up to the Delhi Police to deal with them. https://t.co/qBFVRRQOXo",AMIT_GUJJU,Sat Jul 25 12:24:53 +0000 2026,774,215,en
2079579354343039195,"BREAKING : Times Now journalist Dev Kotak mob-Iynched and brutally beaten by CJP goons today.

They even looted his mobile, watch and specs.

CJP is NOT a student's protest, but run by a bunch of Anarchists and Hooligans.

Abhijeet Dipke is directly responsible for this. https://t.co/F34wFekGBP",treeni,Tue Jul 21 14:48:49 +0000 2026,3351,1930,en
2079141983151591488,"HEARTBREAKING : 💔

A young woman broke down in tears in front of police officer after the lathi charge during the CJP protest. 👇 https://t.co/FIEV26eJCM",Priyaa_Purohit,Mon Jul 20 09:50:52 +0000 2026,15044,4656,en
2080277559606964456,"Indira Jaisingh -

-Fought for Yakub Memon
-Wanted to lower the age of consent from 18 to 16
-Asked Nirbhaya’s mother to forgive her daughter’s rapists
-Defended anti-nationals eg Teesta Setalvad

And now she's supporting the CJP protest

Pathetic creature! https://t.co/cdYQd7SZJv",SaffronQueen_,Thu Jul 23 13:03:14 +0000 2026,6332,2582,en
2080536744999653642,"Meet Preeti Chaudhary, wife of a serving army man, who makes content on facebook.

Recently one of her reel reached 1 million views.

She suddenly started wearing uniform of her husband most probably to support CJP protest.

Talks against delhi police and makes allegations of https://t.co/IXGsl6uL2t",TheBongHead,Fri Jul 24 06:13:09 +0000 2026,2769,1020,en
2079975604846485588,"🚨 Another failed Muslim actor Imran Khan joined the CJP protest in Mumbai.

After Ayesha Khan, Sonakshi Sinha, and Urfi Javed, Imran Khan also joined the protest.

Just listen to the background chants: ""Jab Jab Modi darta hai, police ko aage karta hai.""

Why have Muslim actors https://t.co/G0EA1ZlcZj",Tejashyy,Wed Jul 22 17:03:22 +0000 2026,5301,1334,en
2080612704511807838,"Amid propaganda peddled on social media, Delhi Police releases CCTV footage of 20th July showing CJP goons breaking multiple barricades to head to Parliament despite multiple warnings, which led to a lathi-charge. https://t.co/TTLR3vzFLn",MeghUpdates,Fri Jul 24 11:14:59 +0000 2026,8153,2646,en
2080981721244463565,"Who are all these girls who suddenly showed up on the CJP protest stage, claiming credit for Dharmendra Pradhan's resignation and making reels?

They were never seen at the protest before.

So how did so many of them suddenly appear today just to celebrate?

Are they friends of https://t.co/VNsj0YCSRJ",SaffronChargers,Sat Jul 25 11:41:19 +0000 2026,326,90,en
2079974024126636200,"Shameful!

CJP Goons attacked Delhi Police https://t.co/gFvoqJuq9w",AnkurSingh,Wed Jul 22 16:57:06 +0000 2026,2894,1078,en
2079934945930473831,"For these South Delhi G-ndu Generation, CJP Protest is nothing but a tool to get Viral on Social Media!! https://t.co/ndtaBSNpRm",Iam_Rohit_G,Wed Jul 22 14:21:49 +0000 2026,3319,216,en
2080676037323903031,"These girls at the CJP protest are shouting extremely abusive and highly offensive slogans against India's Prime Minister Narendra Modi while laughing.

They are deliberately shouting abusive slogans at the Prime Minister just to become famous because they have no knowledge https://t.co/EbNETVskmH",SaffronChargers,Fri Jul 24 15:26:39 +0000 2026,1398,679,en
2080953762991235302,"Just as expected, CJP has no intention of ending this protest.

-Wangchuk's fast has ended.

-Dharmendra Pradhan has resigned.

Now Abhijeet Dipke has come up with three new demands

They just want to do Kejriwal style politics. https://t.co/rIPDKgOcya",AMIT_GUJJU,Sat Jul 25 09:50:14 +0000 2026,2547,461,en
2079256202090016862,"The Propaganda Machine Is Working  Overtime :

Sudhir Chaudhary labels the CJP protest ""Shaheen Bagh 2.0"". 🥵 https://t.co/LTOYj77PXg",Priyaa_Purohit,Mon Jul 20 17:24:43 +0000 2026,3616,724,en
2081005913041985809,"During peaceful UGC protest of Savarn Hindus : 
&gt; Ajeet Bharti was house arrested. 
&gt; Ruchi Tiwari was dragged on roads.
&gt; BJP govt remained silent.

During violant protest of CJP &amp; Bhim Army : 
&gt; CJP leaders were invited.
&gt; Narendra Modi responded. 
&gt; Dharmendra Pradhan https://t.co/6V4HxdfX9x",ImHydro45,Sat Jul 25 13:17:27 +0000 2026,297,102,en
2079955206138405236,My blood is boiling This CJP protest is about NEET students yet they are literally disrespecting Shri Ram. Do they really think they'll win by doing this https://t.co/C8RH1D43wh,ExposeDhonifan,Wed Jul 22 15:42:19 +0000 2026,2132,487,en
2079428633551392784,Another video shows CJP members attacking security forces and Delhi Police personnel. https://t.co/KPDQ2l3aEZ,TajinderBagga,Tue Jul 21 04:49:54 +0000 2026,4637,2574,en
2080152599093989407,"🚨 Nihang Sikhs are also exposing the CJP protest:

We came here to help the students, but some people are trying to provoke the police. The police are sitting peacefully, yet they are still being provoked.

They are damaging buses and public property, but at the end of the day, https://t.co/tkIqsGXAUA",Tejashyy,Thu Jul 23 04:46:41 +0000 2026,5507,1635,en
2080350521219797037,"This brave lady has reprimanded a Muslim reporter at CJP Protest 🚨🫡

Reporter: Do you think this protest will end the politics of BJP's Sanatan Dharma propaganda? 

She replied: ""First of all, Mind Your language before saying anything about Sanatan Dharma, and second if BJP is https://t.co/3QMltLdq18",CourageousRo,Thu Jul 23 17:53:09 +0000 2026,22130,3886,en
2080925418606272858,"#WATCH | Delhi: On the misleading and false information related to Jantar Mantar protest, DCP Central Rohit Rajbir Singh says, ""A protest has been going on at Jantar Mantar for the past several weeks by the Cockroach Janata Party... Information on social media goes viral very https://t.co/eStIyMXa1Y",ANI,Sat Jul 25 07:57:36 +0000 2026,1264,219,en
2080933087735935401,"BREAKING | 

Delhi Police Cracks Down on Misinformation Amid CJP Protest

Delhi Police says fake news, AI-generated videos, deepfakes and false social media narratives were used to create panic during the CJP protests at Jantar Mantar.

▪️ No woman died during the July 20 https://t.co/nC3Gry1GYc",iAtulKrishan1,Sat Jul 25 08:28:04 +0000 2026,39,24,en
2080735309982302516,"A man says Har Har Modi.
@abhijeet_dipke thugs descend on him and nearly lynch the man.
This is ‘CJP’ definition of peaceful protest.
In the heart of Delhi a murderous mob led by a woman ‘protestor’.
Violence: This is what this ‘protest’ is really about. https://t.co/r1vH0oW3wr",KanchanGupta,Fri Jul 24 19:22:10 +0000 2026,909,542,en
2080641793549561924,"&gt; Mohd Junaid is arranging foods and water at CJP protest since day one.

&gt; UP police has raided his house, his father and minor brother arrested.

&gt; Police also raided his sister's house, tortured and arrested her family.

&gt; Let's see how many people form CJP help him. https://t.co/4yLlPvBlzZ",_shiblee,Fri Jul 24 13:10:34 +0000 2026,8006,3496,en
2080925579814342668,"#LIVE | Delhi Police addresses Press Conference on CJP Protest 

#WATCH-https://t.co/g3gOJYcYse https://t.co/h7eY7yw2Ld",DDNewslive,Sat Jul 25 07:58:14 +0000 2026,125,19,en
2080987921121722497,"CJP has demanded that all legal cases filed against protesters and organizers be withdrawn, and that no future cases be registered against them.

Peaceful protesters should not be unnecessarily targeted. 

But those who damaged public property, vandalized vehicles, or attacked",FabulasGuy,Sat Jul 25 12:05:57 +0000 2026,328,70,en
2080954185412215144,"🚨 SHOCKING! 
CJP now adds new demand:

-&gt; Public Apology From RAF &amp; Delhi Police

They say protest won't end before this 🤯 https://t.co/d0bDTgncxS",Indian_Analyzer,Sat Jul 25 09:51:54 +0000 2026,431,72,en
2080596029582487930,"Delhi Police released CCTV footage from 20th July showing CJP goons breaking the barricades to head to Parliament, which led to a lathi-charge. https://t.co/W6cDrAjImr",treeni,Fri Jul 24 10:08:43 +0000 2026,6921,1989,en
2080992133775794533,"CJP agrees to withdraw protest 

Delhi police and RAF deployed at jantar mantar :  https://t.co/omHcdTfKVX",swatic12,Sat Jul 25 12:22:42 +0000 2026,74,4,en
2080988366892663285,"🚨 BIG BREAKING 

CJP has OFFICIALLY called off its protest after the Government ACCEPTED all of its demands.

— All FIRs against protesters will be WITHDRAWN. 
— Compensation for the family of the NEET student who died by suicide has been ACCEPTED.",MeghUpdates,Sat Jul 25 12:07:44 +0000 2026,607,193,en
2079684550926671878,"🚨Beware India !!  Deep State Conspiracy ! 
George Soros has Destroyed 40+Countries in the World ! 

🚨Now He wants to Destroy India And Some Traitors of India are Helping him in his Project ! 

➡️ 2019 -  Anti-CAA Riots ! 
➡️ 2020 - Delhi Riots ! 
➡️ 2021 -  Farmer Protests ! https://t.co/mzaaBHJEZE",MonaPatelT,Tue Jul 21 21:46:50 +0000 2026,5003,2542,en
2080918393054802177,"Hooliganism, vulgar abuses, mob-lynching, food porn, parties, dance, 'Taharrush', harassment of journalists, anti-Hindu statements— the CJP protest has shown everything.

But not actual aspirants. https://t.co/rbk1XkbAav",treeni,Sat Jul 25 07:29:41 +0000 2026,726,269,en
2080910586326695988,"CJP warned Yogi Adityanath.

 Saying, Yogi ji, stop paper leaks in your state. Otherwise, there will be a bigger protest in Uttar Pradesh than at Jantar Mantar.

But why only BJP-ruled states? Why not Karnataka and Punjab as well? https://t.co/XWPrfJaVq9",SpiderAlert24,Sat Jul 25 06:58:39 +0000 2026,340,120,en
2080597025968861235,"""I scored 96% in JEE Main, yet couldn't get into IIT Delhi. My friend scored 79% and got in.""

A student voices his frustration at the CJP protest: ""Why is no one talking about reservation?""

@RitikaChandola https://t.co/SZrH5ZtmHY",OpIndia_com,Fri Jul 24 10:12:41 +0000 2026,15459,5863,en
2078719404314075492,"GRWM To Join CJP Protest.

Now Big Revolution Will Come.

Not only Dharmendra Pradhan,
But Now Mudi Will Give Resignation.

🤡
#cjp https://t.co/r3RFNiuHD9",Dear_Men_Life,Sun Jul 19 05:51:41 +0000 2026,2181,305,en
2080199305000870236,"She is abusing Prime Minister of India &amp; also Prime Minister of Italy

Just listen to the language 

It is important to post these videos without any cuts &amp; blurs

Social Media &amp; Internet Impressions never die

This protest has now captured some highly abusive youth with clear https://t.co/Uy7tC2WYL2",FltLtAnoopVerma,Thu Jul 23 07:52:17 +0000 2026,1740,1260,en
2079023674154516525,"BOLD STATEMENT : I don't want to die before I actually die. 🔥

Journalist : During Anna Hazare's protest, we saw Aamir Khan, Anupam Kher, Amitabh Bachchan and many other actors speaking up. 

Why is no one coming forward for Sonam Wangchuk and CJP protest ?

Prakash Raj : They https://t.co/l1DSvXDuqh",Priyaa_Purohit,Mon Jul 20 02:00:44 +0000 2026,37638,6503,en
2080996186039935270,"VIDEO | Delhi: CJP spokesperson Saurav Das says, ""Democracy has been restored.""

(Full video available on PTI Videos - https://t.co/n147TvrpG7)

#Delhi https://t.co/pyk4nwaB1D",PTI_News,Sat Jul 25 12:38:48 +0000 2026,316,35,en
2080950520873910309,"VIDEO | Delhi: Addressing a gathering at Jantar Mantar, CJP founder Abhijeet Dipke says, ""If there is no Hindu Muslim politics, if there is only issue based politics, then big thrones will be shaken. When we rise above Hindu and Muslim politics and talk about issues, then it will https://t.co/ZBE5dlx0V9",PTI_News,Sat Jul 25 09:37:21 +0000 2026,2172,387,en
2079841999088476605,"""Mere Pass Puja Karne Ka Time Nahi Hain""

""Ram Mare huye""

-These are phrases being used in protest that was being portrayed and presented as student's protest!

Anti-hindu face of CJP protest is now for everyone to see. https://t.co/Tpz3J6SQFu",PoliticalKida,Wed Jul 22 08:12:28 +0000 2026,6846,2985,en
2080402213806223579,"Delhi Police is blatantly lying that no students are being illegally detained while they are on their way to, or returning from, the protest at Jantar Mantar.

They detained 20–25 students at Lodhi Colony Police Station. The SHO lied both on camera and in writing, claiming they https://t.co/m44f6j8BVs",ZiddiNaagrik,Thu Jul 23 21:18:34 +0000 2026,3954,1853,en
2080878706214764886,"Abhijeet Dipke: The BJP has sent goons and hooligans in the CJP protest who were responsible for the stone pelting and attack on police.

Then why was your Paw Paw, Aravind Kejriwal sitting at the Delhi Police station,with his team, for securing their release, Dipke ???? https://t.co/AfM7qrc8nh",PoornimaNimo,Sat Jul 25 04:51:59 +0000 2026,1751,792,en
2080984299717714285,Delhi police flags 400 people with criminal records near CJP protest using facial recognition system‼️‼️⁉️,Shibananda_M,Sat Jul 25 11:51:34 +0000 2026,3,3,en
2080993075405722085,"CJP ENDS 37-DAY PROTEST WITH PRADHAN OUT AND GOVT ON RECORD 🚨

SAURAV DAS 🔥: Pradhan is out. FIRs will be withdrawn, future targeting stopped and a written guarantee delivered by Tuesday.

JP NADDA: Govt agrees to maximum compensation under the rules and further talks on the https://t.co/iJol68y0C7",sharma_views,Sat Jul 25 12:26:26 +0000 2026,466,48,en
2079153366526218514,"Actor-activist #PrakashRaj joined the #CJP protest, holding up the Constitution as the crowd erupted in cheers.

(Video Credit: PTI)

#NEETProtest #Trending #Celebs https://t.co/SW94R4cvKy",filmfare,Mon Jul 20 10:36:06 +0000 2026,7184,1169,en
2080470324261630386,"Female Lallantop Journo Calls Out CJP Protest Now As Abusive &amp; ""Mela""

Journo:
""To be honest now recording video becomes difficult""

""When start recording only we hear is abuses""

""People coming here as if i is Mela""

""Earlier slogans Bharat Mata Ki Jai Now Just Abuses""
#cjp https://t.co/bdUuF2Bwa3",Dear_Men_Life,Fri Jul 24 01:49:13 +0000 2026,5518,1406,en
2080959956791214417,"Amid FIRs filed against 'criminals' for violence at the Delhi's Jantar Mantar protest, CJP makes new demand - Public apology from RAF and Delhi police 

@ShivAroor @PadmajaJoshi https://t.co/7HseFKNCIX",ndtv,Sat Jul 25 10:14:50 +0000 2026,29,5,en
2081014621608067136,"🚨 #BREAKING | CJP Calls Off Protest

Delhi: Following talks between the Cockroach Janta Party (CJP) delegation and the government, CJP spokesperson Ashutosh Ranka announced during a joint press conference that all of the party's demands had been accepted.

«“All our demands have https://t.co/v9qobch4re",Afternoon_Voice,Sat Jul 25 13:52:03 +0000 2026,0,0,en
2080987527356510385,"BREAKING | CJP Withdraws Protest, Asks Protesters to Return Home",TimesNow,Sat Jul 25 12:04:24 +0000 2026,367,20,en
2078898948656521567,"This Is Truly Heartwarming : ❤️

Specially-abled students at the CJP protest at Jantar Mantar are sharing their voices through sign language.👇 https://t.co/eWkCltO7no",Priyaa_Purohit,Sun Jul 19 17:45:08 +0000 2026,29148,6462,en
2079443179527684502,The Delhi Police slapping and hitting a 10 year old boy during the protest. https://t.co/OpKVRWg7oS,Cockroachisback,Tue Jul 21 05:47:42 +0000 2026,42360,13470,en
2079480078048862343,"CJP Protester at Jantar Mantar -

""Muslims are a hundred thousand times better than Hindus. It’s better to have Muslim friends than these Hindu friends"" 

""Her mother gives me food. Making Temple won't help"" 😳

CJP protest has nothing to do with NEET https://t.co/zWxC1SzizA",NewsAlgebraIND,Tue Jul 21 08:14:20 +0000 2026,14022,3963,en
2080925108471054647,"CRPF personnel has completely exposed the entire CJP protest.

He is currently deployed at Jantar Mantar, and every single word he said is absolutely accurate and powerful.

I was deeply moved by what he said, and I believe every Indian should listen to him and understand his https://t.co/ZwAhG9soj1",AMIT_GUJJU,Sat Jul 25 07:56:22 +0000 2026,9530,3498,en
2080959964437438666,"Meet Laraib Sheikh, a content creator on Instagram with approx 10k followers, runs and hits a journalist.

This happened in Kolkata CJP protest, where mob was attacking the journalist.

Lives in Kolkata, but zero fear of such behaviour on camera. https://t.co/ceIupPN0iy",TheBongHead,Sat Jul 25 10:14:52 +0000 2026,398,192,en
2080613467082674346,"Clarification

A video is being circulated on social media in which an individual claims to be a Delhi Police Sub-Inspector who had recently resigned from service to join the ongoing protest.

The claim is false. Verification of Delhi Police records has found no Sub-Inspector https://t.co/Y5ch8VuHtT",DelhiPolice,Fri Jul 24 11:18:01 +0000 2026,14101,5167,en
2080991614437318950,"VIDEO | Delhi: After talks between the CJP delegation and the government, during a joint press conference, CJP spokesperson Saurav Das says, “Whoever carried out these acts of violence, those anti-social elements who incited people against the media and the public, we condemn https://t.co/nwe6LPYzNG",PTI_News,Sat Jul 25 12:20:38 +0000 2026,3138,375,en
2080645266269749448,"#WATCH | Delhi: CCTV footages show instances of stone pelting and vandalism at various locations in the national capital during the protest held on July 20.

(Source: Delhi Police Sources) https://t.co/rGHSgBBlVm",ANI,Fri Jul 24 13:24:22 +0000 2026,8787,2814,en
2080439154643472596,CJP protest: The youth movement India's Modi didn't see coming https://t.co/RwIlrVx89C,BBCWorld,Thu Jul 23 23:45:21 +0000 2026,6506,1223,en
2080942779166085140,"Dharmendra Pradhan has resigned as Education Minister.

Considering the kind of chaos CJP protesters have created at Jantar Mantar over the past five days, this is the right decision.

Now they have no excuse left to stay there. If they still refuse to leave, then Delhi Police https://t.co/buGerhGpj0",AMIT_GUJJU,Sat Jul 25 09:06:35 +0000 2026,1191,148,en
2079848082032959518,"SHOCKING - CJP protestors abusing the Prime Minister's mother.

Preity Zinta is right. The protest is hijacked by Anti-Social elements. https://t.co/ywtsTeSH6n",NewsAlgebraIND,Wed Jul 22 08:36:39 +0000 2026,16862,5357,en
2080702250591350938,"Uttarakhand police constable Sher Singh arrived at the CJP protest stage full of enthusiasm, handed over his resignation/badge to Abhijeet Dicpe, and declared his support for the students’ movement. 

Reality: Sher Singh was already under suspension and has a criminal record. https://t.co/rVy2dwGCLX",KrishaAsiagh,Fri Jul 24 17:10:48 +0000 2026,3691,1200,en
2080998895648231784,"Cockroach Janta Party (CJP) has withdrawn its nationwide agitation with immediate effect, stating that all its demands have been accepted by the government. According to the party, these include: (1) maximum possible compensation for families of those who died by suicide in https://t.co/o10l8acpMB",TheStatesmanLtd,Sat Jul 25 12:49:34 +0000 2026,2,2,en
2080951808349122756,"CJP celebrates resignation of India’s Education Minister Dharmendra Pradhan. Yet CJP says won’t end protest until other demands are met:

Compensation of ₹1 crore for families of students who died by suicide.

Delhi Police public apology. Action against those who ordered",AdityaRajKaul,Sat Jul 25 09:42:27 +0000 2026,5468,404,en
2080936732422459463,"Chandrashekhar Azad -

""You CJP protestors are not holding a peaceful protest. You deliberately clash with the police and throw stones at them.
Then why do you complain when the police resort to lathi charge?""
 https://t.co/CaMKlIZpy0",NewsAlgebraIND,Sat Jul 25 08:42:33 +0000 2026,6393,1160,en
2080706007802777815,"Dear DU students of Delhi,

Please make sure you turn up in large numbers to the CJP protest, the moment DU opens up.

Time to respect the wishes of these bootlickers by completely ignoring them.",AshutoshRanka,Fri Jul 24 17:25:44 +0000 2026,7064,1316,en
2080937734387147236,"Heated argument between cops and CJP Protestors.

CJP makes wild allegation that police is stopping water and food.

They might protest to police HQ. https://t.co/TQwGgTysrA",NewsArenaIndia,Sat Jul 25 08:46:32 +0000 2026,813,92,en
2080286824858267893,Best reel from the CJP Protest till date 😭😭 https://t.co/Jtdp4GPb3t,ifOnlyKantala,Thu Jul 23 13:40:03 +0000 2026,8517,869,en
2080993250249433415,"CJP has ended its protest at Jantar Mantar, they had no option left.

But real thing to watch out will be- When &amp; On what issue will they Protest again.",ishkarnBHANDARI,Sat Jul 25 12:27:08 +0000 2026,507,66,en
2079390993535934880,"After CJP Protest, do you still support Modi Ji ?? https://t.co/33h0hmWsDo",sathyashrii,Tue Jul 21 02:20:20 +0000 2026,13285,1029,en
2080988852416545260,"#JustIn | Cockroach Janta Party withdraws its agitation
 🪳✊ #CJP Protest #Live Updates ➠ https://t.co/uzcG4xPKle 📋   #CJP #Delhi #DelhiProtest #NEET https://t.co/F9Sbcr6dbF",EconomicTimes,Sat Jul 25 12:09:39 +0000 2026,12,0,en
2080061556470006042,"Such uncouth language for a PM, their grandfather's age. CJP protest has unleashed wasted sperms who need well-σiled lathis. https://t.co/XygU27CTC1",Alpakanya,Wed Jul 22 22:44:55 +0000 2026,3814,1346,en
2079544491372134410,"Must Watch and Share :

A female CJP protestor pushes Delhi Police officer on ground, without any provocation.

Then the lady officer lathi charges her.

This video perfectly explains the turn of events yesterday at the CJP protest. https://t.co/7NGQs79mZq",treeni,Tue Jul 21 12:30:17 +0000 2026,3877,1035,en
2080441976147865862,"CJP supporters stopped a poor auto driver and harrased him. They have crossed every limit 

This won’t go viral because the Delhi Police aren’t the ones who did this https://t.co/sfDw01kVGK",chixxsays,Thu Jul 23 23:56:34 +0000 2026,3377,979,en
2080952615454855591,"#CJP Jantar Mantar Protest | 'Jhukti hai duniya, jhukane wala chahiye', #AbhijeetDipke's 1st reaction on #DharmendraPradhan's resignation  

Track LIVE updates  🔗https://t.co/HZMxdf38nB 

Dive deeper into the story with the TOI App 👉 https://t.co/EYjxlU7kcd

#CJP #Delhi https://t.co/rmiXEJhQY7",timesofindia,Sat Jul 25 09:45:40 +0000 2026,1597,154,en
2080683189199376642,"A young poor Brahmin student, who had come to the protest at Jantar Mantar with his sister, was reportedly attacked by CJP goons and Bhim army. 

There his phone was snatched and his sister was harassed in front of him. https://t.co/LUyPtMp6Tn",ankitdubeyji_,Fri Jul 24 15:55:04 +0000 2026,5525,2241,en
2080637208076369976,"WTF Is Happening At CJP Protest?

A journalist was randomly declared ""Godi Media"". 

And brutally beaten by a hundreds of CJP goons.

And people on camera are celebrating these mob attacks on journalists.

Instead of publicly conedming these mob attacks, CJP is shamelessly https://t.co/0p63fbqPew",treeni,Fri Jul 24 12:52:21 +0000 2026,1205,670,en
2080196646886125965,"Genuine question 

After the Delhi protest, will you still vote for BJP and Modi ji in 2029? https://t.co/BOZVN2Y1DT",Amara__Don,Thu Jul 23 07:41:43 +0000 2026,7401,375,en
2080138468374851695,"Imagine if members of Bajrang Dal and RSS also came to Jantar Mantar Delhi in support of Prime Minister Modi?

Then? Therefore, the CJP should control its people and refrain from making indecent and controversial comments about Lord Shri Ram. https://t.co/7kHiN9lGwk",HCP_2026,Thu Jul 23 03:50:32 +0000 2026,5413,850,en
2079809845868523878,"Big Big Expose 

Congress leaders including Rahul Gandhi did not want to raise Jantar Mantar CJP/Student Protest in Parliament.

They were pressurised by opposition parties to take up this issue because it was all over social media.

Students /GenZ should know about these behind https://t.co/W5mUVuGHp3",Saurabh_MLAgk,Wed Jul 22 06:04:42 +0000 2026,2045,566,en
2081003664173674722,"🎥 | Following talks with the CJP delegation, Union Minister JP Nadda said the Centre has agreed to provide copies of the FIRs related to the agitation and assured that no retaliatory action will be taken. He added that the government sympathises with the families of students who https://t.co/yR0wgAcR95",TheStatesmanLtd,Sat Jul 25 13:08:31 +0000 2026,0,0,en
2080970536197443865,Now that Dharmendra Pradhan has resigned it’s time to arrest every individual who raised anti-national slogans and abused Sanatan Dharma during the CJP protest. https://t.co/B6wa00BgjT,ExposeDhonifan,Sat Jul 25 10:56:53 +0000 2026,415,56,en
2079432456659476866,"Delhi police needs to clearly tell how many people are still under detention from yesterday's protest.

All the detainees should be released immediately.

@DelhiPolice",AshutoshRanka,Tue Jul 21 05:05:06 +0000 2026,7073,1529,en
2080913430509416525,"MEA spokesperson:

""I have been asked about the funding of the CJP protest many a time

I want to say that our intelligence &amp; investigation reveals there is no Foreign funding in it""

Another slap on the face of Godi Media and bhakts https://t.co/9IJNnfmuiB",Nher_who,Sat Jul 25 07:09:57 +0000 2026,13716,3407,en
2080986514645991784,Government promises that All FIRs filed by police in delhi and other bjp ruled states will be shared with CjP in 2-3 days and then all these FIRs will be withdrawn.  Also says no future action against protest organisers of CJP .,sahiljoshii,Sat Jul 25 12:00:22 +0000 2026,312,25,en
2079151627555287091,"Omar Abdullah took a auto in Delhi &amp; went to join CJP protest today, without any security 

While Hindus have to go on their holiest Amarnath Yatra amidst heavy army deployment in in his home Kashmir

And then these people call Hindus intolerant  https://t.co/SSO7jOoB65",GroFaZ_,Mon Jul 20 10:29:11 +0000 2026,5572,1334,en
2079153639701258699,"THIS IS A PEAK MOMENT 🥶🥶

A young woman lashes out at police during CJP protest as tensions escalated.👇 https://t.co/lp9R2WP1GG",Priyaa_Purohit,Mon Jul 20 10:37:11 +0000 2026,26010,4670,en
2080690579961479438,"RT if you want Arnab Goswami should visit Jantar Mantar to support CJP protest.

Nyvaan 🔥 🔥 

 https://t.co/NZ9sQlGof4",lalarahul25,Fri Jul 24 16:24:26 +0000 2026,3120,701,en
2079074731723260412,"WTH !

Truck loaded with stones have been parked at Jantar Mantar.

Are CJP orchestrating stone-pelting on Delhi Police?
https://t.co/meB46hlvaG",abdullah_0mar,Mon Jul 20 05:23:38 +0000 2026,10233,3888,en
2080980316865667213,"Demanding an apology from Delhi Police while continuing violence and vandalizing public property 

CJP supporters for you.. https://t.co/aPSNYlePG1",Viglnthindutva,Sat Jul 25 11:35:44 +0000 2026,1494,644,en
2079562512089985311,"Arnab dismantles Abhijeet Dipke, Sonam Wangchuk and fraud CJP protest 🔥 https://t.co/y2HgPu279A",Alpakanya,Tue Jul 21 13:41:53 +0000 2026,19709,5042,en
2080210449015177336,20 July 1:30 PM : Sharing a clear video showing how the violence was started by CJP supporters. Delhi Police personnel can be seen trying hard to control the situation and prevent further escalation. https://t.co/kU1qiuRyG0,TajinderBagga,Thu Jul 23 08:36:34 +0000 2026,5681,1890,en
2080880506871406746,"For any such Police harassment , Legal Advice related to GenZ / CJP protest

Plz send Wattsapp Message on Free Helpline 8588833548",Saurabh_MLAgk,Sat Jul 25 04:59:08 +0000 2026,2394,953,en
2080924490507211094,"Investigative agencies probing the CJP-linked protests in Delhi, which were projected as a students’ movement, have reportedly uncovered disturbing details about the composition of the crowd. According to the findings using FRS, nearly 2,000 participants had criminal records,",PrinceArihan,Sat Jul 25 07:53:54 +0000 2026,573,246,en
2080561653276369087,"Delhi Police

Here are the faces who Abused PM Modi 
Protest is fine but such abuses and Anti India stand is not acceptable 

Arrest Them! @DelhiPolice https://t.co/kSIfZbgByC",JaipurDialogues,Fri Jul 24 07:52:07 +0000 2026,20601,9940,en
2080993607759311085,"CJP has withdrawn protest, if anybody creates anarchy, delhi police has full right to smash the shit out of them",SANTANI_SUPREME,Sat Jul 25 12:28:33 +0000 2026,2,1,en
2081000147173908953,Mamata Banerjee was to join the CJP protest on Monday. But they called it off. https://t.co/0wO70gWcgD,SudhanidhiB,Sat Jul 25 12:54:32 +0000 2026,376,26,en
2080953012076601404,Again from cjp protest -  https://t.co/HIE7kbaJxe,Extreo_,Sat Jul 25 09:47:14 +0000 2026,585,95,en
2080869294364139957,"VIDEO | CJP protest in Delhi: CJP spokesperson Ashutosh Ranka says, ""We expect to receive a written agreement today on the issues of compensation and legal action. We also expect a response to the core demand of this movement, the resignation of Union Education Minister https://t.co/SRJVhcvSNF",PTI_News,Sat Jul 25 04:14:35 +0000 2026,275,49,en
2078840773056065804,"PUBLIC ADVISORY 

In view of reports of a proposed march to Parliament by CJP on 20.07.2026 (Monday), Delhi Police hereby categorically clarifies  that no permission has been sought or granted for any such protest march/procession.

Prohibitory order under Section 163 BNSS",DCPNewDelhi,Sun Jul 19 13:53:57 +0000 2026,23688,5198,en
2079082024917422300,Not one NEET aspirant who attended CJP Protest qualified NEET.,Being_Humor,Mon Jul 20 05:52:36 +0000 2026,11795,1050,en
2079587770717323603,"According to a top YouTube journalist who has been covering the CJP protest,

Around 8,000 food orders were delivered at the CJP protest today. Most of the orders were for pizza, burgers, chole bhature, and biryani - all expensive food items.

Even if we assume the average cost",SaffronChargers,Tue Jul 21 15:22:16 +0000 2026,4544,1017,en
2080979790409199939,"The Delhi High Court has granted permission to an NGO to file a case of recovery of compensation due to damage of public &amp; private property by the CJP protestors.

(Those who have vandalised public or private property should be made liable to compensate for the losses.)",MeghUpdates,Sat Jul 25 11:33:39 +0000 2026,843,285,en
2080959613571309585,"“We have done it,” said CJP founder Abhijeet Dipke as celebrations broke out at Jantar Mantar following Dharmendra Pradhan’s resignation. Protesters raised slogans of “Democracy won” as the CJP claimed victory after weeks of agitation.

#DharmendraPradhan #cjp #JantarMantar https://t.co/SrDUphEadp",DeccanHerald,Sat Jul 25 10:13:28 +0000 2026,1,1,en
2080195406148091927,"""Will Frame You In Drug Case"": Mumbai Cop Suspended For Threatening Protesters
https://t.co/Q1Ep8Mqiyj https://t.co/nMbdK0G9QH",ndtv,Thu Jul 23 07:36:47 +0000 2026,9142,1624,en
2081002063589413226,"CJP Saurav Das: ""We are ending the protest.""

Union Minister Jitendra Singh : Saurav ..With immediate effect."" 😀

#JantarMantar  https://t.co/lsdHYhCHkT",hemantrajora_,Sat Jul 25 13:02:09 +0000 2026,719,50,en
2080277067514671492,"Arijit Singh on CJP protest : ""I do not support CJP. They are not genuine students. If you disagree with my opinion, you are free to delete my songs from your playlists and forget that I exist.""

After viral graphics claimed he backed the group, he clarified that he does not https://t.co/8PTIHeS0xl",PoornimaNimo,Thu Jul 23 13:01:17 +0000 2026,4957,1556,en
2080944999412433236,"What next for the protests as Dharmendra Pradhan quits as Union Education Minister?

""CJP, Opposition might claim victory, and there might be a victory rally tomorrow among the protesters,"" says @SardesaiRajdeep.

#Delhi #NEETPaperLeakCase #DharmendraPradhan #StudentProtest https://t.co/QmU0yAICTi",IndiaToday,Sat Jul 25 09:15:24 +0000 2026,954,111,en
2080953161456775643,"So they took U turn now . They will not end protest . 
Now the demands are 

Compensation of ₹1 crore for families of students who died by suicide.

Delhi Police public apology. Action against those who ordered lathicharge on students.
More you will bow down more they will rise",VIKRAMPRATAPSIN,Sat Jul 25 09:47:50 +0000 2026,599,122,en
2080634865360482520,"🚨 DEEPFAKE VIDEO ALERT! 

Pakistani propaganda accounts are circulating a video of Prime Minister @narendramodi featuring fabricated statements that he never made regarding the protest in Delhi. 

#PIBFactCheck:

❌ This is an '#AI-generated deepfake video' shared to mislead the https://t.co/OEZHxjlKsz",PIBFactCheck,Fri Jul 24 12:43:02 +0000 2026,5852,1813,en
2079185840950088110,"While cockroaches are making reels, 

Delhi Police saved a life of a protestor who lost consciousness during the protest. 

However, international media won’t cover this. https://t.co/UvBgSVRtoj",divya_gandotra,Mon Jul 20 12:45:08 +0000 2026,22299,5899,en
2080896074194260060,"Did you notice?

There hasn't been a single CJP protest in Uttar Pradesh yet.
You probably know the reason. 

Bulldozer Baba Yogi Adityanath 💀😎 https://t.co/O0PisN1zib",HCP_2026,Sat Jul 25 06:00:59 +0000 2026,2810,273,en
2079067198447145282,"Delhi police are acting like Taliban. How can someone be so irresponsible?    

BJPigs are creating ruckus on the protest site but instead of stopping them, police is openly giving them the excuse to create ruckus.
#DharmendraPradhanResign https://t.co/dnf0zYWcZL",ripper_dhruvaa,Mon Jul 20 04:53:41 +0000 2026,9164,2205,en
2080990814017343829,"The game of fraud CJP

1) Everything was well-planned. 
2) NEET anger was real. Govt. was spooked.
3) Overnight, AAP supplied some boys for forming ""CJP"", and took full instructions from Modi, Shah, RSS.
4) Dipke was launched with fanfare. A non-entity, raised to minor stardom,",sandeep_PT,Sat Jul 25 12:17:27 +0000 2026,1306,405,en
2081001149499682960,"VIDEO | Delhi: CJP Protesters celebrate at Jantar Mantar as Dharmendra Pradhan resigns. 

CJP leader Ashutosh Ranka says, ""The government has agreed to withdraw all FIRs registered so far by Delhi Police or other agencies related to the protests. It has also been agreed that in https://t.co/6n4r4crtPe",PTI_News,Sat Jul 25 12:58:31 +0000 2026,527,75,en
2080520137082614226,"Is The CJP Protest Still Only About NEET, Or Has It Become Something Bigger??

In this video, I share my personal opinion on the ongoing CJP movement, discuss the NEET controversy, the government’s response, and why I believe every citizen should examine any public movement https://t.co/QQfGFgoAtt",AugadhBhudeva,Fri Jul 24 05:07:09 +0000 2026,2051,789,en
2080987568175526272,CJP has called off its protest at Delhi Jantar Mantar https://t.co/d9Ez9DUsnb,Vignesh_twitz,Sat Jul 25 12:04:33 +0000 2026,109,15,en
2080941502768025981,"VIDEO | Delhi: As Union Education Minister Dharmendra Pradhan posts a letter, saying he has sent his resignation to PM Modi, CJP founder Abhijeet Dipke says, “We have done it. Dharmendra Pradhan has resigned.”

(Full video available on PTI Videos - https://t.co/n147TvrpG7) https://t.co/M7XmkgYhRG",PTI_News,Sat Jul 25 09:01:30 +0000 2026,3930,649,en
2080930666754277561,"VIDEO | On CJP protest in Delhi, DCP Rohit Rajbir Singh says, ""As you are aware, the protest has been taking place under the banner of Cockroach Janta Party (CJP) for the past several weeks. One notable aspect of this protest is the extensive use of social media, particularly https://t.co/uIVQ6EqwNg",PTI_News,Sat Jul 25 08:18:27 +0000 2026,128,17,en
2080943385993707708,"VIDEO | Delhi: As Union Education Minister Dharmendra Pradhan posts a letter, saying he has sent his resignation to PM Modi, CJP founder Abhijeet Dipke says, “Dharmendra Pradhan has resigned. This is the proof that if you don’t get scared, if you don’t bow down in front of this https://t.co/ztgGjB21uu",PTI_News,Sat Jul 25 09:08:59 +0000 2026,2036,324,en
2080909881297731944,"This isn't Gen Z, it's Gen C.

In the name of a ""peaceful protest"", the only competition at the CJP protest is who can hurl the filthiest abuses at Modi Ji.

Not even once throughout the entire day does anyone at Jantar Mantar talk about NEET or students anymore. https://t.co/uwrBHKUu1O",AMIT_GUJJU,Sat Jul 25 06:55:51 +0000 2026,307,135,en
2080995760456216658,"Internet, metro, liquor shops:‼️ 

What is restricted in Delhi amid CJP protest‼️⁉️ https://t.co/umPFXWypvm",Shibananda_M,Sat Jul 25 12:37:06 +0000 2026,0,0,en
2079220124536688688,"Even Pro CJP Media is calling out Violent CJP Protestors.

Jurno 1:
""I'm saying this many times Pelting Stones is not good""

""By this you are weakening your movement""

Jurno 2:
""By stone pelting CJP has tarnished its protest""

""Now Police will have right to retaliate""

#cjp https://t.co/0VDxGq5n24",Dear_Men_Life,Mon Jul 20 15:01:22 +0000 2026,4392,1128,en
2079500071968846230,"This is the Reality of CJP Protest 👇

#AAPHelplineForStudents #DelhiProtest #CJPProtestUpdate https://t.co/qAeCkVMLVg",sumitjaiswal02,Tue Jul 21 09:33:47 +0000 2026,7864,2295,en
2079760934818476187,"Prime Minister Modi should be assassinated. If it were up to me, I would do it myself: A Peaceful Cockroach at CJP Protest

Imagine the audacity: calling PM Modi a dictator while openly issuing assassination threats, and than walking free https://t.co/3REFwJk4Cp",MeghUpdates,Wed Jul 22 02:50:21 +0000 2026,3583,1492,en
2080936384005894455,"VIDEO | Delhi Jantar Mantar Protest: CJP spokesperson Saurav Das, says, ""Our food and water is being stopped. Is Delhi Police trying to deprive people of food and water? Let the Delhi Police clarify its position. Instead of listening to the demands of the youth, the https://t.co/BJo8OCTAV5",PTI_News,Sat Jul 25 08:41:10 +0000 2026,521,72,en
2080986055847875019,"VIDEO | Delhi: Addressing a joint press conference with Union Ministers Jitendra Singh and JP Nadda, CJP 's Ashutosh Ranka says, ""Over the past few days, we have had three rounds of discussions with the government's delegation. Our protest at Jantar Mantar had been going on for https://t.co/AB2FuX7Bic",PTI_News,Sat Jul 25 11:58:33 +0000 2026,142,26,en
2080908216024846474,"WTF Is Happening At CJP Protest ?

Two more female journalists were targeted, heckled, harassed, and molested by blood-thirsty CJP goons at Jantar Mantar.

All these attacks on women are being livestreamed on Instagram, and CJP goons at Jantar Mantar are celebrating it.

Abhijeet https://t.co/WAPlRL6Pof",treeni,Sat Jul 25 06:49:14 +0000 2026,352,208,en
2080996330584059921,Will actually Support CJP if they do a Protest on Reservation and demand removal of Reservation https://t.co/bfqKYq3Jib,JaipurDialogues,Sat Jul 25 12:39:22 +0000 2026,1188,266,en
2079184033494548721,"CJP protest site has been cleared by Delhi Police.

Look at the condition: how messy it looks... Garbage everywhere.

These cockroaches are the first to abuse India for being dirty, and this is what they themselves do... Will their father clean this up? https://t.co/IpYnfeXdUN",Mrsinha,Mon Jul 20 12:37:57 +0000 2026,7919,1663,en
2080960281803641086,"Finally the CJP protest is over!
Now I can enjoy my normal reels on Instagram 😭",Kairavii_Rajput,Sat Jul 25 10:16:08 +0000 2026,291,49,en
2080860456106049641,🔴#NewsAlert | Delhi's Jantar Mantar protest probe: 400 'criminals' detected between 20 July and 24 July via facial recognition system; 15 FIRs lodged: Delhi police sources to NDTV,ndtv,Sat Jul 25 03:39:27 +0000 2026,7362,1109,en
2080957927339512260,"This MCD cockroach Abhijit is demanding an apology from the Delhi Police for doing their duty, during which many officers were nearly killed by CJP goons.

Modi Ji you should post a video tonight stating that the government will not entertain this demand and warning that if",bholination,Sat Jul 25 10:06:46 +0000 2026,609,98,en
2080268752738984138,"The Christian Church joins the CJP protest.

Pastors of the Church march to join the protestors of the CJP.

The new FCRA rules will stop funding of Christian missionaries in India.

The new FCRA rules also prohibit conversion activities of all NGOs.

I was expecting this. https://t.co/A5SHhh2wJ5",PoornimaNimo,Thu Jul 23 12:28:14 +0000 2026,3423,1779,en
2080978062230069367,"Vijayta Dahiya is showing his true colours. This is the reality of CJP.

Now he is resorting to Islamophobia.

Muslims were desperate to protest behind him, and the first video he has posted is of him mocking Islam. https://t.co/FNMuE65XaT",Sarcaztick,Sat Jul 25 11:26:47 +0000 2026,300,55,en
2080901880675483853,"This is the scene at the CJP protest site today at 9 AM.

The crowd is about the same as yesterday. Considering it's the weekend, it should have increased by now, but it looks like the crowd will grow in the evening.

Even outside the protest site, the crowd is still nowhere near https://t.co/ZPrvDfcpHH",AMIT_GUJJU,Sat Jul 25 06:24:04 +0000 2026,306,60,en
2079947660434509922,"Reality of CJP leaders and the Protest! 
#cjp https://t.co/WEsezf35lh",RitikaChandola,Wed Jul 22 15:12:20 +0000 2026,2602,717,en
2080008850628035056,"At the CJP protest, a truck suddenly arrived at night loaded with blankets, bedsheets, mats, and mattresses, which are being distributed to the protesters. Every possible facility is being provided so that the protesters stay in Delhi and do not leave.

Preparations are being https://t.co/lo1oYHYXNh",SaffronChargers,Wed Jul 22 19:15:29 +0000 2026,4104,1513,en
2078351152790614417,"Remember Ramdev Baba's protest against corruption in 2011? 

- Police fired tear gas at the sleeping protesters

- Lathicharged them in the midnight

- SC took suo motu &amp; lashed Congress due to extreme violence 

On the other side, Modi govt allowed CJP protesters to peacefully https://t.co/g8WQOp5v1b",erbmjha,Sat Jul 18 05:28:23 +0000 2026,4245,1330,en
2079771007305568560,"People at the CJP protest are now showing up wearing protective gear like security forces, and they're telling other protesters to buy the same equipment.

One of them is saying that protesters shouldn't be the ones getting injured - the police should. He's urging everyone to buy https://t.co/jrvkt5GAeU",SaffronChargers,Wed Jul 22 03:30:23 +0000 2026,4319,1487,en
2080970672822518187,"Kanhaiya Kumar, who once called himself a student leader, was completely absent during the CJP protest. He was enjoying himself, sleeping in air-conditioned comfort, and did not make a single statement in support of the CJP protest or participate in it for even one day.

Students https://t.co/WbTRq1w62Q",SaffronChargers,Sat Jul 25 10:57:25 +0000 2026,271,79,en
2079600201174749303,"Only person in CJP Protest who talked sense and idiot youtubers like Sarthak are sharing it as a Joker.

Sarthak had no answer to his arguments so just laughed and moved away.

He calls himself a Journalist. https://t.co/qEsutSM3UY",AnkurSingh,Tue Jul 21 16:11:39 +0000 2026,10153,1799,en
2080307891094147240,"Ali Amjad, a deeply religious Muslim from Kerala who joined the protest at Jantar Mantar, said that seeing CJP is exactly how Islam describes the signs of the end of the world.

He is not just devout; he is a geopolitical expert too. According to him, Modi committed a blunder by https://t.co/wiErv2eqMr",RevolutionMonk,Thu Jul 23 15:03:46 +0000 2026,2279,816,en
2080209326497767877,"Sword-wielding Nihangs were assaulted by CJP protesters and are now seeking help from the Delhi Police.
 https://t.co/ajBz5pICal",rishibagree,Thu Jul 23 08:32:06 +0000 2026,6043,1402,en
2080910853298323626,"This video is absolute cinema. by far the best from CJP protest

Couldn’t resist sharing this again and again.🔥 https://t.co/Ef1jI7xxIZ",FabulasGuy,Sat Jul 25 06:59:43 +0000 2026,452,156,en
2079565288841076838,"Without Doing His Graduation He Managed To Appear For NEET Exam 😅

A viral interview from the CJP protest has sparked widespread discussion online after a participant was questioned about NEET. One can make out what’s really happening there 😂

According to information https://t.co/mUWz54vN4m",AugadhBhudeva,Tue Jul 21 13:52:55 +0000 2026,2104,581,en
2080234637339791731,"The Nihang Sikhs who came to support the CJP protest are now disappointed themselves.

They are saying that people here are consuming drugs, deliberately pelting stones at the police, and creating riots.

It took them just two days to realize what was happening here. But the https://t.co/6iV3jyL9zq",AMIT_GUJJU,Thu Jul 23 10:12:41 +0000 2026,13772,4550,en
2080186814850388367,"“Ram Mandir or whatever the f*** it is,” says a CJP protester in Delhi

Such contempt is reserved only for Hindu symbols. The same person won’t dare use this language for Babri structure let alone the structure in Mecca Medina 

This is the mindset the CJP and its promoters are https://t.co/SDQoAsawqs",swati_gs,Thu Jul 23 07:02:39 +0000 2026,4609,1787,en
2079834108105208193,"THIS EPIC GRILLING : 🤣🤣

Journalist : We were assaulted by CJP protesters.

Kalyan Banerjee : Then why did you go there to cover the protest ? You are Godi Media. https://t.co/46fx0FXOO9",Priyaa_Purohit,Wed Jul 22 07:41:07 +0000 2026,20672,2897,en
2080929707458228599,"Bhakts : There is Chinese , American and Pakistani conspiracy behind the CJP Protest.

MEA : We have no such information.

Bhakts started getting trolled.

MEA under pressure: Just to clarify we didn’t say there is no conspiracy, we just said we have no information yet.

What a",RoshanKrRaii,Sat Jul 25 08:14:38 +0000 2026,619,121,en
2079572422710395199,"She is the same woman who was targeting Modi ji during rishikesh protest.

After gov accepted the protesters demands now she went to support CJP. https://t.co/Qpyil36GKY",FaithHistoryX,Tue Jul 21 14:21:16 +0000 2026,4001,1020,en
2080883974235460019,"Nihang Sikhs are now beating CJP protesters at Jantar Mantar.

According to them, this is no longer a protest. It's a fair. People come here only to hurl abusive slogans, mess around, and throw stones or bottles at the police.

This is no longer a peaceful protest. They say https://t.co/7y1NOo8xq1",AMIT_GUJJU,Sat Jul 25 05:12:55 +0000 2026,498,158,en
2079593915859304684,"#DeepStateDipke | Did the US know about the Delhi protests before they happened? Arnab puts the timeline, the alleged toolkit, and the questions surrounding the Delhi protests under the scanner tonight.

Watch #NationsSharpestOpnion now, on-air, and online. Tune in and fire in https://t.co/bYIwiqRuhG",republic,Tue Jul 21 15:46:41 +0000 2026,2193,953,en
2079500608709738790,"Around 1 lakh farmers are coming to Delhi to protest against the India-US trade deal. 

There is already a student protest going on in Delhi, Modi is no longer able to handle the country, he should resign now. https://t.co/kJLc2u15Fb",Honest_Cric_fan,Tue Jul 21 09:35:55 +0000 2026,15874,2249,en
2080884566215241858,"Big News: Delhi Police, using Facial Recognition System cameras identified over 2,000 individuals with criminal records who had gathered at Jantar Mantar. Out of them, 450+ were history-sheeters.

That says a lot about who chose to join the protest. https://t.co/m9Fh1ZRpaU",Mrsinha,Sat Jul 25 05:15:16 +0000 2026,10390,2873,en
2080919973720125466,"VIDEO | Delhi: On Anti-paper leak bill, CJP spokesperson Saurav Das says, ""That was our demand as well, that the punishment be increased from three years to 10 years. But all of this comes into play only after a paper leak has occurred. What are you doing to prevent paper leaks https://t.co/ftawT7jC1t",PTI_News,Sat Jul 25 07:35:58 +0000 2026,2505,383,en
2078766572399948012,"SHOCKING NEWS 🚨 Calls for the restoration of Article 370 were raised from the CJP protest stage by a J&amp;K MP 😳

Wangchuk calls it a ""Freedom March""

Demands raised for Umar Khalid and the restoration of Article 370 by CJP.
 https://t.co/uuO1GT8pG6",NewsAlgebraIND,Sun Jul 19 08:59:07 +0000 2026,5729,2231,en
2081005135694848285,"VIDEO | Delhi: CJP leader Ashutosh Ranka says, ""The struggle of 37 days... One and a half months since we first came here. The youth of this country has woken up. It has fought for its rights. It has fought for what is right. And today, finally, our demands have been accepted. We https://t.co/MrHp0dwUZ3",PTI_News,Sat Jul 25 13:14:22 +0000 2026,287,28,en
2080945003820720240,#WATCH | Delhi: Moment when Union Education Minister Dharmendra Pradhan resigned from his post; visuals from the protest at Jantar Mantar https://t.co/6YNf9LN3bN,ANI,Sat Jul 25 09:15:25 +0000 2026,11594,1405,en
2080976696673767810,"Now that the CJP protest has ended,

Fraud Neha Bora from AISA should stop her acting as well. 😭🤣

Someone should learn from her how to go on a hunger strike while eating mutton biryani! 😹👇 https://t.co/lRNtBjyw5z",AMIT_GUJJU,Sat Jul 25 11:21:21 +0000 2026,421,87,en
2080165388487405692,These CJP Terr*rists who is responsible for the Delhi riots. I have arranged everything…Agree..? https://t.co/Tb4Huf3ETC,Amara__Don,Thu Jul 23 05:37:30 +0000 2026,6305,2157,en
2080188853542162801,"Naseeruddin Shah rakes up '2002' while speaking on the 2026 CJP protest.

2002 still hurts them!!!

It was the day when they lost their street power in Gujarat. https://t.co/CUIB5LgUUg",rishibagree,Thu Jul 23 07:10:45 +0000 2026,9059,1834,en
2079217527490859237,I said this on the 8th of June. More than a month and a half ago. The CJP protest was the Delhi anti-Hindu Riot playbook and the Jantar Mantar protest site was their version of Shaheen Bagh. https://t.co/NxnDlDdJYj,UnSubtleDesi,Mon Jul 20 14:51:03 +0000 2026,4804,1702,en
2080957957966377314,"According to sources now CJP is travelling to Punjab tonight, from tomorrow onwards protest will be against Punjab government 🔥",garg_trupti,Sat Jul 25 10:06:54 +0000 2026,681,69,en
2080939517713010932,"The Delhi Police press conference has exposed the misinformation campaign surrounding the protest at Jantar Mantar.

Key takeaways:

• Delhi Police said there was no death of a woman due to police firing, contrary to viral claims.

• Police rejected claims of a crackdown on https://t.co/R5nyTaXAup",amitmalviya,Sat Jul 25 08:53:37 +0000 2026,769,236,en
2080123814214836587,"#WATCH | Delhi: Founding President of Cockroach Janta Party, Abhijeet Dipke says, ""People are being sent from outside to deliberately disrupt the protest. We have been sitting here for a month. No such incident has happened in a month. But now, as this protest has grown, goons https://t.co/eqSeYcfhm1",ANI,Thu Jul 23 02:52:18 +0000 2026,17361,3252,en
2080194094077493562,"#WATCH | Delhi: Head Constable Balram, who was injured during the CJP protest yesterday, says, ""I was on protest duty, crossing the road from Parliament Street near the Regal Building. A crowd was following me. Someone stabbed me from behind, causing a lot of bleeding. I was then https://t.co/CM0HfrSBjO",ANI,Thu Jul 23 07:31:34 +0000 2026,4762,1391,en
2080948010809262563,"As per sources,

CJP and anti India elements were planning to use Dharmendra Pradhan's resignation as an excuse to march towards the Red Fort on 15 August.

If such a march had taken place on India's Independence Day, it could have created major chaos and ruckus due to security https://t.co/LIb8C0ArXa",AMIT_GUJJU,Sat Jul 25 09:27:22 +0000 2026,870,129,en
2080999745041170800,"Close of a chapter
Beginning of new education era 

Jai Hind 

We will fight back when needed 

Protest ended 
Back to home 

#DharmendraPradhan #cjp #protest 
#JantarMantar  #delhi #SonamWangchuk",cockroachyz,Sat Jul 25 12:52:56 +0000 2026,1,1,en
2080651040895152475,"GenZ movement has reached Delhi Univerity. As per CJP call for protests, this was organised at Arts Faculty , DU

 https://t.co/WUWNITevvU",Saurabh_MLAgk,Fri Jul 24 13:47:19 +0000 2026,5355,1349,en
2078743065666404856,"🚨 SHOCKER! J&amp;K MP demands RESTORATION of Article 370 from the CJP protest stage at Jantar Mantar. 

What started as a student movement against the NEET paper leak is now hosting calls for the restoration of Article 370.

=&gt; Their masks are slowly coming off.",MeghUpdates,Sun Jul 19 07:25:42 +0000 2026,1892,1193,en
2080883819411067308,"This Bimboo is Assam’s Disaster Management Minister @keshab_mahanta’s daughter. She first abused PM @narendramodi ji, now in another video she is saying that she is so proud of being part of the protest and stands with every issues raised by CJP. 
Fine that means she disagrees https://t.co/McMku7RyvP",SouleFacts,Sat Jul 25 05:12:18 +0000 2026,744,428,en
2079056517001822225,"Why are Delhi police acting like Taliban?

Why has Delhi Police deployed security forces without name badges?

Why are they placing truckloads of stones at the protector site?

Why are broken vehicles parked at the protest site? https://t.co/MlaT2pRnGp",ripper_dhruvaa,Mon Jul 20 04:11:15 +0000 2026,6641,2108,en
2080991426914263153,"CJP protest over? Time for AISA’s Neha Bora to end her ""strike"" too. 😭

Some claim she did a “hunger strike” while devouring mutton biryani. https://t.co/wCf3sGZp4t",Indian_Analyzer,Sat Jul 25 12:19:53 +0000 2026,187,40,en
2079568090363527589,"London CJP 🪳 Protest

Probably the Largest NRI Protest against Modi Govt in the last 12 years.

The World Is Waking Up To Reality. https://t.co/a0DTwaJi6u",DocRGM_,Tue Jul 21 14:04:03 +0000 2026,6125,1370,en
2080959121722110254,"VIDEO | Delhi: CJP Delegation arrives at Constitution Club.

(Full video available on PTI Videos - https://t.co/n147TvrpG7)

#Delhi https://t.co/CNJrh0HXfc",PTI_News,Sat Jul 25 10:11:31 +0000 2026,2191,181,en
2079513986719215998,Best scene from yesterday’s CJP protest. 🤣 https://t.co/nI6hRfoXr0,aman_oberoi1,Tue Jul 21 10:29:04 +0000 2026,3317,327,en
2080995522182254594,"Violence During CJP Protest: Delhi Police Registers 15 FIRs, Attempt to Murder Charge Added
#DelhiPolice #CJP #StudentProtests #Violence #LawAndOrder #NEET #BreakingNews #Delhi
@DelhiPolice
https://t.co/Vl59WmqaFB",the_news_21,Sat Jul 25 12:36:10 +0000 2026,1,0,en
2078310886977196040,"Shamelessness at Jantar Mantar 

Goons of Modi Govt Delhi Police dressed up in civil dress and sports shoes forcefully entering the protest site.

They brought dozens of white bed-sheets to block camera views so that any violence/man-handling with Sonam Wangchuk &amp; others is not https://t.co/u15VlIZdT0",Saurabh_MLAgk,Sat Jul 18 02:48:23 +0000 2026,3792,1726,en
2080952040080179441,CJP states the protest will continue until its remaining demands are also fulfilled.,WarMonitorINTL,Sat Jul 25 09:43:23 +0000 2026,643,16,en
2079941366352900494,"After CJP protest, do you still support  @narendramodi Narendra modi ji?🥹
I support Modi ji🇮🇳.
Repost Yes or No. https://t.co/cgxCdOoWpO",Ridhu417Sharma,Wed Jul 22 14:47:19 +0000 2026,4788,1265,en
2080972066468360577,Statement: The @AITCofficial stands in complete solidarity with the @Cockroachisback CJP party and hails the power of the youth in forcing the resignation of the Education Minister Dharmendra Pradhan. We demand that the rest of the CJP demands are immediately met. The battle is,sagarikaghose,Sat Jul 25 11:02:57 +0000 2026,248,53,en
2079415027233415416,Rare video of Delhi Police throwing Flowers at Students during yesterday's Protest !! https://t.co/WpY7o0jgeC,Nher_who,Tue Jul 21 03:55:50 +0000 2026,8714,3333,en
2080177443047133390,"A girl went to support students at Jantar Mantar.

Listen to her experience.

- Police was standing peacefully
- Some CJP Supporters started throwing stones
- few moments later more supporters started pelting stones at Police.

Says now the protest is not in control, anti-India https://t.co/DT5G1UwATq",AnkurSingh,Thu Jul 23 06:25:24 +0000 2026,6415,2692,en
2080360250260275659,"🚨 JANTAR MANTAR IS A PROTEST SITE, NOT A DIGITAL OPEN-AIR PRISON! 🛑

Delhi Police has stationed Facial Recognition Vans to live-scan peaceful protesters. They are harvesting biometrics and extracting personal data on the spot—and we have three direct questions for the https://t.co/zCcLg3uxOE",Cockroachisback,Thu Jul 23 18:31:49 +0000 2026,24894,8755,en
2080953903542370678,"Losing one soldier on the chessboard is a move, not a defeat.

If Abhijit Dipke and CJP are celebrating this as a “victory,” they should realize it’s actually the beginning of the end of their protest.

The game isn’t over. 
The board is still in play.",SheetalPronamo,Sat Jul 25 09:50:47 +0000 2026,390,93,en
2078843947317592109,"“We are proud of Sonam Wangchuk, Abhijeet Dipke and all the protestors on hunger strike in Delhi fighting for all of us”

Shiv Sena leader @AUThackeray at the protest in Mumbai organized against the Education Minister. https://t.co/jPUkLoYwtP",Cockroachisback,Sun Jul 19 14:06:34 +0000 2026,10248,1737,en
2080176389592932850,"As an educator, I find it deeply painful to watch the image of our students being tarnished on media.
The students' protest is taking place peacefully at Jantar Mantar. If there are reports of violence elsewhere in Delhi, please do not rush to attribute them to this movement",GitanjaliAngmo,Thu Jul 23 06:21:13 +0000 2026,8101,1693,en
2080140602189234184,"Look at this girl — she hasn’t even passed 12th grade yet. By just showing up at the CJP protests, she gained massive visibility, grew her Social Media, and now sells oil and shampoo from home. 

Some people are attending the CJP protest purely for social media growth. They say https://t.co/72RRlejbhG",KrishaAsiagh,Thu Jul 23 03:59:01 +0000 2026,1541,505,en
2079079632440361061,"Listen to what a genuine NEET aspirant from Rajasthan, who came to support the CJP protest, has to say about the agitation.

The real truth !!🔥🔥 https://t.co/fG2T8xTzVr",PoornimaNimo,Mon Jul 20 05:43:06 +0000 2026,9311,3193,en
2080952977892999598,"In the Delhi High court: CJP PROTEST"" DELHI POLICE CAN'T RECORD PROTEST VIDEO...PRIVACY AT RISK ?... https://t.co/QTJNUk0WJl via @YouTube",paranjoygt,Sat Jul 25 09:47:06 +0000 2026,13,9,en
2079199061308309858,"Another video exposes the Umar Khalid gang pelting stones at CRPF and Delhi Police personnel. This is not a protest; this is organised violence against our security forces, reminiscent of the Delhi riots. https://t.co/e1ny0vCbw0",TajinderBagga,Mon Jul 20 13:37:40 +0000 2026,11605,4458,en
2079799988415332403,"Watch this video.

The police repeatedly announced, ""Please do not throw stones, or we will be forced to carry out a lathi charge.""

Even after those warnings, the CJP protesters kept throwing stones and brandishing swords. Yet this biased media guy still claims that the police https://t.co/O9Pjzw2Zmu",AMIT_GUJJU,Wed Jul 22 05:25:32 +0000 2026,3617,1449,en
2080950731637662105,"Cockroaches protest will not end.

Mark this.

- Delhi Police personnel were attacked.

- RAF units faced the public ire

Just for this !!

DAY 1 pe hi krdete.",IndianSinghh,Sat Jul 25 09:38:11 +0000 2026,1216,177,en
2079072102691565811,"Some segments from media have mentioned sporadic use of violence/detentions at Jantar Mantar by Delhi Police.
It is informed that  no such incident has taken place and protest is being handled professionally. All are requested not to fall pray to any rumour/ misgivings, and, to",DelhiPolice,Mon Jul 20 05:13:11 +0000 2026,17712,3421,en
2081020894651281804,"Now that the protests at Jantar Mantar are over, they leave behind questions that deserve serious reflection.

What began in the name of students ended up revealing something far more troubling. Videos that circulated from the protest appeared to show slogans calling for the",amitmalviya,Sat Jul 25 14:16:59 +0000 2026,188,67,en
2079203461208608859,"Kangana Ranaut on CJP protest, she cooked herself this time 😭 https://t.co/DWx81rGOdr",bekhayalime,Mon Jul 20 13:55:09 +0000 2026,9096,596,en
2079871425947787498,CJP protesters are threatening to rape this girl just because she opposed the illegal protest. https://t.co/4I6KqDtAki,SpiderAlert24,Wed Jul 22 10:09:24 +0000 2026,6733,2077,en
2080988748343595450,"VIDEO | Delhi: After talks between the CJP delegation and the government, during a joint press conference, Union Minister JP Nadda (@JPNadda) says, ""The second point concerns compensation. On the issue of compensation, the government stated its position in very clear terms. We https://t.co/02YSWOY9lq",PTI_News,Sat Jul 25 12:09:15 +0000 2026,369,45,en
2079403156010873311,"Listen to this video which explains the chain of hands of the NEET paper leak , stems from Maharashtra .. price &amp; money earned 5 lac , 10 lac , 15 lac - could be even more. Do the students know this ? Ever seen any of these names in the CJP protest ? 
CBI have arrested them 2 https://t.co/7SK5we0S59",ShrivastavAni,Tue Jul 21 03:08:40 +0000 2026,3475,1352,en
2080986932570681590,"BREAKING | CJP Confirms All Three Demands Met

CJP Agrees To Withdraw Protest",TimesNow,Sat Jul 25 12:02:02 +0000 2026,772,28,en
2080633761671348536,"Bareilly: Mohit Bhardwaj, an assistant professor at a degree college, joined CJP protest at Jantar Mantar shouting slogans. 

When he arrived at the college the next day, he was dismissed from his job 💀",FrontalForce,Fri Jul 24 12:38:39 +0000 2026,10166,1604,en
2080866959013658722,"The CJP protest is the first time the Indian public got to witness what modern Gen Z girls in India are like.

Good luck having a happy married life with them.

The way they talk, abuse others, and behave. You can't expect a better future from them.",venom1s,Sat Jul 25 04:05:18 +0000 2026,3082,461,en
2079854160858820864,"I am disturbed because every protest in India seems to have the same script.

1. Abuse Lord Ram.

2. Abuse Bharat Mata.

3. Abuse PM Modi.

4. Abuse PM Modi’s late mother.

5. Abuse Brahmins.

6. Abuse Hindutva.

No discussion.

No solutions.

Only slogans, abuse, and chaos.

The",DanishKaneria61,Wed Jul 22 09:00:48 +0000 2026,35964,9789,en
2079281093090705727,"YouTuber Samdish Bhatia was also present at the CJP protest and the Sansad march today.

He was standing among the protesters when the police moved in, and he appeared to be hit with a couple of lathi blows on his backside.

He's usually seen laughing and joking, but after those https://t.co/cG5Fre61Wh",AMIT_GUJJU,Mon Jul 20 19:03:38 +0000 2026,25913,4245,en
2080957194120609920,#WATCH | Delhi: CJP delegation leaves from Jantar Mantar for the Constitution Club of India for the third round of talks with the government. https://t.co/DLLkkAQYHj,ANI,Sat Jul 25 10:03:52 +0000 2026,1235,58,en
2079547447324656027,"Also very interesting: the same Delhi Police that was not allowing CJP to move even 100 metres towards Parliament, allowed Rahul Gandhi to reach right outside PM Residence! 

Do we need any more evidence that Congress-BJP is one unit? 

#BJPCongressEkHain",AtishiAAP,Tue Jul 21 12:42:02 +0000 2026,3140,749,en
2080990857642365006,"CJP withdraw their protest in Jantar Mantar 

Official announcement done by mitha Sourav Das 👍",bong_politics,Sat Jul 25 12:17:38 +0000 2026,341,24,en
2079983438531269101,"Video shows Abhijeet Dipke standing on top of a police vehicle at the CJP protest.

The policeman requests him to get down. He refuses and asks the policeman to show registry.

The crowd moves forward to lynch the police....

This is how at every step, he provoked the crowd to https://t.co/RmIvsvkRkd",PoornimaNimo,Wed Jul 22 17:34:30 +0000 2026,1843,969,en
2080295635597893901,"Hello, @DelhiPolice this woman at the CJP protest is threatening to turn Delhi into Nepal. 

She looks suspicious. Please investigate her links. https://t.co/X4re3USenC",erbmjha,Thu Jul 23 14:15:04 +0000 2026,14045,7010,en
2079226219812548789,"THE WIND IS CHANGING ⏳️

We trusted PM Modi for too long, not anymore.

Modi ji has too much ego. 😵

— A student during CJP protest 👇 https://t.co/lvmUBrSlZY",Priyaa_Purohit,Mon Jul 20 15:25:35 +0000 2026,23564,6427,en
2080289320439816580,Retired Major reacted on Army videos on CJP protest - https://t.co/dpnQKld1AR,Extreo_,Thu Jul 23 13:49:58 +0000 2026,2585,619,en
2079220281961509206,"They said BJP will never won in Delhi
They said BJP will never come in Maharastra
They said BJP won’t dominate in Assam anymore
They said BJP will never won in West Bengal

And now they think that a small protest will make the public turn against Modi ji &amp; BJP🤣 https://t.co/mYWuV6lN9t",ExposeDhonifan,Mon Jul 20 15:01:59 +0000 2026,4646,450,en
2079155032885469265,Main reason of CJP protest🧐 https://t.co/mTAWWZxaOk,TGACGR,Mon Jul 20 10:42:43 +0000 2026,7245,1081,en
2081007603463995674,"New Delhi: The CJP protest has come to an end as the central government has fulfilled 3 out of 2 demands of the CJP: resignation of Dharmendra Pradhan and withdrawal of all the FIRs filed against the protesters, whereas the third demand regarding compensation of Rs 1 Cr is still https://t.co/4MsoaqdrpY",DynamiteNews_,Sat Jul 25 13:24:10 +0000 2026,0,0,en
2079964696439042207,"If you still think these are students, then you're the biggest fool in the world.

The CJP protest has been completely hijacked now. https://t.co/dwG4VLe5QJ",AMIT_GUJJU,Wed Jul 22 16:20:02 +0000 2026,4121,1733,en
2080116242191728993,"Appearing before the Delhi High Court in the plea challenging the alleged police brutalities during the recent student protest over examination paper leaks, Senior Advocate Gopal Sankaranarayanan argued that judicial intervention was imperative to uphold the rule of law. He https://t.co/i99Zg72EoO",voicesindians,Thu Jul 23 02:22:13 +0000 2026,6261,1922,en
2080194534190039501,"A Sikh brother has totally exposed the real face of CJP protest

•⁠  ⁠the protest is no more about interests of students 
•⁠  ⁠⁠everyone is baking their own rotis 
•⁠  ⁠⁠not even 20% are students in the CJP protest

Slowly everyone will understand the real motive of https://t.co/4tZuSX2km2",PoliticalKida,Thu Jul 23 07:33:19 +0000 2026,4891,2100,en
2078298459149385753,"ASHUTOSH RANKA TAKES THE BAIT AND BREAKS IT 🔥

REPORTER: Why only Sonam Wangchuk fasting? Why not CJP too?

RANKA 🎯: Ridiculous question. Abhijeet, Saurav and I wanted to fast too. Sonam sir stopped us: “Then who will run the protest?” Media, stage, security, mobilisation. https://t.co/rA4xwhubqi",sharma_views,Sat Jul 18 01:59:00 +0000 2026,12059,2153,en
2064242271579525380,"A remark made by a participant at the recent Cockroach Janta Party (CJP) protest in Delhi has triggered widespread outrage online. 

In a viral video, a man identifying himself as a Delhi High Court lawyer was asked whether he would object if India were broken into seven pieces. https://t.co/IQims1egri",BS_Prasad,Tue Jun 09 07:04:43 +0000 2026,450,185,en
2079599588730929472,Democracy in India is happening right now! The Leader of India’s Opposition is being dragged by Narendra Modi’s cops away from a peaceful sit-in protest. Delhi is under siege by Modi’s police. https://t.co/3Zvrb1xsi3,MahuaMoitra,Tue Jul 21 16:09:13 +0000 2026,12465,3061,en
2080894132650905607,"Now even the people making content for CJP are saying this protest has become completely unserious.

They demand resignations while dancing and making obscene gestures.

Every night, all this drama happens at Jantar Mantar with everyone completely drunk. https://t.co/k0mS24Mthy",AMIT_GUJJU,Sat Jul 25 05:53:17 +0000 2026,463,178,en
2080998490004705487,"Did PM Modi and HM Amit Shah lose to the CJP?

My answer is no.

The BJP only takes a step back when it needs to move 10 steps forward. The Cockroach Janata Party was completely hijacked, gradually infiltrated by extremist organizations, leftist ideology, and the Deep State. They https://t.co/Dcfvt90bRi",HCP_2026,Sat Jul 25 12:47:57 +0000 2026,133,31,en
2079508594375245937,"I created a fresh account today to check if all these hues and cries over meta deliberately promoting cjp protest and anarchist agenda against india is true or not.

And just look at this bruh, they started flooding my feed with all the emotionally appealing videos of their https://t.co/oVWY6Jsgvw",AgniVesa_07,Tue Jul 21 10:07:38 +0000 2026,3297,708,en
2080584917629784479,"Ayesha Khan said that she had her period while shooting an item dance for the Dhurandhar movie.

Now she has said that she had her period during the CJP protest too.

People are criticizing her and asking - Why does she always have her period? Is she using it to play the victim https://t.co/Il0hnHUVlk",venom1s,Fri Jul 24 09:24:34 +0000 2026,2640,372,en
2080990361351237637,"CJP calls off protest with immediate effect, says demands have been met by the Government. https://t.co/FSBzTuGuJh",WarMonitorINTL,Sat Jul 25 12:15:39 +0000 2026,454,26,en
2078310759638110362,"Delhi Police remove Sonam Wangchuk from Jantar Mantar protest forcefully!!

This is shameful, instead of Removing Dharmendra Pradhan they removed Sonam !!

What a coward Govt https://t.co/gIk7jRava7",Nher_who,Sat Jul 18 02:47:52 +0000 2026,7575,1774,en
2079837136237600915,"CJP Protest: Arnab Exposes Abhijeet Dipke's Deep State Riots At Jantar Mantar | Delhi

Tune in to LIVE TV for all the fastest #BREAKING alerts - https://t.co/sd02M7w7Fp

#CJP #CJPProtest #JantarMantar https://t.co/n9uQC9FpmD",republic,Wed Jul 22 07:53:09 +0000 2026,4544,1696,en
2079988283770282009,"A delivery boy shares shocking details of the crowd present at the CJP protest, at Jantar Mantar.

He states that he delivered at least 10 food orders in a single day, to cockroaches supporting the CJP. Each and everyone was ordered and funded from a foreign country like Germany, https://t.co/hwS5eNn7At",PoornimaNimo,Wed Jul 22 17:53:45 +0000 2026,5685,2808,en
2080477567879094642,"🚨 CRACKDOWN BEGINS!

Instagram flooded with videos: Police visiting homes of CJP protest GOONS who turned violent. 

Cops at your doorstep, neighbors watching the drama 
— ‘Beta, kya kar diya?’ 

Fingerprints taken, lectures on ‘don’t ruin your bloodline for 2 minutes of fun.’",Indian_Analyzer,Fri Jul 24 02:18:00 +0000 2026,5227,1409,en
2080299188030689417,"A genuine question for you

After the Delhi protest, will you still vote for BJP and Modi ji in 2029? https://t.co/wbcAo3NCDs",OM_Hindi,Thu Jul 23 14:29:11 +0000 2026,5322,384,en
2080231336451907782,Court hearing of cjp protest against police action… https://t.co/R2ZzNl1jBE,Extreo_,Thu Jul 23 09:59:34 +0000 2026,5974,1123,en
2080162144793018638,"This student alleges that Delhi Police brutally beat him on the first day of the protest.

So he came back the next day wearing his full cricket kit.

Gen Z really has a solution for everything. I hope the future of this country is bright. 😭 https://t.co/rEoNuBM3Yf",TyrantOppressor,Thu Jul 23 05:24:37 +0000 2026,5216,894,en
2079041445831565817,"If you're not questioning the Government, then you are the biggest Anti-National — A lady at the CJP protest in Jantar Mantar. https://t.co/wQkpmf1z60",Priyaa_Purohit,Mon Jul 20 03:11:22 +0000 2026,5920,1420,en
2079819643808809179,"To every journalist who was stopped from reporting objectively from #CJP Protest at Jantar Mantar: Stay fearless.
The loudest advocates of “freedom of expression” often seem least comfortable with objective reporting. https://t.co/xpbprIUg2d",sudhirchaudhary,Wed Jul 22 06:43:38 +0000 2026,4405,889,en
2080995751111573597,"JP Nadda meets the CJP delegation in Delhi, discussing FIRs, compensation and other demands raised during the protest

#JPNadda #CJP #Delhi #ProtestUpdate #GovernmentTalks #StudentIssues #NewsUpdate https://t.co/KXyxPk10Gm",NewsMobileIndia,Sat Jul 25 12:37:04 +0000 2026,1,3,en
2079991580807860473,CJP protest has been hijacked ....total lawlessness! https://t.co/iZmS2u7qD7,MeghUpdates,Wed Jul 22 18:06:51 +0000 2026,6349,1660,en
2079902548454998526,"American terrorist Gurpatwant Singh Pannun claims that he had a zoom meeting with cockroach Janata party leaders.

""SFJ will provide nearly ₹10 crore to CJP to help break India into smaller pieces.""

He further said that the fall of Delhi and Modi is invitable.

He said that the https://t.co/R0DIIEhJiP",MeghUpdates,Wed Jul 22 12:13:04 +0000 2026,4675,2601,en
2080945666101264569,"News Nation पर CJP पर  Abhijeet Dipke Exclusive | Jantar Mantar | CJP Protest | Delhi | Dharmendra Pradhan

#NEETExamProtest #DharmendraPradhan #NewsNation https://t.co/jhTMJ2Z6bm",NewsNationTV,Sat Jul 25 09:18:03 +0000 2026,1,1,en
2080174799368679934,"REMEMBER this person from CJP protesters in Delhi? 

“Do not abuse Modi.
Do not use bad words against Modi.
Sikhs will not tolerate bad words against Modi.
Say Bharat Mata Ki Jai.
Fight for education, but do not use bad words against Modi.” https://t.co/1J4DtU3j0V",ParamjeetBerwal,Thu Jul 23 06:14:54 +0000 2026,4887,925,en
2080653478251368773,"Either he resigns, or they will have to arrest me, for which I am prepared: @abhijeet_dipke, CJP Founder

#NEETPaperLeakCase #StudentProtest #Education #Delhi #JantarMantar #TTP #IndiaTodayExclusive | @PreetiChoudhry https://t.co/H30UBG5tEf",IndiaToday,Fri Jul 24 13:57:00 +0000 2026,3304,381,en
2081001326146990204,"Thank You ALL🙏🙏
https://t.co/6Fd7Z0D9c4
#NEET #StudentRights #RightToProtest #PeacefulProtest #HumanRights #AbhijeetDipke #CockroachJanataParty #JantarMantar #CJP #Delhi #DelhiPolice #SonamWangchuk #Police #Protest #CivilRights #HumanRights #FreedomOfExpression #Democracy",AimPoojaind,Sat Jul 25 12:59:13 +0000 2026,0,0,en
2079755216258580495,"“DCP - @abhijeet_dipke” Interaction 

Police ignored basics of peaceful protest management. When u Isolate leadership of protestors, the crowd becomes directionless. 

Then Internet was shutdown and protestors stopped getting any information from organisers. This added to chaos. https://t.co/sLYj17rQEL",Saurabh_MLAgk,Wed Jul 22 02:27:38 +0000 2026,3662,1434,en
2079179531072778441,A truck full of stones was on standby at Jantar Mantar protest site. Now reports coming in that CJP protestors pelted stones and injυred Delhi Police personnel. Abhijeet Dipke and CJP want to incite riσts in the name of student rights. https://t.co/F9beKAg6To,Alpakanya,Mon Jul 20 12:20:04 +0000 2026,6679,2507,en
2079815540017942653,"Delhi Police &amp; Child Welfare Committee must ACT NOW.

Woman publicly drags her two children into a CJP protest, screams “I’ve brought my kids — kill them too!” &amp; uses them as human shields against cops.

https://t.co/xGBRh4WAH7",MeghUpdates,Wed Jul 22 06:27:20 +0000 2026,5159,1169,en
2080531425431052331,"Baddies going to the CJP protest.

(They don't care about exams or paper leaks. They're going to make reels, do GRWM, gain followers, and have fun.)

(They also use vile language to abuse our Prime Minister.) https://t.co/4DdPgUTyEB",venom1s,Fri Jul 24 05:52:00 +0000 2026,5634,529,en
2079070436353315144,Innocent students after hearing Aazadi and radical islamic chants at the CJP protest :  https://t.co/7bXoFmXwO9,ImHydro45,Mon Jul 20 05:06:33 +0000 2026,17154,1744,en
2080988463793684877,"Man who attacked a journalist at Kolkata CJP protest has been identified as Laraib Sheikh, an Instagram content creator.

In a viral video, he was seen using abusive language and assaulting the journalist.

https://t.co/Sh5L7WMatY",OpIndia_com,Sat Jul 25 12:08:07 +0000 2026,355,181,en
2079963647158411772,#BREAKING: Several cops injured in fresh violence near Jantar Mantar protest site in New Delhi. Mob snatched baton sticks of cops and RAF and attacked police personnel. Situation not fully under control yet. https://t.co/V2jbF14ogF,AdityaRajKaul,Wed Jul 22 16:15:51 +0000 2026,11788,3177,en
2080687706284396851,"""Jo ghar mein ghusa hua hai, woh mard nahi ho sakta aurat hai""- CJP protester

This kind of mindset cannot be of a Gen Z student. This protest have been compromised. https://t.co/Z5tCnRokLh",Viglnthindutva,Fri Jul 24 16:13:01 +0000 2026,3093,709,en
2079442277190230100,"Vijata Dahiya

""why should I join CJP protest, People didn't elect me, I am not accountable for anything""

He is also calling all the students stupid and shamelessly boasting about eating burgers while students were being lathicharged

This is what Shamelessness looks like https://t.co/LdXIzIYYaK",Nher_who,Tue Jul 21 05:44:07 +0000 2026,3321,458,en
2080342506873720970,Go to the CJP Protest ONLY IF You Have STRONG BALLS 😂😂 https://t.co/7hmBOntkkJ,rose_k01,Thu Jul 23 17:21:19 +0000 2026,3855,740,en
2078349519562150243,"🚨 Biggest fraud caught red-handed:

He was roaming at the CJP protest becoming fake priest and eating with a Muslim from the same plate and defaming Hinduism.

Now some Hindu kings caught him and asked him to recite the Gayatri Mantra, but he was unable to answer it and simply https://t.co/mydCL4cz88",Tejashyy,Sat Jul 18 05:21:53 +0000 2026,19920,6856,en
2079635051248243135,"Shocking!

The Congress’s false narrative is beginning to unravel.

Videos have now surfaced showing Congress MPs from Kerala, who were detained by the Delhi Police during the protest march towards Prime Minister Narendra Modi’s residence, attacking police personnel from inside https://t.co/XonJxa7xIY",amitmalviya,Tue Jul 21 18:30:08 +0000 2026,5935,2890,en
2080987331646136791,"🚨 BIGGEST BREAKING

CJP has announced to END the Jantar Mantar agitation after Govt assurances.

Finally, Delhi will breathe free... https://t.co/lwtWvoOjvI",Indian_Analyzer,Sat Jul 25 12:03:37 +0000 2026,654,86,en
2078753436263395625,"When international media (Sky news Australia) is covering the CJP protest, who needs validation of Godi Media.

Boycott Godi Media ✅️ https://t.co/sA3lO28SQc",Priyaa_Purohit,Sun Jul 19 08:06:55 +0000 2026,34012,8637,en
2080363489512886679,"Very proud of us young people! Human chains to prevent conflict.

All those creating violence are not CJP supporters. They are RSS-BJP goons sent to infiltrate the protest and derail it. Beware.",SauravDassss,Thu Jul 23 18:44:41 +0000 2026,5412,1164,en
2080313518969307494,"Passports will be cancelled for all who were involved in Hooliganism at CJP protest.

Great step by government 😂🔥 https://t.co/8Qze11SG8z",Warlock_mohit,Thu Jul 23 15:26:07 +0000 2026,17312,1806,en
2079603610888135046,"“Modi Government has not seen protests of this kind in Delhi in it’s 12 years in power”

Shaheen Bagh was 100× larger than the CJP protest, and it lasted for over 100 days. https://t.co/yo8ONfrJP4",Sarcaztick,Tue Jul 21 16:25:12 +0000 2026,12330,1444,en
2079956804117934558,"Just one question from Anand Ranganathan Sir and both the hypocritical Congress and AAP were exposed on air.

This is the real truth behind their fake support for the CJP protest. Well done Sir! 👏👏 https://t.co/H0yuLO3nRd",bholination,Wed Jul 22 15:48:40 +0000 2026,2845,746,en
2078908092868358573,"Never thought that this scene will ever come true from Reel life to Real life !!😂

CJP protest in a nut shell.🔥 https://t.co/YEgwAtfPBL",PoornimaNimo,Sun Jul 19 18:21:28 +0000 2026,3648,727,en
2080561464163938760,"I have a question: if teachers face disciplinary action for hitting students in school, why is no action taken against the police officers in Delhi who beat students, or against those who issued such orders?

During the ongoing student protests in Delhi, the police have been https://t.co/tpStkZg6Qd",RajThackeray,Fri Jul 24 07:51:22 +0000 2026,9993,1958,en
2080654246375236076,"UP Police has raided Junaid’s house and taken his father and minor brother into custody. 

They are threatening Junaid to return from Delhi or else they will not release his father.

They also raided his sister’s house and arrested her father-in-law and brother-in-law.

This is https://t.co/v9Z1JcQhh0",Sarcaztick,Fri Jul 24 14:00:03 +0000 2026,1987,985,en
2080949980462985601,"Honestly, this CJP protest gave the BJP a reality check that they can't afford to be lazy and assume people will always support them. This protest will make the BJP more aware and stronger.",bholination,Sat Jul 25 09:35:12 +0000 2026,955,75,en
2079243968366490001,"Massive stone pelting by CJP Supporters 🚨

People like @ajitanjum &amp; LKFC @zoo_bear won't share videos of attack on Delhi Police https://t.co/2veRrDypAK",AnkurSingh,Mon Jul 20 16:36:07 +0000 2026,2583,1102,en
2079478986049253820,"It's a full-on celebration at the CJP protest today.

900 pizzas, 650 plates of chhole bhature, and 1,300 burgers have already been served.

In a little while, chicken lollipops from Karim's and grilled chicken from KFC are also expected to arrive. 🥳🥳 https://t.co/t9jhfvMt5i",AMIT_GUJJU,Tue Jul 21 08:09:59 +0000 2026,3641,805,en
2080206766437191728,"CJP goons attacked Nihang Sikhs, and now the Sikhs are standing in support of Delhi Police https://t.co/Wvmp8TARDZ",chixxsays,Thu Jul 23 08:21:56 +0000 2026,7171,801,en
2081025092243620102,"Cockroaches ❤️

#DharmendraPradhan #NEETExamProtest #EducationMinister #gez #genzee #dmkgenz #NEET #Modi #Delhi #Dharmendrapradhan #SonamWangchuk #CJP #CJPMovement #AbhijeetDipke #CockroachJantaParty #Protest #India #ModiGovernment #BJP #jantarmantar #junaid https://t.co/OYNZApBjbu",jaanverse,Sat Jul 25 14:33:40 +0000 2026,0,0,en
2080197769474802067,"Anna Hazare joined students protesting in Nagar &amp; turned emotional. Maintaining that it was a 'silent protest', Hazare said he would not speak to the media. Before that, he left our interview in mid-way!
#CJP #AnnaHazare @mumbaitak @IndiaToday https://t.co/95VKtg4TCC",omkarasks,Thu Jul 23 07:46:11 +0000 2026,4265,336,en
2080220599025365022,"Found her name. She is Disha from Hyderabad. 

She reached Delhi. From the airport took a rapido and directly and reached the protest site. She is there with the protesting students.

She says she is safe and absolutely fine. 

The moment she landed in Delhi, she called her https://t.co/R4FHNa8311",revathitweets,Thu Jul 23 09:16:54 +0000 2026,9532,1478,en
2079425052462948642,"I pay 40% Tax in this country, I am here because I want to help fix India's education system. 

A powerful voice from a young woman at the CJP protest. 👇 https://t.co/qb31xSOKEr",Priyaa_Purohit,Tue Jul 21 04:35:41 +0000 2026,10519,3315,en
2080125786535964829,"This American is calling Indian forces and govt fascist pigs!

What is an American doing in CJP protest in Delhi?

He is lucky he is in India and NOT in China, Iran, Pakistan or Middle East

CC: @MEAIndia  https://t.co/P0GnTqfNRh",MeghUpdates,Thu Jul 23 03:00:09 +0000 2026,4937,2576,en
2080515639148794281,"This CJP protest may be fade in history but  thing won't fade is the content 

This protest gave top notch gold content man. https://t.co/vDZgVhUBhV",ifOnlyKantala,Fri Jul 24 04:49:17 +0000 2026,6776,780,en
2079287409754390561,"🇮🇳🇦🇺 Meet Ellie Grounds - Field Reporter for ABC News (Australian Broadcasting Corporation) She's In Delhi Covering the CJP Jantar Mantar Protests 

Notably she was also covering the Bangladesh Protests which overthrew Sheikh Hasina https://t.co/D7G4riwB25",nidhisj2001,Mon Jul 20 19:28:44 +0000 2026,3907,1522,en
2080309101314310394,"We're receiving multiple reports of students being randomly picked up from the streets while heading to or returning from Jantar Mantar and being detained.

We urge Delhi Police to stop these arbitrary detentions and the harassment of young students. Joining peaceful protest",CJP_for_India,Thu Jul 23 15:08:34 +0000 2026,8225,1917,en
2080854879548195106,"Neha Bora of AISA represents the GenZ student protest far better than Dipke, Ranka and Das.

She is genuine, sincere, articulate and does not have any ulterior agenda like Sonam Wangchuk or CJP leaders.

She should be the GenZ representative in all talks. https://t.co/Ble9vUZw7C",DelhiIsNotFar,Sat Jul 25 03:17:18 +0000 2026,2569,552,en
2079812038725906812,"Arvind Kejriwal's daughter and son,

Sanjay Singh's daughter participated in CJP Protest on Julu 20th

Manish Sisodia's son participated in Protest in Canada https://t.co/0b5En9cNkT",sphavisha,Wed Jul 22 06:13:25 +0000 2026,7885,1356,en
2080847147176792156,"Jantar Mantar welcoming Delhi police.
The slogans are for  Delhi police by protestors. 🫡
The country which was silent for many years GenZ gave them the voice 🙏
#cjp #jantarmantar #police https://t.co/rxXit4ystb",ultrapromax100,Sat Jul 25 02:46:34 +0000 2026,2159,297,en
2079135288723656890,"Arunachal Pradesh students who were unable to come to Jantar Mantar Delhi are protesting in solidarity with Sonam Wangchuk and CJP at Itanagar, Arunachal Pradesh.

#cjpprotest https://t.co/easJskq7A4",anonpxy,Mon Jul 20 09:24:15 +0000 2026,12862,2708,en
2080975649670668707,"CJP founder Abhijeet Dipke hailed Dharmendra Pradhan’s resignation as a major victory for students and youth across India. Speaking at Jantar Mantar, Dipke said, “We have done it,” while asserting that the movement would continue until its remaining demands, including https://t.co/M9mgEB1azG",the_hindu,Sat Jul 25 11:17:12 +0000 2026,1103,98,en
2079208106991690110,"Arrest Abhijit Dipke and all CJP Spokesperson for Violent Protest in Delhi

They are Responsible 

RT if you agree!",JaipurDialogues,Mon Jul 20 14:13:37 +0000 2026,19010,7250,en
2078516035234435126,"Zeba Ali, Cockroach at CJP protest : If Dharmendra Pradhan does not set the paper of NEET and other exams, what is the use of this Education Minister????
He should himself set the paper.
After Modi has come, he has instigated riots, terrorists attacks and given rise to violence https://t.co/AwYPfoB6Wz",PoornimaNimo,Sat Jul 18 16:23:34 +0000 2026,2202,769,en
2069082803619446980,"CJP protest Delhi, Day one : 400 protestors.

CJP protest Delhi, Day two : 200 protestors.

CJP protest Delhi, Day three : 50 protestors.

After day fifth only five people will be left at the protest site.

1. Abhijeet Dipke 
2. Noodle seller
3. Mike operator 
4. One policeman
5.",PoornimaNimo,Mon Jun 22 15:39:16 +0000 2026,886,230,en
2080916914340286923,Two north Indian students at Manipal CJP protest started harrasing older officers on duty. Now tell me again is this okay? https://t.co/aLJ7PJ2PVd,Sharanyashettyy,Sat Jul 25 07:23:48 +0000 2026,485,116,en
2079591176232218918,"What CJP protest ? Kaun hai yeh CJP ? This was started as student protest for education. To protect education system. 370 wapas lana, umar khaleed, Ram- Sita, etc etc… yeh kaisa education protest hai ? Dont make yourselves fools, kyunki aise lomdi aur bhediye tumhe khana banakar",Devoleena_23,Tue Jul 21 15:35:48 +0000 2026,4142,729,en
2081000713308766639,"At joint presser, 'CJP' leaders call off Jantar Mantar protest, tell protesters to go home peacefully, say their demands have been met.https://t.co/fZLSVuLlWa",KanchanGupta,Sat Jul 25 12:56:47 +0000 2026,152,39,en
2080937673603317931,"#WATCH | Delhi: Latest visuals from Jantar Mantar, where CJP (Cockroach Janta Party) continues its protest. https://t.co/9J7qLwF3pz",ANI,Sat Jul 25 08:46:17 +0000 2026,958,79,en
2080938457858474109,"VIDEO | Jantar Mantar Protest: ""Food and water being stopped', says CJP spokesperson Saurav Das in heated argument with Delhi Police.

#JantarMantarProtest #CJP

(Full video available on PTI Videos - https://t.co/n147TvrpG7) https://t.co/JDrzIUjhdO",PTI_News,Sat Jul 25 08:49:24 +0000 2026,1809,382,en
2080648036838211892,"The same Delhi police who brutally beat the students 

Are now having food distributed at the  protest site

Peak Shamelessness! https://t.co/MNJn9umwQz",Nher_who,Fri Jul 24 13:35:23 +0000 2026,7276,1629,en
2080992565676093619,"CJP ends protest after government accepts demands 🛑

NEW DELHI — According to CJP spokesperson, the government has accepted the demands to withdraw cases against protesters and provide compensation.

The protest has now been ended, and students have been asked to go home.
The",thesignalwire,Sat Jul 25 12:24:25 +0000 2026,0,0,en
2079437208294174961,"Several social media posts have claimed that a girl died on spot during the protests in Delhi

#PIBFactCheck

❌ This claim is #FAKE 

✅ No protest related death has occurred in Delhi 

📢 Stay alert, and report suspicious content to @PIBFactCheck

📲 WhatsApp: +91 8799711259 https://t.co/BwiWu0EFgW",PIBFactCheck,Tue Jul 21 05:23:59 +0000 2026,3554,980,en
2078457011508031757,"Yogendra Yadav joins CJP protest -

"" PM Modi should resign""

It must be done to save the future of youths. https://t.co/wOklml9xe3",CJP_for_India,Sat Jul 18 12:29:02 +0000 2026,10163,2356,en
2079970846127599696,"A Delhi Police officer was attacked by a crowd of 200–300 people at Jantar Mantar.

For the last two days, attacks like this have continued. These CJP protesters are the ones creating chaos and disturbing the law and order situation.

Shame on Abhijeet Dipke 🤬 https://t.co/u71Z9pz8NW",AMIT_GUJJU,Wed Jul 22 16:44:28 +0000 2026,6334,2046,en
2079538515529105807,"This is amazing! 

CJP and Sonam Wangchuk: One month protest at Jantar Mantar. Modi govt refuses to talk to them

Rahul Gandhi: Allowed to protest outside PM residence. In one hour Modi Govt starts dialogue 

Wah! Kya jugalbandi hai!",AtishiAAP,Tue Jul 21 12:06:32 +0000 2026,2261,560,en
2079997621330944374,"Standing in solidarity with the students staging protest against their government in Delhi, India. The news channels are Modi’s b!tch, the police who is killing you all in the name of law &amp; order is only doing their “job” &amp; the most consequential figures in politics, bollywood &amp;",talhahanjum,Wed Jul 22 18:30:52 +0000 2026,3717,247,en
2080989953560019072,"Beauty of Democracy ☺️ 

A historic handshake between the Gen G (Youth) of India 🇮🇳 and the leadership of the world's largest democracy, represented by the world's largest political party.🇮🇳

#जंतर_मंतर_ब्रेकिंग_न्यूज 
#india 
#cjp #protest 
#delhi #bjp https://t.co/Ts85d74bej",ShuklaAshu0007,Sat Jul 25 12:14:02 +0000 2026,2,0,en
2080758133505618334,"🚨 ACTRESS AKANKSHA PURI -

""I was offered money to support CJP and Jantar Mantar Protest.

They even offered me Flight tickets to Jantar Mantar. I was asked to post reels.

Many other creators received similar offers too.

I refused. Students should be supported genuinely. It is https://t.co/Uzpb5egtBH",NewsAlgebraIND,Fri Jul 24 20:52:52 +0000 2026,18700,4439,en
2080330799073873968,"Incredible. @RitikaChandola tracks a CJP protestor at Jantar Mantar who was a part of the Nepal Gen Z regime change. He has travelled all the way from Nepal to Delhi to be a part of the CJP mob. Is ready to camp out in Delhi for weeks. 

Ground report 👇 

cc @DelhiPolice",UnSubtleDesi,Thu Jul 23 16:34:47 +0000 2026,8091,4246,en
2080249191343985144,"I will support CJP protest if they demand fair education system 

Like 500 marks me sabko same college milna chahiye. Chahe wo dalit ho ya baniya ya phir Brahman",HPhobiaWatch,Thu Jul 23 11:10:31 +0000 2026,10921,1426,en
2079818235243876687,"🚨‼️This is very dangerous.

CJP protests in London are supported by “Hindus for Human rights” - an organisation backed by Pakistan’s ISI.

In London CJP protests HFHR Rajiv Sinha participated and changed the entire rhetoric. He is seen pushing his “Muslisms and Christians https://t.co/SuGBGb4PEb",tathvamasi6,Wed Jul 22 06:38:03 +0000 2026,1920,1043,en
2081022338754343398,"STORY | All 18 Delhi Metro stations reopen after four days as CJP withdraws protest

All 18 Delhi Metro stations in central Delhi, which had remained shut due to security reasons, reopened on Saturday after the Cockroach Janta Party (CJP) withdrew its protest, ending four days of https://t.co/SJkcYH8Ekj",PTI_News,Sat Jul 25 14:22:43 +0000 2026,5,0,en
2079524087131705533,Abhijeet Dipke has removed Senior Cockroach Vijeta Dahiya from CJP following internal rift and eating burger without permission during protest  https://t.co/PVWPPG4UBs,MeghUpdates,Tue Jul 21 11:09:12 +0000 2026,3674,784,en
2080317517474496899,BJP has sealed the deal for 2029 elections. Thanks to CJP protest! 🥳 https://t.co/u5MFETVOkh,Alpakanya,Thu Jul 23 15:42:01 +0000 2026,21997,4578,en
2080848512082661711,"🚨 POLITICAL BUZZ 🚨

Strong buzz suggests the Modi Govt may take an UNEXPECTED step to end the CJP protest 🤯

Some speculate the apparent 360° shift could be linked to intelligence inputs. https://t.co/pFHLmekSnn",Indian_Analyzer,Sat Jul 25 02:52:00 +0000 2026,2577,298,en
2078696650084700528,"The March on 20 July will take place, as Sonam Sir has decided.

I request all supporters to reach Jantar Mantar. Both our protest and the march will remain peaceful. Anyone who creates any kind of disruption or raises negative slogans cannot be a supporter of Sonam Sir or CJP. https://t.co/52MvJtZ7tv",abhijeet_dipke,Sun Jul 19 04:21:16 +0000 2026,12587,2879,en
2080220680352903430,"""They grabbed me... thrashed me badly. I have a 7-inch head wound and a fractured hand.""
​
A Delhi Police personnel posted near Tolstoy Road recounts the brutal attack by a crowd of 3,000–4,000 during the Jantar Mantar protest.

​=&gt; Are these really NEET aspirants? Is this what a",MeghUpdates,Thu Jul 23 09:17:13 +0000 2026,4780,2421,en
2079414971600105889,"Corruption is in blood of this government, imagine throwing expiry tear gas ? 

Bhai babus aur neta logo ne iss desh ka satyanash kar diya hai, iss government ne corruption itna legalized kar diya hai ki ab human value kuch rahi hi nahi hai, CJP protest jantar mantar mein expiry https://t.co/TLnJuqNIeb",ifOnlyKantala,Tue Jul 21 03:55:37 +0000 2026,3426,963,en
2080203840113295570,"Republic TV at 8:00 AM: 🇺🇸Soros and deep agents are behind the Delhi protest

Republic TV at 2:00 PM: 🇨🇳China is scripting regime change in India via the Delhi protest

Republic TV at 7:00 PM: 🇧🇩Bangladesh is funding the protest https://t.co/DoPIf4f1zr",IndianGems_,Thu Jul 23 08:10:18 +0000 2026,6440,1458,en
2079431011973369922,CJP founder giving  Reality check to the protestors on why he was away from the protest site after instigating them https://t.co/4jnmVBT5VX,rishibagree,Tue Jul 21 04:59:21 +0000 2026,2873,822,en
2079147348077560010,Congress MP Renuka Chowdhury confronts DCP Sachin Sharma amid CJP protest. https://t.co/yhuOJZ6Qwi,NewsAlgebraIND,Mon Jul 20 10:12:11 +0000 2026,4075,548,en
2080911394841772100,"#WATCH | Delhi: At CJP protest at Jantar Mantar yesterday, Mani Shankar Aiyar said, ""...Today's youth are not just students, they are teaching a lesson to the country. What is that lesson? The lesson is - Be Fearless. Our generation was really scared. Hearing Modi ji and Amit https://t.co/XBYeiwM5Ve",ANI,Sat Jul 25 07:01:52 +0000 2026,498,58,en
2080579767926185989,"Be like Aarush bhola :
- Bro promoted hindutva in his vlog from the very beginning 
- Never said anything againt his country like other influencers 
- He spoke in the support of genuine students 
- But refuse to support CJP who using the protest to cover their hate against https://t.co/rjZWUkChC1",govtmemes,Fri Jul 24 09:04:06 +0000 2026,7684,972,en
2080884311461609726,"Delhi Police, stop harassing people.

You are detaining young people on their way to Jantar Mantar late at night without giving them meaningful access to legal assistance. You are also allegedly targeting those who merely distributed food at the protest site and threatening them",whattalawyer,Sat Jul 25 05:14:15 +0000 2026,1304,504,en
2080947791925317786,If Nirmala sitaraman replaces dharmendra pradhan i urge CJP to continue protest until dharmendra pradhan is back.,Nash5633,Sat Jul 25 09:26:30 +0000 2026,455,51,en
2079109442432606305,"Delhi: Abhijeet Dipke, founder of the Cockroach Janta Party (CJP), has just ended his hunger strike at Jantar Mantar. https://t.co/UpTFgkdOkf",gharkekalesh,Mon Jul 20 07:41:33 +0000 2026,3711,110,en
2079226156604403752,"🚨If the protest site’s been cleared and you need somewhere to sleep tonight- Gurudwara Bangla Sahib, Rakab Ganj Sahib, Sis Ganj Sahib and other gurdwaras across Delhi have their doors open. 

No questions asked. We have never once turned a person away at the door.",HarteerathSingh,Mon Jul 20 15:25:20 +0000 2026,28253,5986,en
2080598119293870192,Delhi Police reaction after Lathi Charge at Jantar Mantar for CJP Protest https://t.co/KiL8VgbtC9,voicesindians,Fri Jul 24 10:17:01 +0000 2026,9703,2231,en
2080607390328856937,#Breaking Jamia students are being detained by Delhi police. These 3 students from Jamia escaped Delhi police’s preventive detention at Nizamuddin a few minutes back. Listen to how they were forcefully taken by police while they were on their way to the protest. Students are https://t.co/QQDzJUCmG7,seekingsrishti,Fri Jul 24 10:53:52 +0000 2026,3563,1767,en
2079911331873042854,"🚨 EXPOSED! FCRA Amendment hits. 
— One lady. One foundation. Multiple protests within 72 Hours🤯

Govt announces Doon-Rishikesh road expansion.

Manavi Anusha of ""Aumana Foundation"" begins IG campaign.

Shaves her head BALD on camera, floods Instagram with CRYING reels, https://t.co/02pyULHuXr",Indian_Analyzer,Wed Jul 22 12:47:59 +0000 2026,5524,2304,en
2080952045205606727,"#WATCH | Delhi: Abhijeet Dipke, Founding President of Cockroach Janta Party, and others celebrate at the protest site at Jantar Mantar after Union Education Minister Dharmendra Pradhan resigned from his post. https://t.co/QboYGADsnU",ANI,Sat Jul 25 09:43:24 +0000 2026,3693,436,en
2079602965426713068,"Huge victory for our movement!

The Police has now released all detainees just before one hour ago. They had illegally been detained for peacefully protesting for over a day, but the Police has had to bow down to public pressure. 

The CJP is no longer conducting its dharna at",CJP_for_India,Tue Jul 21 16:22:38 +0000 2026,13630,1393,en
2080525887544463493,"Delhi Police is giving us new reasons to hate them every single day.

A Swiggy delivery partner was on his way to deliver food for the protesters, ordered by one of the online supporters. A thulla stopped him, checked whether the food was meant for the students, and then stole https://t.co/lO82tLbZ68",ZiddiNaagrik,Fri Jul 24 05:30:00 +0000 2026,8003,2747,en
2080946792896868592,Seeking permission from Delhi Police to stage another protest at Jantar Mantar. Join me in Indian Cricket Jersey.,FarziCricketer,Sat Jul 25 09:22:32 +0000 2026,4247,205,en
2079306309178946036,"Security forces in India’s capital Delhi are cracking down on one of the biggest anti-government protests in recent years. 

The authorities should order police to exercise restraint, restore mobile internet connectivity near protests, and ensure people can protest peacefully. https://t.co/aKV3FJELuG",hrw,Mon Jul 20 20:43:50 +0000 2026,3066,1325,en
2079132381190234392,"The most interesting thing about the protest: Almost everybody I spoke to didn't even mention Abhijeet Dipke or CJP or Sonam Wangchuk. All they mentioned was paper leaks, dictatorship and democracy in danger. This protest has taken the form of a huge anti-incumbency protest.",kaushikrj6,Mon Jul 20 09:12:42 +0000 2026,13116,2048,en
2080256066559086634,"Good move 
Passports will be cancelled for all who were involved in Hooliganism at CJP protest.",VIKRAMPRATAPSIN,Thu Jul 23 11:37:50 +0000 2026,16985,2644,en
2080416721379512361,BIG NEWS 🚨 Mayawati says CJP protest has been politicised and it is affecting normal public life. https://t.co/byT3Yatag7,NewsAlgebraIND,Thu Jul 23 22:16:13 +0000 2026,13004,1861,en
2080997772933931148,"#WATCH | Delhi | After the Cockroach Janta Party called off their protest, Special Commissioner of Police, Law &amp; Order, Devesh Chandra Srivastava says, ""I appeal to the students to return from here peacefully and wherever they are going on the way cooperate with the police https://t.co/7ZgqVQwOsy",ANI,Sat Jul 25 12:45:06 +0000 2026,324,24,en
2080762612615458854,"BRAVE GIRL 🔥 : You said CJP has nothing to do with politics. But entire protest is politicised. 

VIJETA DAHIYA : Listen to me 🤯

GIRL : This issue is no longer about students. You never talk about policy reforms. All you need is resignation. https://t.co/RADAFtcP3Y",NewsAlgebraIND,Fri Jul 24 21:10:40 +0000 2026,9459,2205,en
2080931722531623029,"Peaceful March in Support of the Nation &amp; Delhi Police

Youth Stands for Society (YSS) is organizing a peaceful march to express solidarity with our police personnel and raise concerns regarding public safety and law &amp; order.

 Event Details
📅 Date: 26 July 2026
⏰ Time: 2:00 PM https://t.co/xlIAeQJYQA",yss_group,Sat Jul 25 08:22:39 +0000 2026,447,146,en
2079498292212453842,"MAMATA BANERJEE : I will go to CJP protest.

This protest is by Opposition, for Opposition, of Opposition 😭😂 https://t.co/0qOVhTWGFB",NewsAlgebraIND,Tue Jul 21 09:26:42 +0000 2026,4400,542,en
2079989656238866572,"If you are outside Delhi and worrying about the scale of protest, let me tell you as a Delhi resident who has to travel extensively daily, that the anarchy is limited to only couple of areas, not even 2-3 KM stretch 

For rest of Delhi, you won't even know something is happening",mujifren,Wed Jul 22 17:59:13 +0000 2026,7499,1433,en
2080997183579648014,"#WATCH | Delhi | After the Cockroach Janta Party called off their protest, Special Commissioner of Police, Law &amp; Order, Devesh Chandra Srivastava says, ""...The dispersal of the public has begun. All our senior police officers and personnel are at the scene and nearby...We appeal https://t.co/B5kYooyIMX",ANI,Sat Jul 25 12:42:46 +0000 2026,222,23,en
2080817070019924122,"Mohammad Junaid, who is doing catering in CJP protest says UP Police has started investigation of his bank accounts

What is wrong in it, bro is spending lakhs per day since more than month, investigation is needed",FrontalForce,Sat Jul 25 00:47:03 +0000 2026,9787,1963,en
2081015300032803088,"As Manish Sisodia arrived at the CJP stage at Jantar Mantar following Dharmendra Pradhan’s resignation, a question from the crowd turned the spotlight on AAP’s own record. 

A person asked when the Punjab Education Minister would resign over an alleged paper leak in the state. https://t.co/I0wFrnakbg",DeccanHerald,Sat Jul 25 13:54:45 +0000 2026,2,0,en
2079568617566576894,Global CJP 🪳 Protest of Indian Students Studying Abroad. https://t.co/N1Aj3VZnhB,DocRGM_,Tue Jul 21 14:06:09 +0000 2026,7219,2537,en
2080034061612150883,"Midnight visuals from Allahabad 

If Delhi, Patna &amp; Mumbai was not enough, Allahabad has also joined the students protest in wild style 😭🔥 https://t.co/GPpVttEgqI",mr_mayank,Wed Jul 22 20:55:40 +0000 2026,9711,2095,en
2080872155886325902,"Students protest in Delhi | Delhi Police Sources say - 130 Police personnel have been injured. 15 FIRs have been registered. About 65 students were injured in the protest. Around 10,000 people on average are present at and around Jantar Mantar, 3000 Police personnel deployed https://t.co/eI8csRNQdR",ANI,Sat Jul 25 04:25:57 +0000 2026,4598,980,en
2078858599489810941,"🚨Prohabitory orders u/s 163 BNSS are in force in New Delhi District except designated protest site at Jantar Mantar Road. 

Further, no permission has been sought or granted for any proposed march to Parliament on 20 July 2026.

Citizens are advised not to participate in any https://t.co/aUio5slVM6",DelhiPolice,Sun Jul 19 15:04:48 +0000 2026,7298,1867,en
2080715562288828832,"This is OpIndia journalist @RitikaChandola covering the CJP protest. 

Her full ground report https://t.co/dbdpKVBMLg",UnSubtleDesi,Fri Jul 24 18:03:42 +0000 2026,2424,758,en
2079785088686916013,"Beauty with Brains 👏👏

She is saying is Loud and clear about the CJP protest https://t.co/IZsrZBVfug",CommanMan777589,Wed Jul 22 04:26:20 +0000 2026,12283,4434,en
2080161121198358976,"NEET topper bashing the so called student protest of CJP 🚨

Question: What do you think about student protest going on in our country ?

She said : ""Look, from what I saw of this protest, I felt that there are no NEET students in this protest, the way they are chanting slogans https://t.co/sYnIrF3p5E",CourageousRo,Thu Jul 23 05:20:33 +0000 2026,9394,2162,en
2080674971484029235,"A source told The Observer Post that Delhi Police personnel were allegedly stopping young men near Gate No. 2 of Jamia Millia Islamia Metro Station and recording their names on a ""detained persons"" form on Friday.

According to the source, two police personnel without visible https://t.co/UcN7uhT2ip",meerfaisal001,Fri Jul 24 15:22:24 +0000 2026,2673,1311,en
2078848531469877317,"Aditya Thackeray 
Uddhav Thackeray 
Manish Sisodiya 
Arvind Kejriwal
Shabana Azmi 
Sonakshi Sinha 
Prakash Raj 

The list is long! 
CJP Protest is seeing people who are Anti-BJP
This is not a protest for Students, its an Anti BJP Protest  https://t.co/ixQs1jxCll",JaipurDialogues,Sun Jul 19 14:24:47 +0000 2026,13840,4023,en
2079403203695964526,"I can see a lot of BJP supporters disappointed and upset over yesterday's protest and how Instagram is flooded with anti-BJP content, so read this carefully:

1) Trust Modi-Shah. They're seasoned politicians who have dealt with far bigger challenges and keep 100s of such",Mrsinha,Tue Jul 21 03:08:51 +0000 2026,10549,2268,en
2079197844607823926,Stone pelting on cops was reported earlier today in Central Delhi during the CJP protest to demand resignation of Education Minister Dharmendra Pradhan over NEET Controversy. https://t.co/WeZ4I68kos,AdityaRajKaul,Mon Jul 20 13:32:50 +0000 2026,7587,1773,en
2079417974205845743,"This is Haji Afzal from Seelampur, a history-sheeter and the first person in Delhi to be convicted under MCOCA. His wife is an Aam Aadmi Party councillor. Afzal arrived at the protest accompanied by a large group of people. https://t.co/63DVxz176y",TajinderBagga,Tue Jul 21 04:07:33 +0000 2026,3401,1596,en
2080987318278844820,Big #CJP ends Protest .,AMISHDEVGAN,Sat Jul 25 12:03:34 +0000 2026,341,24,en
2079459188250734619,"🚨 Just IN 🚨 

Bangladesh's Jamaat-e-Islami has extended its support to the ongoing CJP protest in India. https://t.co/yosKpFIOQj",MeghUpdates,Tue Jul 21 06:51:19 +0000 2026,6325,2439,en
2079237361393881347,"My Instagram feed is full of CJP protest videos. I haven't liked or saved any posts, yet dozens of such videos keep showing up. It looks like Meta wants a Nepal like situation in India.",DesiKing_,Mon Jul 20 16:09:51 +0000 2026,11605,1885,en
2080864156690055501,"The bride who went to the CJP protest and went viral.

She has already been married for a long time.

And the media easily got fooled by her.

These girls go there to gain followers and views.

They don't care about paper leaks or the protest. https://t.co/21UUZJrbVb",venom1s,Sat Jul 25 03:54:10 +0000 2026,796,155,en
2079179936611598612,"Next, CJP should do a Protest against reservation. 

Merit is being sacrificed for Doctors entrance.

This is a legit students concern https://t.co/0kSw5zfXuy",JaipurDialogues,Mon Jul 20 12:21:40 +0000 2026,14613,3585,en
2079411039972851894,"Man mistakenly joins CJP protest thinking it was about Sonam Bajwa, not Sonam Wangchuk. 😂

MAN : ""Who is Sonam Wangchuk? I don't know about him""

https://t.co/yF39aK14Ft",NewsAlgebraIND,Tue Jul 21 03:40:00 +0000 2026,6804,1077,en
2078299534149742729,#BREAKING: The Delhi Police has stopped Abhijeet Dipke where he was staying. People are telling me that Sonam Wangchuk is being picked up from the protest site. Students are being lathicharged! https://t.co/kkKtSI83hO,SauravDassss,Sat Jul 18 02:03:16 +0000 2026,2231,763,en
2079516801554330087,"Anti-BJP Youtuber Arfa Khanum embarassed at CJP protest.

ARFA (smiling) :  ""Today I am meeting some Real Hindus"" 😳

MAN : ""Are you a Hindu? Do you support or oppose Cow Sl*ughter?""

AFRA : I am Indian.
 https://t.co/j0L6XYYdXa",NewsAlgebraIND,Tue Jul 21 10:40:15 +0000 2026,5792,951,en
2079220347250041124,"Several Delhi Police vehicles have been vandalised and shattered near CP, Janpath and Jantar Mantar by CJP protestors. https://t.co/ub3DyeGWaX",AdityaRajKaul,Mon Jul 20 15:02:15 +0000 2026,17980,4142,en
2078427586951303212,"Biggest fraud caught red-handed?

He was roaming at the CJP protest in guise of fake hindu priest and eating with a muslim from the same plate and defaming Hinduism.

Now some Sanatnis caught him and asked him to recite the Gayatri Mantra, but he was unable to recite it and",MeghUpdates,Sat Jul 18 10:32:06 +0000 2026,4367,2338,en
2080918807594562000,"An elderly man came to the CJP protest.

Dipke and the cockroaches thought he would make good reel material, so they went to him hoping to hear him rant against PM Modi.

Instead, the uncle gave them a lesson on PM Modi's honesty..😂 https://t.co/osSZeucJEW",PoliticalKida,Sat Jul 25 07:31:19 +0000 2026,1044,290,en
2078847123882475838,"""I won't hesitate in demanding resignation of PM Narendra Modi""

- ADITYA THACKERAY AT CJP PROTEST https://t.co/6HV2JIVm4d",NewsAlgebraIND,Sun Jul 19 14:19:12 +0000 2026,2826,336,en
2080993747240898684,"Cockroach Janta Party officially called off itsProtest 

#Delhi #CJP #Protest https://t.co/FZb9NgqCEo",Akshay_Rajput25,Sat Jul 25 12:29:06 +0000 2026,0,0,en
2079871852889981041,If Virat Kohli had joined the CJP protest https://t.co/Te5fKUbjbL,unfilterdguyy,Wed Jul 22 10:11:06 +0000 2026,6545,474,en
2079682721769722287,"There is a video of Delhi police personnel assaulting a Woman Protester. Soon after the video went viral, A few started claiming that the name of the police personnel is Inspector Prakash Meena. 

Fact : He is NOT Prakash Meena, But some other Police personal. Prakash Meena was https://t.co/KWQa5TQ9Gu",zoo_bear,Tue Jul 21 21:39:34 +0000 2026,12237,3195,en
2080285626922893517,"We're receiving multiple reports of students being randomly picked up from the streets while heading to or returning from Jantar Mantar and being detained.

We urge Delhi Police to stop these arbitrary detentions and the harassment of young students. Joining peaceful protest",Cockroachisback,Thu Jul 23 13:35:17 +0000 2026,13609,2926,en
2080204763258646595,"VIDEO | Delhi: Advocates at the Supreme Court read the Constitution's Preamble in support of the Jantar Mantar protest and against police action.

Advocate Indira Jaising says, ""We are here to stand with the students. We are here to stand on the side of justice. We are here to https://t.co/f53Iz1IlI3",PTI_News,Thu Jul 23 08:13:58 +0000 2026,13845,3730,en
2080851771677966709,"Gorlllss 

#GenZWithBharat #NEET #Modi #Delhi #Dharmendrapradhan #SonamWangchuk #CJP #CJPMovement #AbhijeetDipke #CockroachJantaParty #Protest #India #ModiGovernment #BJP #genz #jantarmantar https://t.co/u6DwQMBSs2",jaanverse,Sat Jul 25 03:04:57 +0000 2026,1639,276,en
2080954476060627052,"&gt; GCs tried to protest against UGC
&gt; Didn't get permission 
&gt; GCs were labelled as anti national, pakistani 
&gt; Dipke got permission in a day
&gt; Massive protests, chaos in delhi
&gt; Dharmendra Pradhan resigned today 
&gt; It's clear that Modi listen ONLY when there is street chaos",garvit_sethii,Sat Jul 25 09:53:04 +0000 2026,1141,311,en
2079185457771057318,Look how CJP supporters attacked a Delhi Police Personnel.  They deserve no sympathy. https://t.co/r3THhKbHhX,BefittingFacts,Mon Jul 20 12:43:37 +0000 2026,4158,1802,en
2080704173214187546,Bharatiya Kisan Union (Ekta Ugrahan) has announced that it will join the ongoing students' protest at Jantar Mantar in Delhi. The farmers' union will march to the national capital on July 27 and has said its members will remain in Delhi until the students' demands are accepted. https://t.co/At7pHpLZik,ramanmann1974,Fri Jul 24 17:18:27 +0000 2026,4503,975,en
2080113167108289016,"CJP protest had atleast 1 good effect:
People started talking about Reservation!!!",neha_laldas,Thu Jul 23 02:10:00 +0000 2026,20167,3177,en
2079639896919330902,Prakash Raj Sir Emotional Words on the Delhi Protest ❤️ https://t.co/kxBMSpSCcJ,lady_biggboss,Tue Jul 21 18:49:23 +0000 2026,4802,810,en
2079112905027686760,Delhi : Security intensified outside Parliament amid CJP protest and threats from the protesters. https://t.co/QUSNG2DDY4,NewsArenaIndia,Mon Jul 20 07:55:19 +0000 2026,4379,371,en
2079929458606395727,"Cockroach Janta Party Explained: Protest, Politics or Revolution? | Akhand Savdhaan

#cjp #bjp #jantarmantar #cjpprotest #sonamwangchuk https://t.co/vCtrE9mX0g",prachyam7,Wed Jul 22 14:00:00 +0000 2026,3694,1195,en
2079906502555697400,"Wild card entry has been made for the CJP protest at Jantar Mantar! 

Sikh Nihang brothers challenge the Delhi Police: ""Now kill our mothers and sisters."" https://t.co/apHqddMgAM",IAmNehaBhart,Wed Jul 22 12:28:47 +0000 2026,4435,768,en
2080848766429716510,"July 21, Safdarjung Hospital, when Sonam Wangchuk was trying to leave the premises to go to Medanta Hospital. Safdarjung Hospital administration and police tried to stop him, even though Delhi High Court allowed him to be shifted to Medanta, Gurugram. 
https://t.co/GmC7bVDFyL https://t.co/iTC5NT1WNj",the_hindu,Sat Jul 25 02:53:00 +0000 2026,5517,1260,en
2079240630010778098,"Mumbai Police mogs Delhi Police every single time!

she asks Mumbai Police at Dadar: “protest allowed nahi hai kya?” Mumbai Police: “nahi, par hona chahiye tha”.

same protest. same issue. just 2 different police systems https://t.co/GaOIiW5BQS",mishradidi,Mon Jul 20 16:22:51 +0000 2026,6122,402,en
2079566386482041097,Finger print bureau and FSL units of delhi police have taken the finger print of all those involved in  vandalising the police vehicle and also at jantar mantar protest yesterday. https://t.co/9xymbcseie,Neetivaan,Tue Jul 21 13:57:17 +0000 2026,5622,871,en
2079814624741073089,This image is the symbol of CJP protest https://t.co/UVsOmgoG1b,NindaTurtles,Wed Jul 22 06:23:42 +0000 2026,8667,2364,en
2080027408116441090,"“Govt must simply remove Dharmendra Pradhan from his post so that CJP ends its protest.”

- AAP's Saurabh Bharadwaj

BJP supporters question - 

“If tomorrow BJP holds protest and demands Bhagwant Mann’s resignation case will you oblige?” https://t.co/Uc4H3bLolg",NewsArenaIndia,Wed Jul 22 20:29:13 +0000 2026,5030,1005,en
2079435723103674558,Joining CJP Protest https://t.co/Cfal5mhNAU,SarcasmHit,Tue Jul 21 05:18:05 +0000 2026,4914,366,en
2079224228319252786,"BIG BREAKING 🚨 CJP's Sourav Das in big trouble.

On Sourav Dass's claims, NHRC says ""Find the Child. Treat the Child. Identify Those Responsible or Else File an FIR Against Sourav Das""

NHRC takes cognizance of allegations that a minor girl was injured during the New Delhi https://t.co/zUuADUvI8z",NewsAlgebraIND,Mon Jul 20 15:17:40 +0000 2026,9303,2450,en
2063651278073504245,"🚨 SHOCKING &amp; SHAMEFUL 

A Cockroach claiming to be Delhi High Court advocate participating in the CJP protest says, “I have NO PROBLEM if India is BROKEN into 7 pieces.” https://t.co/VQPrKlRfAJ",MeghUpdates,Sun Jun 07 15:56:20 +0000 2026,10444,4847,en
2080597393993851308,#BREAKING: Delhi High Court rejects PIL Seeking NIA Probe into CJP Protest at Jantar Mantar in New Delhi.,AdityaRajKaul,Fri Jul 24 10:14:09 +0000 2026,4230,301,en
2080639257593741721,"BIG NEWS 🚨 Passports of Those Found Involved in Riots to Be Cancelled

Huge action by Delhi Police on CJP Protest🔥 https://t.co/sl44y7dh9X",PoliticalViewsO,Fri Jul 24 13:00:30 +0000 2026,3681,488,en
2074451326726234415,"Rain in Delhi and fun at the CJP protest go hand in hand.

Junaid Bhai came with 1,500 Garma Garam Samosas for everyone, along with 100 dozen Bananas.

Only Sonam Wangchuk won't be able to enjoy the taste of all these things. 😢😢 https://t.co/a1vWPAI0R5",AMIT_GUJJU,Tue Jul 07 11:11:52 +0000 2026,909,183,en
2080731708752908508,"This woman at the CJP protest is threatening to turn Delhi into Nepal. 
She looks suspicious. 
@DelhiPolice must investigate her links.
From @erbmjha https://t.co/pYFCzns1oj",sanjoychakra,Fri Jul 24 19:07:52 +0000 2026,358,313,en
2076526934843125890,"Good news for you, Priyank Kharge and INC.

The RSS has received over 25 lakhs online application in West Bengal from youths expressing a keen interest in joining the Rashtriya Swayamsevak Sangh.

While Abhijeet Dipke is struggling with 50 Cockroaches at Delhi in his CJP protest, https://t.co/Qbk8BG3VQq",PoornimaNimo,Mon Jul 13 04:39:35 +0000 2026,3466,1068,en
2073621834424266861,"Abhijeet Dipke called German Shepherd (aka Dhruv Rathee) form Jantar Mantar.

When some people asked Dhruv Rathee to come to Delhi and join the CJP protest, Dhruv Rathee ignored them. 🤣🤣🤣 https://t.co/7h7hIqMQv6",Incognito_qfs,Sun Jul 05 04:15:46 +0000 2026,1466,265,en
2063169350002241738,"My experience after attending today's CJP Protests:

I have covered various protests for my media house over the last 15 years.

I have attended the IAC protests, Farmers' Protest, Wrestlers' Protest, and now the CJP Protest.

Let me share my experience comparing the CJP Protest https://t.co/8cbDCc3MJV",AMIT_GUJJU,Sat Jun 06 08:01:19 +0000 2026,4910,1009,en
2079181881858523369,"Delhi Police personnel detain supporters of the CJP during a protest march near Parliament in New Delhi, India, on Monday, July 20, 2026.

#Delhi #Protest #CJP

(Photo by @rajkraj_ht  / Hindustan Times) https://t.co/g0QQog0bQg",htTweets,Mon Jul 20 12:29:24 +0000 2026,973,277,en
2068258930921468318,"CJP protest in Delhi : Jantar Mantar sees better turnout than last time, protestors wait for Dipke ji, https://t.co/n7vvumJI9v",CJP_for_India,Sat Jun 20 09:05:30 +0000 2026,351,76,en
2080707180798627861,"🪳 A guy from Kerala claims the CJP protest in Delhi is deeply connected to Islam, citing rise of cockroaches. https://t.co/q0I2Lc1hOS",FalconUpdatesHQ,Fri Jul 24 17:30:24 +0000 2026,249,50,en
2062568257488585085,"Cockroach Janta Party: Protest या Planned Chaos? | 6 June Delhi | CJP Protest

https://t.co/tt1qRVCvuD https://t.co/LMzwqoyCkG",shubhankrmishra,Thu Jun 04 16:12:47 +0000 2026,393,61,en
2062912787983294605,"Important announcement from CJP spokespersons about 6th June protest.

Assemble at Parliament Street police station at 9am

#cjp #delhi #protest #jantarmantar #trendingnow https://t.co/8exsPXrwbu",voicesindians,Fri Jun 05 15:01:50 +0000 2026,12,2,en
2074330591601029207,"Meet Mohammed Junaid

&gt; He comes from Delhi.

&gt; He calls himself a social worker.

&gt; He is playing an active role in the CJP protest at Jantar Mantar, Delhi.

&gt; He is running a community kitchen at Jantar Mantar, Delhi.

&gt; He is providing free food and drinks to people attending https://t.co/MizX8mrxcl",HCP_2026,Tue Jul 07 03:12:06 +0000 2026,108,17,en
2068401695944855827,"Cockroach Janta Party | CJP Protest
Jantar Mantar, Delhi 📍
Dharamder Pradhan - RESIGNATION https://t.co/6qMMF0YHAD",CJP_for_India,Sat Jun 20 18:32:48 +0000 2026,475,127,en
2076528475549454588,"Abhijeet Dipke started his morning by picking yet another unnecessary fight with the Delhi Police at the CJP protest.

He was trying to set up a new tent for Sonam Wangchuk on government land at Jantar Mantar without following the required process.

The moment the police asked https://t.co/SPMK2xtr9g",AMIT_GUJJU,Mon Jul 13 04:45:43 +0000 2026,2048,481,en
2062446889178710523,Delhi Police reply to CJP Protest😂 https://t.co/T5PFz7kucF,JaipurDialogues,Thu Jun 04 08:10:31 +0000 2026,4257,827,en
2063647085228962191,"Important announcement 📣 

CJP will mobilize across India before returning to Delhi for our next big protest. 

Dharmendra Pradhan must resign! https://t.co/y3Oq5cxOki",Cockroachisback,Sun Jun 07 15:39:40 +0000 2026,25242,4875,en
2078004714189533453,"𝗖𝗝𝗣 Protest – Day 27 
Jantar Mantar 📍

🚇 In Delhi Metro 🔥

Parents take loans to educate their children, but 94+ paper leaks have left families worried and distressed... 😢 https://t.co/gtx15ne4b3",CJP_is_back,Fri Jul 17 06:31:45 +0000 2026,2508,678,en
2080677984927879597,"He is rapper Vedan from Kochi

-He performed songs in support of the CJP protest in Delhi.

-In this video, he talks about alleged police suppression on CJP

Now, Kerala Police have registered FIR against over 100 people in connection on his Kochi event, with rapper Vedan’s https://t.co/n4hZ7r7VG5",FabulasGuy,Fri Jul 24 15:34:23 +0000 2026,600,142,en
2079804500714696978,CJP Protest Full video Delhi CP #viralreels #delhi #viral #viralpost  #cjp #bjp https://t.co/gJhm1FqEgd,im_inba1,Wed Jul 22 05:43:28 +0000 2026,6527,1352,en
2068685732873699419,"Shyam Meera Singh was beaten up during the CJP protest. 🥳

Source - Cjp Protest, Jantar Mantar Delhi. https://t.co/fA9JO48PUl",KrishaAsiagh,Sun Jun 21 13:21:27 +0000 2026,76,18,en
2063104501222166951,"Cockroach Janta Party -Abhijeet Dipke

CJP Delhi protest You should take the book with Modi's guarantee. Abhijeet Dipke has asked his cockroach to bring the book.

The youth should get the message about what Mr. Modi had promised before becoming the Prime Minister and what he is https://t.co/jIumd1TZ95",Oyemisty,Sat Jun 06 03:43:38 +0000 2026,110,21,en
2079938007034126802,"Yesterday, when these Nihang Sikhs arrived at the CJP protest, they said they had come to Delhi only for one day to support the protest and would return afterward.

Today, they are now saying that they will stay in Delhi as long as the CJP protest continues and that they will not https://t.co/BLnV56CSGf",SaffronChargers,Wed Jul 22 14:33:58 +0000 2026,832,286,en
2078386536929006020,"VIDEO | Delhi: A woman throws ink at Cockroach Janata Party (CJP) founder Abhijeet Dipke at Jantar Mantar leading to chaos at the protest site. More details are awaited.

#JantarMantar #Delhi #CJP

(Full video available on PTI Videos - https://t.co/n147TvrpG7) https://t.co/VF5sG18fC2",PTI_News,Sat Jul 18 07:48:59 +0000 2026,901,131,en
2063242185106198571,This is why Cockroach janta party CJP Protest failed in Delhi https://t.co/0v6Kc8m3Rb,digitalindianyt,Sat Jun 06 12:50:44 +0000 2026,3529,602,en
2061351455995416776,"Important announcement:

CJP Founder @abhijeet_dipke will return to India on June 6 for a peaceful protest at Jantar Mantar, Delhi, demanding the resignation of the Education Minister. https://t.co/x9M1v38Pwu",Cockroachisback,Mon Jun 01 07:37:39 +0000 2026,39061,8777,en
2071199383555875250,"As Sonam Wangchuk has now begun a hunger strike at the CJP protest in Delhi today,

Now, sources indicate that in the coming days, an actor and a singer are also expected to arrive in Delhi to join the protest.

The actor is well-known for playing villain roles in movies and",SaffronChargers,Sun Jun 28 11:49:48 +0000 2026,659,154,en
2063104239531118922,"Delhi Police gives permission for Protest at Jantar Mantar.

CJP had planned Drama outside Police Station, so police gave permission at Airport itself.

Now CJP has no Excuse for confrontation with Delhi Police.

But CJP doesn't want peaceful protest, they want Chaos.

They https://t.co/xY4JaozMUq",AnkurSingh,Sat Jun 06 03:42:35 +0000 2026,1470,373,en
2075895399328469156,"BJP came to power saying 'Make in India' but they have only promoted 'leak in India'.

- Actor Prakash Raj joins CJP protest in Delhi https://t.co/Q5SIaNJNev",NewsArenaIndia,Sat Jul 11 10:50:06 +0000 2026,193,17,en
2072739555716042896,"This person who openly questioned the existance of Prabhu Shree Ram, slammed SC judgement, abused Prabhu Ram and Mata Sita, unnecessarily dragged PM Modi's wife and mother - was given Stage at CJP protest in Delhi. https://t.co/jxRH3YliAL",MeghUpdates,Thu Jul 02 17:49:54 +0000 2026,735,262,en
2075564670057074969,"#WATCH | Punjabi Singer, Song Writer and Producer Kaka @Its_Kaka_Ji reached at CJP Protest Site Jantar Mantar, Delhi. 

Kaka extended solidarity with the protesters. He sang a song and said that ""will try to join the march on 20th July to parliament. All are sitting here are my https://t.co/2z2vCspUd8",hnpnewz,Fri Jul 10 12:55:54 +0000 2026,130,28,en
2075251259981111566,"Let me tell you how big a liar Abhijeet Dipke is.

The Delhi Police immediately allowed the CJP protest to put up a tent and a tarpaulin to protect themselves from the rain. But Abhijeet Dipke insisted on using iron stands instead.

The police also allowed the tarpaulin to be https://t.co/RZb0KIIZ60",AMIT_GUJJU,Thu Jul 09 16:10:31 +0000 2026,1187,406,en
2068720449207628108,"Cockroach Janta party Protest | CJP
Day 2, Delhi 📍
⏱️ 8:40 PM

👦 Bande mein Dum to hain 👊🏻

#भरतपुर_चलो #One8GlobalPremiere 
#OGUniverse हनुमान सेना
#WilliamEstFMinMadrid https://t.co/eIkLtZtqwD",GameonNewbie,Sun Jun 21 15:39:24 +0000 2026,1327,299,en
2080553773228007668,"This girl traveled a very long distance to attend the CJP protest in Delhi against her parents' wishes.

After reaching there, she has been partying, eating all day, and telling everyone what she has eaten - pizza, burgers, Chaayos tea, cold drinks, snacks, and biscuits.

She is https://t.co/TinkFHgri0",SaffronChargers,Fri Jul 24 07:20:49 +0000 2026,2286,703,en
2068339756673700036,"7.55 PM, 20 June, 2026. Jantar Mantar, New Delhi.

CJP continues protest at Jantar Mantar

Abhijeet Dipke Appeals to Delhi Police to turn on lights and don’t stop  Water Bottles at the entrance. 

Video Source : @Cockroachisback https://t.co/vxLRK1A1Si",jeelanikash,Sat Jun 20 14:26:40 +0000 2026,759,178,en
2073732372160532851,"Arundhati Roy receives a grand welcome at the CJP protest in Delhi.

This is the same Arundhati Roy who once argued that:
-&gt; Goa’s 1961 liberation was an “upper-caste Hindu state waging WAR against Christians.” https://t.co/8mDmyTgrTs",Indian_Analyzer,Sun Jul 05 11:35:00 +0000 2026,1183,401,en
2079208377205633183,🚨 Breaking : Pakistan Angle to be Investigate in case of CJP Protest in Delhi today : Delhi Police Sources,Rudraeyes,Mon Jul 20 14:14:41 +0000 2026,1868,303,en
2078335940309983391,"NEET Aspirant Mohammad Junaid Wants ""Nationwide Protest"" After Delhi Police Action.

🪳Junaid:

""Very sad news coming from Jantar Mantar""

""Now we all need to nationwide protest""

""Delhi Police might arrest me as well""

Any Words For Junaid?

🤡

#cjp https://t.co/TcZDyzHbOg",Dear_Men_Life,Sat Jul 18 04:27:56 +0000 2026,368,92,en
2079245703747113202,Delhi Police to probe violence during CJP protest from Pakistan angle. https://t.co/MwwxyQ8sWM,IndianGems_,Mon Jul 20 16:43:00 +0000 2026,1085,145,en
2077015228366078041,"▶️ #WATCH | Former Bombay Hight Court judge B G Kolse Patil came at Jantar Mantar, Delhi to extend solidarity with the CJP protest and protesting students.

🗣️Kolse Patel : 

➡️ We don't want to let die Sonam Wangchuk at like this. 

➡️ We are coming to join Parliament March on https://t.co/jsYF44q0sy",hnpnewz,Tue Jul 14 12:59:54 +0000 2026,736,229,en
2079439799988203738,"#WATCH | Delhi | On the CJP protest outside Parliament yesterday, BJP MP Kangana Ranaut says, ""All parliamentarians were inside the Parliament. We all were scared, thinking that the mob might attack us. I appreciate Delhi Police for playing the role of a shield, not letting https://t.co/Oop3B29PKw",ANI,Tue Jul 21 05:34:17 +0000 2026,7710,648,en
2075149775553589624,"🚨 #WATCH | CJP Protest Jantar Mantar, Delhi 🚨 

➡️Protesters at Delhi's Jantar Mantar are being prevented from entering the protest site. 

➡️Students have started a sit-in protest right outside the venue.

➡️A heavy police force has been deployed there.

➡️Amidst the rain, the https://t.co/1j3iCopEPY",hnpnewz,Thu Jul 09 09:27:15 +0000 2026,108,43,en
2063135118701875383,"Abhijeet Dipke Reaches Jantar Mantar, Large Crowds Gather for CJP Protest

Delhi: The Cockroach Janta Party (CJP) protest got underway at Jantar Mantar as founder Abhijeet Dipke arrived at the venue and addressed supporters.

A large gathering of people joined the demonstration, https://t.co/TvNDQpiKSO",CNNnews18,Sat Jun 06 05:45:18 +0000 2026,300,97,en
2079400004553166946,"""Were their kids not affected by NEET??"" He praises Delhi Police for their relentless duty during CJP protest. Full support and respect to Delhi Police! 🙏🏼 https://t.co/gpkZ4Ge2kZ",Alpakanya,Tue Jul 21 02:56:09 +0000 2026,4735,805,en
2063653840617165305,"Important announcement 📣 

CJP will mobilize across India before returning to Delhi for our next big protest. 

Dharmendra Pradhan must resign!

#CockroachJantaParty #CJP #AbhijitDipke #delhi https://t.co/5JtHqGNfHL",TheCockroachIND,Sun Jun 07 16:06:31 +0000 2026,245,63,en
2068274423338336753,"Cockroach Janta Party | CJP Protest
Jantar Mantar, Delhi 📍

🚫 Corono Days - Thali Bajao 😎

Go Pradhan go. https://t.co/Xz2ivTJlRH",CJP_for_India,Sat Jun 20 10:07:03 +0000 2026,872,181,en
2078341583402127490,Delhi: Cockroach Janta Party (CJP) founder Abhijeet Dipke broke down in tears at the Jantar Mantar protest site during the ongoing demonstration following activist Sonam Wangchuk's removal from the venue by the Delhi Police https://t.co/wfgfDoZVHb,ians_india,Sat Jul 18 04:50:21 +0000 2026,810,139,en
2079035430373364132,"One of most important reasons behind this CJP protest is the FCRA bill. Once passed, the open foreign funding of these Naxals-Jihadis will be stopped...",Mrsinha,Mon Jul 20 02:47:27 +0000 2026,9263,1656,en
2080932941497245698,"SHOCKING NEWS 🚨 Political analyst Amitabh Tiwari says he received invitation from Pakistani TV channel to discuss CJP protest 🤯

He said he declined as he loves India 🔥",NewsAlgebraIND,Sat Jul 25 08:27:29 +0000 2026,1956,210,en
2080220052704620936,"Police using teargas, lathis with nails during CJP Protest: Gopal Sankaranayanan to Delhi High Court https://t.co/9T1kcrTvag",barandbench,Thu Jul 23 09:14:43 +0000 2026,10826,2658,en
2077720124971487632,"Parliament Session starts 20th July

All MPs will be in Delhi and CJP protest is also going on

Do you think this will Turn into a Political Movement?",JaipurDialogues,Thu Jul 16 11:40:54 +0000 2026,753,84,en
2080858544237343084,SFI-CJP bought the full dehati brigade from Park Circus-Moulali in yesterday's protest. See how they are harassing Journalist @SreyashiDey. https://t.co/ZqKHBJay2W,SudhanidhiB,Sat Jul 25 03:31:52 +0000 2026,404,121,en
2080247345145598386,"WTF!? Are we in North Korea?

Delhi Police halting autorickshaws 
to stop people (who appear like students) from going to the protest site at Jantar Mantar

This is near Nizamuddin 17 metro stations leading to the protest site are already shut

🎥 @ikasnik https://t.co/2If6AYyqjI",SidKeVichaar,Thu Jul 23 11:03:10 +0000 2026,6004,1724,en
2079086722865070196,"CJP Protest | Internet ‘Jammed’ in Central Delhi

Protesters allege signal jammers have disrupted mobile networks at Jantar Mantar, forcing many to walk nearly 2 km away from the protest site to access the internet, make calls and stay connected.

@vipul_reports https://t.co/PWWLkmq655",thewire_in,Mon Jul 20 06:11:16 +0000 2026,2275,823,en
2079166444705587236,"Hundreds of supporters of India's youth-led ""cockroach"" movement gathered in New Delhi on Monday, seeking the resignation of the education minister despite police denying permission for the protest. https://t.co/OYtrHoIB3w",japantimes,Mon Jul 20 11:28:04 +0000 2026,8651,2468,en
2075926447907291399,"After getting bail in multiple voter ID cards case, Prakash Raj reaches CJP protest site in Delhi, says

""We now have weapon of social media, you (BJP) came to power with that now with same social media we will take you down. Cockroaches have support.."" https://t.co/01XzDhflTX",MeghUpdates,Sat Jul 11 12:53:28 +0000 2026,1762,354,en
2080884244885524900,"🚨 BIG BREAKING 

Delhi Police's Facial Recognition System (FRS) IDENTIFIED 2,500+ people with CRIMINAL antecedents during the Jantar Mantar protest by matching live camera feeds with its database. https://t.co/6i6lVm9h2N",MeghUpdates,Sat Jul 25 05:13:59 +0000 2026,9743,2607,en
2080132164243562503,"#WATCH | Delhi: CCTV footage from July 20th during the protest at Jantar Mantar has surfaced, which has been confirmed by the Delhi Police. The footage shows incidents of stone-pelting, breaking of glass at petrol pumps and shops. Delhi Police and RAF personnel are also seen https://t.co/HSmZb5MTGW",ANI,Thu Jul 23 03:25:29 +0000 2026,10348,2810,en
2077683798766956888,"▶️ #WATCH | Abhinay Sharma @abhinaymaths known as Abhinay Sir, famous for his unique style of teaching mathematics, visited Jantar Mantar and reiterated his support for the ongoing CJP protest in Delhi.

➡️ Abhinay Sharma criticizes the government for its perceived lack of https://t.co/AzW7DrUIAa",hnpnewz,Thu Jul 16 09:16:33 +0000 2026,2892,737,en
2079642380115063049,"CJP protesters were chasing and attacking RAF personnel in Delhi's Connaught Place.

Will Abhijeet Dipke still call this a peaceful protest?

What kind of students are these if all they seem to want is violence? https://t.co/yUvmz8dDyw",AMIT_GUJJU,Tue Jul 21 18:59:15 +0000 2026,2100,667,en
2080867050709492067,"24/07/26 - Was at Jantar Mantar protest for around 8 hours, 3 to 11 pm &amp; I have never felt safer in Delhi. They made such good arrangements for women’s security - something which even government has failed to provide. Normally you can’t step outside after sunset in Delhi without https://t.co/M8vE27nFEx",thenidhiji,Sat Jul 25 04:05:40 +0000 2026,2336,397,en
2079440813281673390,"Sad News: A 21-year-old girl from Uttam Nagar injured during yesterday's protest in Delhi is in critical condition and on ventilator support at RML Hospital.

 #JantarMantar",hemantrajora_,Tue Jul 21 05:38:18 +0000 2026,7962,2708,en
2079845674938716432,"Historic Scenes in Delhi.

Modi’s Police blocked Metro Stations to stop people from going to the protest site, but this started troubling regular commuters too.

All of them started chanting Vande Matram and Modi teri Taanashahi nahi chalegi in front of his thullas.

This nation",RoshanKrRaii,Wed Jul 22 08:27:05 +0000 2026,4310,1266,en
2080215773793140853,"Joju George stands with the students. 🔥😍
Actor Joju George attended the solidarity in support of the students’ protest taking place in Delhi. ❤️ https://t.co/s9OaP7OyPF",Liberal_India1,Thu Jul 23 08:57:43 +0000 2026,8238,1189,en
2078722755038716051,"🚨 ARTICLE 370 on CJP Agenda?

Calls for the RESTORATION of Article 370 were raised from the CJP protest stage by an J&amp;K MP 🤯

- Wangchuk calls it ""FREEDOM MARCH""
- Calls for Umar Khalid &amp; Article 370
What's next?👀
https://t.co/kmMOsp1YH4",Indian_Analyzer,Sun Jul 19 06:05:00 +0000 2026,4096,1476,en
2079615865918775769,"Just received this from a friend. An interesting take that looks beyond the immediate controversy and asks whether the battle is really about an education minister, or about far larger interests. Worth a read and an informed debate.

🪳 protests major issue funded from abroad",NBDwrites,Tue Jul 21 17:13:54 +0000 2026,1597,693,en
2078381580025020668,"After Sonam Wangchuk was admitted to the hospital this morning, some CJP supporters at Jantar Mantar themselves started chanting, ""Delhi Police, we love you.""

They said the Delhi Police did the right thing by taking Sonam Wangchuk's health into consideration. https://t.co/7XMaqZcYBI",AMIT_GUJJU,Sat Jul 18 07:29:17 +0000 2026,5824,805,en
2061424681711014315,CJP planning protest in delhi on 6th June and is asking youth to come and contribute meet founder at airport and go to jantar mantar with him. Should they right now focus on Re-Neet or go and take the ground ? https://t.co/w6sx4xSJGp,praffulgarg97,Mon Jun 01 12:28:38 +0000 2026,1471,298,en
2078450819624784352,"""Bas Naam Rahega Allah Ka"" is chanted openly from the CJP stage, yet a man writing ""Ram-Ram"" says he was threatened by cockroaches.

Manish Pal, who writes ""Ram-Ram"" on grains of rice, alleges: ""The cockroaches told me, Ram's name won't be allowed here.""

Love for ""Allah,"" https://t.co/pjvtlC7Jpg",OpIndia_com,Sat Jul 18 12:04:25 +0000 2026,5405,2058,en
2079840278425542908,"Harsh Yadav who promoted CJP has been thrown out of Protest Site

He asked a question about slogans raised in CJP Protest.

Ranka told his men to throw Harsh Yadav out. https://t.co/JF7PjwniDQ",AnkurSingh,Wed Jul 22 08:05:38 +0000 2026,5132,1650,en
2078304932403487051,"Delhi police has picked up @Wangchuk66 and beaten Dipke.

Please start peaceful protest in your cities. 

This is the most disgusting government in the history of India. https://t.co/QhB03gtHav",AshutoshRanka,Sat Jul 18 02:24:43 +0000 2026,8710,2570,en
2080019140706971950,"You think Modi Govt is a Joke 💀💀

Delhi Police’s newest crowd control tool includes a pair of Meta Ray-Bans AI glasses.

Meta AI smart glasses debuted for VIP security back on Republic Day? Fast forward to today, and they are being worn by officers right on the frontlines to https://t.co/KFGkLZCbT4",CommanMan777589,Wed Jul 22 19:56:22 +0000 2026,5809,1121,en
2080532653141614812,"Mohd. Aslam was distributing water bottles at CJP protest.
Police came and asked for his adhar card, took his details.
At 10 pm, six police officers raided his house.
Arrested him with unknown charges.
Out of lakhs of protesters, police found only Aslam to punish.

Remember it.",_shiblee,Fri Jul 24 05:56:53 +0000 2026,8149,2701,en
2075963056895754305,"🚨 #WATCH : CJP Protest Jantar Mantar, Delhi 🚨 

➡️ CJP chief Abhijit Dipke injured at Jantar Mantar.

➡️ It is possible that Dipke was injured in the clash with the Delhi Police.

➡️ A bandage is wrapped around the palm of his left hand.

➡️ We can see that after all odds he is https://t.co/OPG5EuTtjz",hnpnewz,Sat Jul 11 15:18:56 +0000 2026,27,8,en
2062896972911226888,"BIG

No request has been received for protest from CJP - Delhi Police 

Kejriwal model of anarchy repeating ?",FrontalForce,Fri Jun 05 13:58:59 +0000 2026,1511,235,en
2080871461682893119,"Umar Khalid and Sharjeel celebrated and eulogised in front of Abhijit Dipke- on the official platform of CJP…

What is their connection in NEET protest? 🧐 https://t.co/SWTjZMdwVq",Shehzad_Ind,Sat Jul 25 04:23:11 +0000 2026,3459,1282,en
2078321176062099484,"After climate activist Sonam Wangchuk was forcefully picked up by the Delhi Police on July 18, student protesters continue to remain at Jantar Mantar, forming a protective chain around three AISA protesters continuing their hunger strike.

CJP Protest | New Delhi https://t.co/dMvYZFfvUy",thewire_in,Sat Jul 18 03:29:16 +0000 2026,1332,394,en
2079773837000855730,"🚨 BIG BREAKING 

Delhi Police has registered 6 FIRs over the CJP Parliament march violence and is probing whether there was a LARGER CONSPIRACY behind the unrest.
— CCTV footage, including facial recognition cameras, mobile phone recordings, and social media posts are being",MeghUpdates,Wed Jul 22 03:41:37 +0000 2026,5550,1220,en
2080518029558059052,"VIDEO | Delhi Jantar Mantar Protest: CJP spokesperson Ashutosh Ranka addresses protestors, says, ""They are now afraid because of you all... You may be not aware... PM Modi released a video at 12.30 am. This is for the first time that PM Modi has released a video so late at https://t.co/kwfScwmgLh",PTI_News,Fri Jul 24 04:58:47 +0000 2026,3902,702,en
2079598720132501738,"FAKE NEWS ALERT! 
The 'Fact Check' of @zoo_bear's video by @DelhiPolice is FALSE. 
Here is Fact Check of the False 'Fact Check' by the @DelhiPolice,  @PIBFactCheck &amp; @DDNewslive 

Claim : Delhi Police claims this videoof police carrying batons fitted with nails is not related to https://t.co/3SnNDR8fix",zoo_bear,Tue Jul 21 16:05:46 +0000 2026,7263,2265,en
2079439811312754787,"Cockroach protest reaches London!

Indians in London demonstrated to show solidarity with the students who were lathicharged in Delhi yesterday. https://t.co/n3TuPbdZpI",PunsterX,Tue Jul 21 05:34:19 +0000 2026,8034,2362,en
2079638300026138755,"The CJP protesters showed a sword to the police at Jantar Mantar today and chased them away.

Are these NEET students or rioters?

What will Abhijeet Dipke and Sonam Wangchuk have to say about this?

The CJP protesters have come to create chaos across Delhi. https://t.co/fIZgryZ7fN",AMIT_GUJJU,Tue Jul 21 18:43:03 +0000 2026,3733,1259,en
2078885163074011460,"DCP New Delhi, Sachin Sharma has clarified that no application seeking permission for a protest march by CJP has been received by the Delhi Police, nor has any permission been granted for 20th July protest march. https://t.co/yISILBQHcg",AdityaRajKaul,Sun Jul 19 16:50:21 +0000 2026,7845,1420,en
2079952554063179927,"Today, the Hon'ble High Court of Delhi, issued notice to the Delhi Police, seeking its response within 4 weeks, and further directed that all relevant CCTV footage be preserved in PIL (CRL.) No. 2146/2026 – Umesh Kumar v. Delhi Police We express our sincere gratitude to the https://t.co/Fc1YekChGn",ronak_khatrii,Wed Jul 22 15:31:47 +0000 2026,5364,1570,en
2079578299752435981,What was a Gunda doing in CJP Protest?! https://t.co/EeCX7YEf73,JaipurDialogues,Tue Jul 21 14:44:38 +0000 2026,5472,2134,en
2080911804054765826,"If being a slimeball had a face, it would be Rajdeep Sardesai.

He writes a long post glorifying one of the prominent faces of the protest in the name of students, yet conveniently omits a detail that readers deserve to know: the individual is an AAP office bearer from Rajasthan https://t.co/fgKqLpXSXu",amitmalviya,Sat Jul 25 07:03:30 +0000 2026,4136,1454,en
2079498386731110853,"BJP is again letting a Small Protest become a Monster just like Shaheen Bagh and Farmers Protest 

Delhi Police should be given a free hand 

Finish this Nonsense in name of Student Protest once and for all",JaipurDialogues,Tue Jul 21 09:27:05 +0000 2026,7472,1298,en
2078877642795954340,"🚨 BREAKING!

Hundreds of buses carrying Punjab farmers will head to Delhi on JULY 20 for the “Desh Bachao Morcha” rally at Kisan Ghat 🤯

— The protest will be held against the proposed India–US trade deal. https://t.co/RhtOfsigTj",Indian_Analyzer,Sun Jul 19 16:20:28 +0000 2026,2192,394,en
2079871058140918088,"Video from Nepal goes viral, saying they want to cross border and join Cockroaches in Protest in Delhi. Let's topple the government of India like we did in Nepal, they are feeling hot after watching scenes at Jantar Mantar. https://t.co/YqWog3kNUu",MeghUpdates,Wed Jul 22 10:07:57 +0000 2026,1580,393,en
2079538836024201676,"Hostel Daze fame actor Nikhil Vijay joined the CJP protest at Jantar Mantar.

Listen to what he has to say. https://t.co/IkG3VOBiV5",Delhiite_,Tue Jul 21 12:07:49 +0000 2026,12820,1924,en
2079002133370995105,"Message for Cockroach Janta Party from a BJP Worker Dipike and Sonam Wangchuk from a BJP Worker about the Cockroaches Protest at Jantar Mantar 

#cjp #cjpprotest #sonamwangchuk #cockroachjantaparty #bjp https://t.co/c0tIi5Ea5M",voicesindians,Mon Jul 20 00:35:09 +0000 2026,5829,1431,en
2080258848754204727,"Reality of CJP Protest!

Police was standing peacefully, CJP Goons attacked them, pelted stones at Police.

Peek TV which promoted CJP got stuck in the  attack and its anchor fell down.

They finally had to run away because of the violent CJP Goons. https://t.co/A2XNfU3Onx",AnkurSingh,Thu Jul 23 11:48:53 +0000 2026,3151,1249,en
2078469876880908791,"Delhi Police is planning to crackdown on our protest during night or early hours of morning - silencing the voice of youth.

We request everyone to join us for night vigil at Jantar Mantar, so that together we can march to Sansad on 20th https://t.co/0Pk2HLW6mG",abhijeet_dipke,Sat Jul 18 13:20:09 +0000 2026,19346,4636,en
2080856778330279936,"Urgent attention is needed regarding the CJP Tamil Nadu protest.

@abhijeet_dipke @Wangchuk66 @Cockroachisback @CJP_for_India 

Please review what is happening under the CJP banner in Tamil Nadu.  A protest supposedly demanding a fair NEET has been diverted into personal attacks https://t.co/syI1GabwQj",raavanamavan7,Sat Jul 25 03:24:51 +0000 2026,805,301,en
2079176528181764159,"Real Face of CJP Protest.

https://t.co/gY0XStW7rF",rishibagree,Mon Jul 20 12:08:08 +0000 2026,4513,1521,en
2079777346052317204,"The students' protest in New Delhi has now captured the attention of the entire country.

We were the first to warn that #NEET was designed to enable large-scale irregularities. That is why the DMK has opposed NEET from the very beginning, consistently pointing out the the https://t.co/HIoXWLIvwR",mkstalin,Wed Jul 22 03:55:34 +0000 2026,18527,6065,en
2080274011532284212,"Delhi Police dropping the hammer🔥

PTI reports: Passports of those DIRECTLY involved in vi0£ence during CJP protest may be CANCELLED. 

CCTV, videos &amp; evidence being used to identify ri0ters. No more hiding abroad after creating chaos at home.

Actions have consequences. And pls",MumbaichaDon,Thu Jul 23 12:49:08 +0000 2026,6390,1615,en
2079264336745554019,Now Islamist who are part of the CJP protest are doxxing and targeting women RAF employees. https://t.co/wU6CNBFQJ4,VijayGajeraO,Mon Jul 20 17:57:03 +0000 2026,15790,4073,en
2079081476138910067,"They've jammed the internet. 
They've barricaded all of Central Delhi. 
Won't resign. Won't let people protest
PEAK ARROGANCE",sundaysarthak,Mon Jul 20 05:50:26 +0000 2026,14677,2570,en
2079010182282064342,"Shame on Delhi Police!

A truck loaded with stones and a wrecked van have already been placed at Jantar Mantar.

Soon, the Godi media will run stories claiming that the protesters vandalised the van to defame this peaceful protest. https://t.co/5ZOPOLHm8v",abhijeet_dipke,Mon Jul 20 01:07:08 +0000 2026,24858,8165,en
2079944160715702306,CJP Activist and Spokesperson Vijeta Dahiya in this video says his teammates have made him a “Bali Ka Bakra” (Scapegoat) after Abhijit Dipke called him and asked not to come to Jantar Mantar protest venue because the burger video had gone viral. https://t.co/xHoDHIQkLn,AdityaRajKaul,Wed Jul 22 14:58:26 +0000 2026,2998,524,en
2079970714074132847,Reports of fresh mob violence by the CJP mob near Jantar Mantar. They are trying to lynch security personnel including RAF and Delhi Police officials https://t.co/tkdPS17m9C,UnSubtleDesi,Wed Jul 22 16:43:56 +0000 2026,3341,1438,en
2080162530652278945,#BREAKING: PIL seeking NIA probe into CJP Parliament Protest March mentioned before Delhi High Court today. Court has allowed listing of the matter for tomorrow. Plea seeks probe into allegations of foreign funding of CJP protest at Jantar Mantar.,AdityaRajKaul,Thu Jul 23 05:26:09 +0000 2026,15668,3326,en
2080953965609709947,"𝗝𝘂𝗻𝗲 𝟲 : First CJP meetup, major BJP accounts trolled for less crowd appearance 
𝗝𝘂𝗻𝗲 𝟮𝟬 : First Day of NEET Protest 
𝗝𝘂𝗻𝗲 𝟮𝟱 : Educational Minister Resigned 

Never Mess with GenZ &amp; CJP https://t.co/xm2KeMPjW9",NenuHanma,Sat Jul 25 09:51:02 +0000 2026,809,61,en
2078655327004962960,"Early this morning, Chandrashekhar Azad Ravan arrived at the CJP protest and started threatening the Delhi Police.

Abhijeet Dipke can't handle anything on his own, so he has brought in hired goons instead. https://t.co/UE6ZD3P6MO",AMIT_GUJJU,Sun Jul 19 01:37:04 +0000 2026,1853,398,en
2079950258772263258,"Ritika (@RitikaChandola) covered the CJP protest from the ground. When she met some Ambedkarite, she asked them how they were against casteism if they were pro reservations. 

Watch them go speechless https://t.co/EKn53X4zNT",UnSubtleDesi,Wed Jul 22 15:22:39 +0000 2026,9069,2936,en
2079608994029580615,"IMPORTANT ANNOUNCEMENT 

Cockroach Janta Party has not given a call to assemble anywhere but at Jantar Mantar, where our peaceful protest is on. 

We received reports that some goons may have been sent to other parts of Delhi to create nuisance. They are NOT with CJP.

- https://t.co/2jY0luT4CE",Cockroachisback,Tue Jul 21 16:46:36 +0000 2026,32188,6116,en
2080332498492649643,"#WATCH | Delhi Police DCP Sumit Jha says, ""We have noticed that some attempts are being made to spread misinformation on social media. So far, more than 400 Pakistani social media handles have been identified, which are taking advantage of this situation and spreading fake https://t.co/0ghX5AQzjo",ANI,Thu Jul 23 16:41:33 +0000 2026,3098,842,en
2080959833185149346,"Amid news of the Union Education Minister's resignation, CJP founder #AbhijeetDipke reacts with jubilation at Jantar Mantar in Delhi, saying, ""We have done it.""

📹 X/Cockroachisback https://t.co/95s9roqiVw",the_hindu,Sat Jul 25 10:14:21 +0000 2026,910,86,en
2079260338160296370,"CJP Protest march | DCP North Raja Banthia sustained injuries during the clash between Police and CJP protesters in Delhi, earlier today. 

(Source: Delhi Police) https://t.co/6w7i724wZO",ANI,Mon Jul 20 17:41:10 +0000 2026,2463,406,en
2080496863388844290,"Breaking in big

Govt to follow money trail in CJP protest case

Many instagram influencers and CJP bank accounts under scanner 
Culprits accounts will be frozen, passports will be revoked and detention under the several sections of BNS on cards!!",RiseofBurnol,Fri Jul 24 03:34:40 +0000 2026,6002,1541,en
2080963280089342040,"Following the resignation of former Education Minister Dharmendra Pradhan, which is being seen as a major victory for the CJP protests and the broader student movement, the Delhi Police have announced that all Delhi Metro stations are now open. Metro services are reportedly free",suchitrav,Sat Jul 25 10:28:03 +0000 2026,264,56,en
2080963507479351367,#WATCH | Delhi: Union Ministers JP Nadda and Jitendra Singh arrive at Constitution Club of India for the third round of talks with the CJP. https://t.co/Syk7bu83js,ANI,Sat Jul 25 10:28:57 +0000 2026,3386,144,en
2079508991638708622,"Mother Teresa is Reborn!

Btw, Delhi Police must thank Dimple Bhabhi to prove Samajwadi Party's involvement in this political protest. Investigation angle opened by her with her over enthusiasm. https://t.co/0Z3PR5WJau",MumbaichaDon,Tue Jul 21 10:09:13 +0000 2026,5852,1226,en
2080953819391762767,Me waiting for CJP to start protest against Nitin Gadkari &amp; Nirmala Sitharaman after resignation of Dharmendra Pradhan https://t.co/1JoewBYHok,_kumbhkaran,Sat Jul 25 09:50:27 +0000 2026,1065,154,en
2079294945916252548,"Youth protest reaches London as protesters show up at Indian High Commission

People showed up in big numbers outside the High Commission of India in London on Monday as news spread of the police crackdown on protests in Delhi and other cities in India.

https://t.co/9MiFsaawxj https://t.co/QZOvasJtSR",thewire_in,Mon Jul 20 19:58:41 +0000 2026,7626,1895,en
2079236972942700669,"Listen to what the Doctors who'd come to the Delhi protest site to help the Injured have to say. 

Hello, @RubikaLiyaquat @smitaprakash @anjanaomkashyap @AmanChopra_ @SushantBSinha @AMISHDEVGAN @sudhirchaudhary @chitraaum @navikakumar, Pro Govt Propaganda se fursat mile toh ye https://t.co/kXyUQRC1kB",zoo_bear,Mon Jul 20 16:08:19 +0000 2026,8373,3952,en
2078897200936202538,"Uncle is a BJP Member 

Uncle has Taken lut a loan of 5 lakh for his Son's NEET preparation 

NEET cancelled ,Uncle lost his Money and son Frustrated and joined CJP Protest 

Uncle wants BJP to throw away Dharmendra Pradhan from cabinet otherwise they will come to street 

Unce https://t.co/w1TofoCBUl",TheGuysURG,Sun Jul 19 17:38:11 +0000 2026,8362,2376,en
2078783774557704430,"▶️ #WATCH | CJP Protest And Hunger Strike | Jantar Mantar, Delhi 

➡️ Delhi Police is preparing to crack down to end the CJP protest and hunger strike at Jantar Mantar.

➡️ Heavy police force has been deployed at Delhi's Jantar Mantar to clear the CJP protest and hunger strike. https://t.co/0ZqIsEPuQK",hnpnewz,Sun Jul 19 10:07:28 +0000 2026,348,74,en
2080943380734034209,"#WATCH | Delhi: Earlier visuals from Jantar Mantar, where CJP (Cockroach Janta Party) is continuing its protest over the demand of Union Education Minister Dharmendra Pradhan's resignation.

In a latest development, Dharmendra Pradhan has resigned from his post. https://t.co/Soz02C4VHV",ANI,Sat Jul 25 09:08:58 +0000 2026,1047,79,en
2079630070348718588,"15000 + GenZ crowd at Connaught Place right now because Jantar Mantar is packed . Naturally without any call of protest. 

#CJP https://t.co/bO0AGuLH4k",Saurabh_MLAgk,Tue Jul 21 18:10:21 +0000 2026,6571,1539,en
2080489175984562188,"JOURNALIST — Sonam Wangchuk has ended his fast. What's next?

STUDENT 🔥— “It doesn’t matter anymore, we are not here for him or CJP. We are here for education.

And we will continue protesting till Education Minister resigns”👏

So it is clear now, it’s 200% ‘Students Protest’. https://t.co/5sDkNOKeBF",mr_mayank,Fri Jul 24 03:04:07 +0000 2026,8319,1854,en
2073856883870536052,"Abhijeet Dipke - 10000 People Attended CJP Protest on 6th July

Vijeta Dhaiya: 8000 People Attended CJP Protest on 6th July

Mitha Das : 6000 People Attended CJP Protest on 6th July

Ashutosh Ranka: 15000 People Attended CJP Protest on 6th July

Sonam Wangchuk: 7000 People",Iam_Rohit_G,Sun Jul 05 19:49:46 +0000 2026,1316,309,en
2081012431288242427,Delhi Police calling Delhi Police fake news perpetuator. You would call this tragic or comic you decide but it is for sure that Delhi Police unfortunately damaged its image big time in this protest time… it may take ages to recover from face loss it suffered.  इज़्ज़त कमाने में,masijeevi,Sat Jul 25 13:43:21 +0000 2026,360,62,en
2068023949355844019,"Did you notice ???

How the CJP protest faded after Delhi Protest at Jantar Mantar ???

Thats because ......

1. Modi ji never acknowledged their presence.
2. Amit Shah gave them immediate permission to protest at Jantar Mantar.
3. Abhijeet Dipke's agenda of Victim card,",PoornimaNimo,Fri Jun 19 17:31:46 +0000 2026,817,205,en
2079532630262042849,"#WATCH | Delhi | AAP National Convenor Arvind Kejriwal visits the Jantar Mantar protest site. He says, ""Modi ji doesn't have his own children, so he doesn't know what it is to have children. All these are our children. It is not right to beat up children. FIRs have been https://t.co/651V1Cn6ng",ANI,Tue Jul 21 11:43:09 +0000 2026,3627,669,en
2079156351134208290,Protesting CJP Activists meet Union Minister JP Nadda at his residence in New Delhi with their list of demands over NEET Controversy including resignation of Dharmendra Pradhan. Protests continue in India’s national capital. https://t.co/nar6xtQePa,AdityaRajKaul,Mon Jul 20 10:47:57 +0000 2026,5540,380,en
2079826187493474747,Shocking! Govt is paying influencers to defame CJP protest. https://t.co/b30rtft7mV,Cockroachisback,Wed Jul 22 07:09:39 +0000 2026,11055,3429,en
2079609952512155959,#WATCH | Delhi | Shiv Sena (UBT) chief Uddhav Thackeray reaches the protest site at Jantar Mantar. https://t.co/wkPrhCvq7k,ANI,Tue Jul 21 16:50:24 +0000 2026,7735,799,en
2079094791028289751,"SHAMEFUL 🚨 CJP Supporters pelted stones on Delhi Police.

Police was just standing peacefully.

Same Delhi Police was protecting them since last one month. https://t.co/4XdBA75nWj",NewsAlgebraIND,Mon Jul 20 06:43:20 +0000 2026,2843,734,en
2078846887856308593,"VIDEO | Delhi: On the protest at Jantar Mantar, TMC MP Mahua Moitra says, ""Such early morning strike is usually done in enemy states. This is the first time in a democracy that the government is carrying on morning day break secret coward operation on its own citizens, who are https://t.co/5HHTyDl2Xe",PTI_News,Sun Jul 19 14:18:15 +0000 2026,4767,885,en
2080985541626003625,Pictures clicked by me earlier today from Jantar Mantar protest site in Delhi. https://t.co/ZqASf2Vwlc,sidhant,Sat Jul 25 11:56:30 +0000 2026,2384,97,en
2079105331561652597,"Thank you CJP for making people believe for the first time in 12 years that it is completely normal to protest against a regime and that Modi is just a politician and not a non biological entity blessed on earth for Indians.

Don’t know the end result but it made us believe that",RoshanKrRaii,Mon Jul 20 07:25:13 +0000 2026,15693,2447,en
2067804001278783840,"Lutyens Delhi/Jantar Mantar 

Cockroach Janta Party Gets Delhi Police Nod for June 20 Protest at Jantar Mantar

The Cockroach Janta Party (CJP) has  secured Delhi Police permission for its June 20 protest at Jantar Mantar in New Delhi. 

 CJP said students, parents, teachers and https://t.co/tkGzBN9xp5",iAtulKrishan1,Fri Jun 19 02:57:46 +0000 2026,2,0,en
2063241778728501498,"Arfa Khanum becomes angry while reporting on CJP protest in Delhi

""Over 2-3 crore people follow CJP on Social media yet only 1000-2000 people showed up on protest site today"" - She says with tears in her eyes 😂

1 aur zakhm..",FrontalForce,Sat Jun 06 12:49:07 +0000 2026,740,80,en
2068309472184090712,"JUST IN | Delhi Police has blocked entry to Jantar Mantar, where CJP continues to protest.

Delhi Police announced that the protest permission was only till 5 pm and have asked protestors to vacate the protest site.

- reports @ikasnik",the_hindu,Sat Jun 20 12:26:20 +0000 2026,157,20,en
2080861598185640247,"🚨 BIG 🚨

Delhi Police uses AI facial recognition to identify 400+ alleged RIOTERS from protest videos💥

Police video footages, raw content, and CCTV clips are being thoroughly monitored. https://t.co/iuyyCovf0L",Indian_Analyzer,Sat Jul 25 03:44:00 +0000 2026,1103,298,en
2080017463853318413,ADCP removed from Jantar Mantar after video of him slapping female protester goes viral https://t.co/UZgR3tU1xM,IndianExpress,Wed Jul 22 19:49:42 +0000 2026,3101,701,en
2079511159066263697,Vijata Dahiya (CJP spokesperson) skips the student protest: “Why join? People didn’t elect me I’m not accountable.” https://t.co/VuLRXNChvq,gharkekalesh,Tue Jul 21 10:17:50 +0000 2026,3028,226,en
2079149211090927930,How many Indan News Channels have shown this video of a injured man at Delhi protest?  https://t.co/7ZmW9G1BcD,zoo_bear,Mon Jul 20 10:19:35 +0000 2026,22952,8794,en
2079931932880605597,"BREAKING 

Complaint filed by Delhi Police Inspector against influencer Amit Kilhorfor falsely identifying him in a viral video from recent protests (related to CJP/NEET issues)",FrontalForce,Wed Jul 22 14:09:50 +0000 2026,7444,1178,en
2080895995727184020,"This Muslim girl exposed the truth behind the Jantar Mantar protest. 

Instead of addressing her points, CJP supporters are abusing her in the comments.🙂 https://t.co/Dx5uBRPyAz",CuteAaruhi4,Sat Jul 25 06:00:41 +0000 2026,2135,605,en
2079514948141568473,"This BKL is Ghazal Alagh 

Owner of Mama earth- Products you use for your kids daily

She supports Richa Chadha on anti national issues

She supports CJP protest

She and her company has always been in controversy 

A JUDGE ON SHARK TANK AS WELL- JOIN THE DOTS

THESE MFS Shark https://t.co/YSRP2FS7bh",CommanMan777589,Tue Jul 21 10:32:53 +0000 2026,5040,2416,en
2079494564709064924,"Brace for another protest!

Punjab's ann-daatas are marching to Delhi against the proposed India–US trade deal. They claim that the deal will flood the Indian market with American agricultural products, which will reduce the demand for their own produce. https://t.co/sYz6W7oXc2",theskindoctor13,Tue Jul 21 09:11:54 +0000 2026,5750,904,en
2080647685137379405,"Mamata Banerjee will attend the CJP protest at Jantar Mantar on Monday.

Just one year ago, the Supreme Court cancelled 26,000 school appointments after finding serious irregularities in the recruitment process under the Mamata Banerjee government.

₹50 crore in cash was https://t.co/Lb5DstADgA",BefittingFacts,Fri Jul 24 13:33:59 +0000 2026,5117,2127,en
2080916547460374699,"BREAKING: UN reacts to protests in Delhi.  

UN Spox Stéphane Dujarric, in response to a question says, ""important that people wishing to protest peacefully be allowed to do so without the fear of harassment, the fear of arrest, or the fear of injury"" https://t.co/S8fUCxLIG4",sidhant,Sat Jul 25 07:22:21 +0000 2026,6597,1270,en
2079629691494060368,"Just recieved this interesting stuff on WhatsApp but the writer is anonymous.
**🪳protests is a major issue funded from abroad and will cripple many not only abroad but here in India as well.
'People want Dharmendra Pradhan, Education minister,) to resign. The agenda for CJP is",Mohansinha,Tue Jul 21 18:08:50 +0000 2026,1877,878,en
2063899264988958892,"“No Problem if India is broken into 7 pieces.”

Just heard a  protester saying this in CJP protest in Delhi

No surprises these people support Umar Khalid..",FrontalForce,Mon Jun 08 08:21:44 +0000 2026,1313,214,en
2079927190448447623,"If the students protest in Delhi was like Tsunami, the Gen-Z protest in Patna was no lesser than Tornado 

Powerful visuals. Goosebumps 🔥🔥🔥 https://t.co/OPPDssCv7l",mr_mayank,Wed Jul 22 13:51:00 +0000 2026,13779,3150,en
2079402277132202088,"So, the former AAP MLA from Delhi openly admitted that they brought goons to the protest to mingle with the goons gathered by cockroach leaders, and now believes that Modi will not be able to do anything? https://t.co/eVXzXPwdB0",MeghUpdates,Tue Jul 21 03:05:10 +0000 2026,5553,2227,en
2080983012800442685,"I am not even talking about first day of the protest or its first week. FOR MORE THAN A MONTH. Even Sonam’s hunger strike couldn’t revive it.

What revived it was the suspicion that Sonam might die, and then government shifting him to hospital by force. That triggered people. Not",keshavbedi,Sat Jul 25 11:46:27 +0000 2026,123,16,en
2078712534433988937,"PLEASE NOTE

Sources: 30-40 goons from BJP and Delhi Police have infiltrated our protest site and will try to make anti-India provocative statements to create mischief today. We have to expose and reject such people - they are not supporters of CJP or Sonam Wangchuk! https://t.co/CRm6T8099t",Cockroachisback,Sun Jul 19 05:24:23 +0000 2026,11286,2927,en
2080924695717965850,"The best video of the CJP protest so far. 

You might be able to fool Gen Z, but an older person cannot be manipulated like that. https://t.co/3Izalpw9Ay",Warlock_mohit,Sat Jul 25 07:54:43 +0000 2026,435,100,en
2079939178574283007,"Ezhilan today vs Ezhilan 4 days back 
But protest was happening for 20 days in Delhi 
Opportunitist  DMK https://t.co/lmYWfsLW8O",sureshsamyTVK,Wed Jul 22 14:38:38 +0000 2026,4771,1529,en
2079822111326245125,#WATCH | Delhi: Maratha reservation activist Manoj Jarange Patil arrives at Cockroach Janta Party (CJP) protest site at Jantar Mantar. https://t.co/FB5TgzFH9L,ANI,Wed Jul 22 06:53:27 +0000 2026,4349,385,en
2080235906536198278,Narendra modi from meesho at CJP protest 😭 https://t.co/hM6WLuJqq9,kadaipaneeeer,Thu Jul 23 10:17:43 +0000 2026,11378,1738,en
2081025611448086979,"Delhi CJP Protest Ends: CJP Calls Off Jantar Mantar Agitation After Government Assurances

#DelhiCJPProtest #JantarMantar #BreakingNews #DelhiNews #CJP #DharmendraPradhan
#AbhijeetDipke https://t.co/SJtd7sNwkM",Vayamdelhi,Sat Jul 25 14:35:44 +0000 2026,0,0,en
2081025246262702211,"Both the CJP leadership and the Delhi Police must work together to ensure that no violence or chaos occurs anywhere.
#NEET #CJP #DharmendraPradhan #Protest",jamanthipoo,Sat Jul 25 14:34:16 +0000 2026,0,0,en
2081025016641257968,"Both the CJP leadership and the Delhi Police must work together to ensure that no violence or chaos occurs anywhere.
#NEET #CJP #DharmendraPradhan #Protest",kavi34384,Sat Jul 25 14:33:22 +0000 2026,0,0,en
2081024977143574741,"Both the CJP leadership and the Delhi Police must work together to ensure that no violence or chaos occurs anywhere.
#NEET #CJP #DharmendraPradhan #Protest",manjima36101,Sat Jul 25 14:33:12 +0000 2026,0,0,en
2081024887410586040,"Normalcy in New Delhi as internet restored at Jantar Mantar, Delhi Metro reopens all stations after CJP withdraws protest

Read @ANI Story | https://t.co/GzeiAY33yh

#internet #restore #jantarmantar https://t.co/jCJ1wrSHLZ",ani_digital,Sat Jul 25 14:32:51 +0000 2026,0,0,en
2081024881479836042,"Both the CJP leadership and the Delhi Police must work together to ensure that no violence or chaos occurs anywhere.
#NEET #CJP #DharmendraPradhan #Protest",Anjali2001Ra,Sat Jul 25 14:32:49 +0000 2026,0,0,en
2081024855206711531,"The leadership of CJP has completely failed the youth of this country, when they were celebrating on the proposal of resignation by the education minister, many youth were thrashed by Delhi police even tear gas was used on them in other corner of the protest, Chitta, yet they",theamodbidhuri,Sat Jul 25 14:32:43 +0000 2026,0,0,en
2081024371653763191,"CJP Announces End of Jantar Mantar Protest. 

CJP representatives have announced that they are calling off the protest at Jantar Mantar, Delhi.According to CJP Chief Spokesperson Saurav Das, the decision was taken after the Centre accepted the organisation's key demands. He also https://t.co/MJObkptTnP",DigiPrimeNews,Sat Jul 25 14:30:48 +0000 2026,0,0,en
2081024260450214008,"The CJP said the government has promised to withdraw all the cases filed over the July 20 violence, and the protest has ended. I am really very happy about this success and glad for those who will not have to face police torture. At this point, I must say that many Muslims https://t.co/uK9qU7V1KI",iamshk92110,Sat Jul 25 14:30:21 +0000 2026,1,0,en
2081023480406151215,"@Mrsinha Itihaas gawah har baar thook ke chaaata hai..
CAA protests, Shaheen Bagh, Delhi riots aur ab CJP protest.
ṀC aise banega ye tera Modi dictator..
India needs Yogi badly 
@myogiadityanath 
 @narendramodi 
@AmitShah",panache_007,Sat Jul 25 14:27:15 +0000 2026,0,0,en
2081022899163685295,"▶️ #WATCH | Student leader Ms. Neha Bora, who shot to prominence during the CJP protest at Jantar Mantar, expressed her joy regarding the movement's success while addressing the media.

Watch on @hnpnewz 👇🏻

#NEET #NEETPaperLeak #CJP #AbhijeetDipke #Students #SonamWangchuk https://t.co/CoLtwFbEkn",hnpnewz,Sat Jul 25 14:24:57 +0000 2026,0,0,en
2081022761426894917,"Looking for new protest opportunities.

Name: Abhijeet Dipke

Experience: Paid internship at CJP ( On-site in Delhi )

Achievements: Holds the record for most Bread pakodas eaten in a day

To contact, please visit your nearest AAP office https://t.co/fVbEWXpC51",TheIndianTruth_,Sat Jul 25 14:24:24 +0000 2026,0,0,en
2081022645731217502,"""The government assured that no action will be taken against the organisers and protesters, and no new cases will be registered in connection with the agitation. It also expressed condolences to the families of the students who lost their lives and assured them of the highest",mayankreports,Sat Jul 25 14:23:56 +0000 2026,0,0,en
2081022424410206544,"Whole of Delhi CJP protest is no win of GEnz, it's just mature government who doesn't want to hurt our own children and let the opposition hijack protest and Parliamentary bills. 

All traitors tum sabki gand thukegi, just wait and watch.",yo_adz14895,Sat Jul 25 14:23:04 +0000 2026,0,0,en
2081022185335112154,"We need to expose the mainstream media in Tamil Nadu, just as CJP is doing in Delhi. Students, each one of you is an independent journalist. Use your mobile phone to record and expose Tamil news channels that spread false narratives or misinformation about the students' protest.",Sivajigri,Sat Jul 25 14:22:07 +0000 2026,0,0,en
2081021463789019218,"Miss You Cockroaches 

#DharmendraPradhan #NEETExamProtest #EducationMinister #gez #genzee #dmkgenz #NEET #Modi #Delhi #Dharmendrapradhan #SonamWangchuk #CJP #CJPMovement #AbhijeetDipke #CockroachJantaParty #Protest #India #ModiGovernment #BJP #jantarmantar #junaid https://t.co/HbtigsUyNF",jaanverse,Sat Jul 25 14:19:15 +0000 2026,1,0,en
2081021058480767342,"From navigating periods without basic amenities to caring for others, women protesters and volunteer doctors showed extraordinary resilience at #JantarMantar.

#Delhi #CJP #StudentsUnity 

I write for @PTI_News 

Read: https://t.co/8oBTK9Mvim https://t.co/Ry07RnH4lI",Varsha_Sagi,Sat Jul 25 14:17:38 +0000 2026,2,1,en
2081020998837760099,"#I_am_Proud_of_My_Son

Anita Dipke Recalls Son's Struggles, Says Every Sacrifice Was Worth It

#delhi : Anita Dipke, mother of CJP founder #AbhijeetDipke , became emotional while reflecting on her son's journey, saying she is ""extremely proud"" of him. Recalling the family's https://t.co/9Wyk5ka5tG",NEWSPOPFFF,Sat Jul 25 14:17:24 +0000 2026,1,0,en
2081020702870925690,"NCP Chief’s pure hypocrisy exposed:
When Awami League students &amp; Hindu students protested in Bangladesh and faced violence &amp; force, he stayed silent ,  no condemnation, no support.  
Now he openly congratulates &amp; backs Indian student protests.  
Selective activism at its worst. https://t.co/LaizPFp8iy",SOURav_Says1,Sat Jul 25 14:16:13 +0000 2026,0,0,en
2081019820896825446,"Beautiful Message 

#DharmendraPradhan #NEETExamProtest #EducationMinister #gez #genzee #dmkgenz #NEET #Modi #Delhi #Dharmendrapradhan #SonamWangchuk #CJP #CJPMovement #AbhijeetDipke #CockroachJantaParty #Protest #India #ModiGovernment #BJP #jantarmantar #junaid https://t.co/u9bLcc6avs",jaanverse,Sat Jul 25 14:12:43 +0000 2026,0,0,en
2081019800210604518,"Jashn Hoo

#DharmendraPradhan #NEETExamProtest #EducationMinister #gez #genzee #dmkgenz #NEET #Modi #Delhi #Dharmendrapradhan #SonamWangchuk #CJP #CJPMovement #AbhijeetDipke #CockroachJantaParty #Protest #India #ModiGovernment #BJP #jantarmantar #junaid https://t.co/81BEaHBFBO",jaanverse,Sat Jul 25 14:12:38 +0000 2026,1,0,en
2081019735521861981,"It was very sad to see that accountability was yet again let go. Very sad to see despite police using illegal and brute torture force against peaceful protesters abhijeet made a deal to ignore everything just for a fake fall safe resignation 
Very sad to see that the females",TheDocKnowsAll,Sat Jul 25 14:12:23 +0000 2026,0,0,en
2081019641888162171,"@PankajjKashyapp Lion since 2014_
-Intolerance campaign
-Award return show by Urban Naxals
-Shaheen Bagh
-Delhi Riots
-Fake Farmers Protest
-Republic Day Riots
-Manipur Kuki Terrorism
-West Bengal Anti-Hindu Riots by TMC
-AAP/CJP rampage

Hardly any tough action after winning elections everywhere https://t.co/ekBzbNZPfs",buprashanth,Sat Jul 25 14:12:00 +0000 2026,0,0,en
2081019466977329279,"From birthday savings to games: Everything the youth brought to #JantarMantar during the month-long movement before students’ demands were met.

#Delhi #CJP

I write for @PTI_News 

Read: https://t.co/yTY2enqwVH https://t.co/uQnyCWQ9q0",Varsha_Sagi,Sat Jul 25 14:11:19 +0000 2026,0,0,en
2081017968021123565,"To the GenZ of Silchar, wake up .
We are living in hell ,Enough is Enough. 
Silchar MLA must Resign. 
#SilcharMLAresign
#Ethanol #JitendraSingh #DharmendraPradhan #AbhijeetDipke
#FIRs #JantarMantar #Protest #Delhi
#AssamFloods #Resignation
#E20 #Neet #PaperLeak  #Cockroach #CJP https://t.co/yvjxqRBpMP",SilentSavior108,Sat Jul 25 14:05:21 +0000 2026,0,0,en
2081017721605812484,"I agree entirely with @Avikateel30 The Gen Z protesters have amazed us all. Avinash himself is a Gen Z. He has reported extensively from Jantar Mantar and shares why only the FOMO generation could have forced Dharmendra Pradhan to resign
https://t.co/IEqbrDKm0p",yudhajit,Sat Jul 25 14:04:22 +0000 2026,0,0,en
2081017279639380458,"@narendramodi 
Whtevr #CJP had it's EVIL hidden agendas .. Government cooperated wth thm .. I agree if ths continued definitely india &amp; our ppl were abt 2 pay huge &amp; s it was affecting a lot evn hurting sooo much .. abusing #PM was much 🪡 ing i mean it was like smebdy is doing",anjan2910,Sat Jul 25 14:02:37 +0000 2026,0,0,en
2081016603504980314,"CJP protest: Delhi metro station closures enter fourth consecutive day https://t.co/j239TwiZdU

#CJPprotest  #delhimetro #station 
#fourthconsecutiveday #news  #thebodhiwire",bodhiwire,Sat Jul 25 13:59:56 +0000 2026,0,0,en
2081016414610301011,@IndianGems_ But how could US Embassy in India issued advisory for their citizens not to travel surroundings of Delhi at the protest cite even days before team CJP started violent protest,kajubaby001,Sat Jul 25 13:59:11 +0000 2026,0,0,en
2081016347706945854,"CJP ends its nationwide protest after the Centre accepts demands, urging protesters to return home as written assurances await.

Read more on, https://t.co/CyERCmB5MI 

#CJP #Protest #Education #Delhi #JantarMantar #AbhijeetDipke https://t.co/foznVZMT70",shorts_91,Sat Jul 25 13:58:55 +0000 2026,0,0,en
2081016254694117539,"Few observations on the Delhi Student protest: 

Succumbing to the demands or pressure tactics of CJP and its backers would not be the right course for the BJP government.

The resignation of Education Minister @dpradhanbjp represents an ill-advised compromise. This is",animeshroul,Sat Jul 25 13:58:33 +0000 2026,1,0,en
2081015926343012699,"""Govt accepted our demands"": CJP calls off 49-day Delhi protest after talks with Centre

#CockroachJantaParty #CJP #Delhi #Protest 

https://t.co/3QqZxlnfff",JaanoJunction,Sat Jul 25 13:57:14 +0000 2026,0,0,en
2081015818784260250,"Delhi liquor shops to shut at 8 pm on weekends amid CJP protests

#Delhi #Liquor #CJP #Protest 

https://t.co/1HSk9oqn9g",JaanoJunction,Sat Jul 25 13:56:49 +0000 2026,0,0,en
2081015623958893018,"Today I am ashamed to be a BJP Supporter

OP Sindoor
Our armed forces fought bravely. Result? Surrender

CJP Protest
Delhi Police handled it so bravely. Result? Surrender

2027 UP and 2029 General Assembly election Loss incoming @BJP4India 

#CJP #DharmendraPradhan",MayankUTD,Sat Jul 25 13:56:02 +0000 2026,0,0,en
2081014745403179393,"@PTI_News It was evident from Delhi HC rejection of plea for NIA enquiry into CJP protest, that govt was going to bend down to calm off the agitation.",munna0476,Sat Jul 25 13:52:33 +0000 2026,2,0,en
2081014545863331862,"Normalcy restored: Delhi Metro reopens all network gates as CJP calls off agitation

Read @ANI Story | https://t.co/m2IdTUrwoM

#delhimetro #cjp #protest https://t.co/zJTY32zFdo",ani_digital,Sat Jul 25 13:51:45 +0000 2026,4,0,en
2081014197228564492,"New Delhi, India: CJP Calls Off Protest After Demands Accepted
  
CJP spokesperson Ashutosh Ranka said all demands have been accepted and urged protesters to peacefully withdraw the nationwide protest immediately.
 
#CJP #AshutoshRanka #BreakingNews #IndiaNews #StudentProtest https://t.co/CHCTC2tWA3",yourdailynews9,Sat Jul 25 13:50:22 +0000 2026,0,0,en
2081014004768768512,"@Kanchanyadav000 says general caste deserve to be implicated in false cases,same people are supporting anarchy of CJP protest in Delhi 
@BJP4Bihar @samrat @officecmbihar @bihar_police needs to file an FIR against her",ShirshenduG80,Sat Jul 25 13:49:36 +0000 2026,0,0,en
2081013862145626413,"@UnSubtleDesi @Kanchanyadav000 says general caste deserve to be implicated in false cases,same people are supporting anarchy of CJP protest in Delhi 
@BJP4Bihar @samrat @officecmbihar @bihar_police needs to file an FIR against her",Shiri8580,Sat Jul 25 13:49:02 +0000 2026,0,0,en
2081013836652634459,"@Kanchanyadav000 says general caste deserve to be implicated in false cases,same people are supporting anarchy of CJP protest in Delhi 
@BJP4Bihar @samrat @officecmbihar @bihar_police needs to file an FIR against her",Shiri8580,Sat Jul 25 13:48:56 +0000 2026,0,0,en
2081013498935697574,"Aur cockroaches, 
Ab tumhara ho gya ho toh kya ab hum General/OBC vale reservation hatane ke liye protest kar le?? 

#CJP
#JantarMantar
#Delhi 
#StudentsProtest",snarky_sharky_0,Sat Jul 25 13:47:36 +0000 2026,1,0,en
2081013378441740790,"CJP Ends 36-Day Protest After Centre Accepts Key Demands

New Delhi, July 25, 2026

The conclusion of the Cockroach Janta Party's (CJP) 36-day protest marks a significant development in the NEET paper leak controversy. The agitation, centred on accountability and justice for https://t.co/gguFMTcynk",YugvartaNews,Sat Jul 25 13:47:07 +0000 2026,0,0,en
2081013297659387985,Congress leader Mani Shankar brings up Delhi Riots 2020 Key Accused Umar Khalid and Sharjeel Imam from CJP protest stage. https://t.co/bOky0dAgEg,The_Tradesman1,Sat Jul 25 13:46:48 +0000 2026,1,0,en
2081013284803850359,"🚇 Delhi Metro Update

Rajiv Chowk, Mandi House, Central Secretariat and other Metro stations have reopened after the CJP protest, with services returning to normal.

🔗 https://t.co/TMWIGGOgsh

#DelhiMetro #DMRC #Delhi #MetroUpdate #AryanTVNational",ATVNATIONAL,Sat Jul 25 13:46:45 +0000 2026,1,0,en
2081011869985423815,"After Union Education Minister Dharmendra Pradhan’s resignation, a celebratory atmosphere was witnessed at the protest site in New Delhi’s Jantar Mantar. CJP founder Abhijeet Dipke and other protesters celebrated, calling it a major victory for their movement.

#CJPProtest https://t.co/NZdfDQiqcq",NewsX,Sat Jul 25 13:41:07 +0000 2026,0,0,en
2081011352777502957,"#BeingGoan I feel @VireshBorkar3 did in Goa many months earlier what CJP team did now.
But his was way more decent, peaceful and without the wrong elements which became intruded by opportunists in the Delhi protest.
We have a lot of work to do to save Goemkarponn..",Mdr_b,Sat Jul 25 13:39:04 +0000 2026,0,0,en
2081011042168213752,"CJP calls off protest but now their politics will start 😂

CJP has announced to END the Jantar Mantar agitation after Govt assurances.

Finally, Delhi will breathe free 🇮🇳

#DharmendraPradhan #RestorePeace
#TimeToEndProtest 
#NEETExamProtest
#जंतर_मंतर_ब्रेकिंग_न्यूज",sharmaias21,Sat Jul 25 13:37:50 +0000 2026,0,0,en
2081010729549959629,"I want to see the faces of the right-wing people who were supporting the protest with all their ‘blah blah.’ How’s it feeling now??

As for me, this isn’t the right time for a resignation. If there was a case for resigning, it should have happened much earlier.

#cjp #cjp_पार्टी",TWPARMAR,Sat Jul 25 13:36:35 +0000 2026,1,0,en
2081010652064423941,"Jantar Mantar Protest Live Updates: CJP calls off protests ‘in good faith’ after talks with Centre
https://t.co/82z63ITIJU",plumbermushi,Sat Jul 25 13:36:17 +0000 2026,0,0,en
2081010254796513534,"DELHI | Welcoming the resignation of Dharmendra Pradhan, activist Sonam Wangchuk hailed the development as a victory for democracy and praised the student-led movement for maintaining peace throughout the protest. Congratulating the CJP team, youth, and volunteers across the https://t.co/HzKPxdoQQ3",IndiaTodayNE,Sat Jul 25 13:34:42 +0000 2026,0,0,en
2081009882258682089,"@iMac_too Soros 5 : 56"" 0 (farmers' protest, shaheenbagh, delhi riots, manipur, cjp). Now, IT cell will go all out to build the next 'masterstroke' narrative. Recall someone once said : ""Dum nahin hai bande mein"". Alas !
-A disillusioned supporter",KlienR,Sat Jul 25 13:33:13 +0000 2026,0,0,en
2081009290005909647,"Sonam Wangchuk started a hunger strike in Ladakh.
It ended in violent clashes.
4 people died. 

2026.
He joins the CJP protest at Jantar Mantar.
Delhi Police removed him from the site.
It ended in violent clashes.
100s Injured.
Now you have the timeline.

Decide for yourself?",singh_akhi55616,Sat Jul 25 13:30:52 +0000 2026,0,0,en
2081009042630320389,"I have a gut feeling that in very near future these same people who were rioting on the streets of Delhi in the name of Students Protest, these same goons will give the same treatment to the CJP people, Dipke, Saurav Das, Ranka. Bcoz they have got the taste of blood.",nandksonthalia,Sat Jul 25 13:29:53 +0000 2026,0,0,en
2081008487564447987,"#WATCH | Delhi: Lok Sabha LoP Rahul Gandhi says, ""...I want to thank all the students from the bottom of my heart and whatever support they need from my side, wherever they need support, I am ready. Congress party's idea with the protest was to support it wholeheartedly. We https://t.co/k4w807GHwO",EconomicTimes,Sat Jul 25 13:27:41 +0000 2026,2,0,en
2081007923686432997,"Delhi Metro Reopens Entry Gates At Rajiv Chowk, Mandi House &amp; Central Secretariat; 15 Stations Remain Shut Amid CJP Protest
#DelhiMetro #DMRC #Delhi #JantarMantar #CJP #Metro #Commuters #TrafficUpdate #DelhiNews #India @vidhimehta31 
https://t.co/3lmh2IndWC",fpjindia,Sat Jul 25 13:25:26 +0000 2026,0,0,en
2081007641267204513,"🇮🇳 Delhi | A Major Achievement for Students at Jantar Mantar! ✊
The CJP has announced the conclusion of its protest at Jantar Mantar following three rounds of talks with the government.

According to CJP leader Ashutosh Ranka, key demands of the movement have been addressed,",HRITHIKSAINI1,Sat Jul 25 13:24:19 +0000 2026,6,3,en
2081007381492985925,"@Cockroachisback Celebrate the achievement.
Document the assurances.
Continue negotiations on the pending issues.
Establish a transparent mechanism for implementation.
And vacate the protest site peacefully.

A movement that refuses to conclude after achieving its central objective begins to",KhubaibMir_VoY,Sat Jul 25 13:23:17 +0000 2026,2,0,en
2081007377260908669,"THE #JantarMantar PROTEST HAS MADE ITS POINT. NOW RESPONSIBILITY MUST TAKE OVER.

The @Cockroachisback Janta Party began as an expression of legitimate student frustration. It placed questions of examination integrity,institutional accountability &amp; future of India’s youth at the",KhubaibMir_VoY,Sat Jul 25 13:23:16 +0000 2026,4,1,en
2081006308459954228,"*Gen Z’s ‘Cockroach’ Movement ends protest after education minister’s resignation* 
#cjp #जंतर_मंतर_ब्रेकिंग_न्यूज
#cjp_पार्टी #jantarmantar #protest #delhi #delhiprotest #GenZ #cockroach @PTI_News
@ANI @ians_india
@uniindianews @BBCBreaking
@AJENews 
https://t.co/tctFlq1j90",royalpatiala,Sat Jul 25 13:19:01 +0000 2026,0,0,en
2081006134987817127,@Nher_who Probably the @Cockroachisback led CJP protest was forced/motivated to withdraw because @MamataOfficial is going to Delhi tomorrow.,K_003_tweets,Sat Jul 25 13:18:20 +0000 2026,0,0,en
2081006127706505352,"@JaipurDialogues Deep analysis of the image

A Delhi Police officer is assisted after being injured in a stampede-like situation during the 20 July 2026 CJP protest in New Delhi. Claims that she died or suffered a miscarriage were officially denied.",kN1121881,Sat Jul 25 13:18:18 +0000 2026,0,0,en
2081005850412691886,"@ShivAroor Very happy to know that CJP  have called off their protest as otherwise anti nationals could have taken advantage- I am now keenly watching next moves of leading opposition leaders , you know them very well that they want protests to continue",wadhawan2011,Sat Jul 25 13:17:12 +0000 2026,1,0,en
2081005668623159659,"Union Education Minister Dharmendra Pradhan has officially resigned 
#NEET #StudentRights #RightToProtest #PeacefulProtest #HumanRights #AbhijeetDipke #CockroachJanataParty #JantarMantar #CJP #Delhi #DelhiPolice #SonamWangchuk #Police #Protest #CivilRights #HumanRights https://t.co/Azc1upwO3v",AimPoojaind,Sat Jul 25 13:16:29 +0000 2026,0,0,en
2081004903871525266,"As per sources, a former CJP member who was expelled from the CJP protest leaked CJP's future plan after being expelled.

The plan reportedly reached the government.

According to the ex-CJP member, there was a much bigger plan behind the CJP protest. They wanted to expand the",iyer_prasanna,Sat Jul 25 13:13:26 +0000 2026,11,2,en
2081004750657741024,"CJP has called off its protest with immediate effect after the third round of talks with the government. At a joint press conference in New Delhi, both sides confirmed an agreement had been reached, and CJP urged protesters to return home peacefully. https://t.co/a8KeB8OnQq",ddnews_jammu,Sat Jul 25 13:12:50 +0000 2026,0,0,en
2081004202382565692,"Dharmendra Pradhan resigns : Internet restored at Jantar Mantar after CJP ends protest, govt accepts demands

Follow LIVE updates 👇
https://t.co/ibmLn9vHyt",htTweets,Sat Jul 25 13:10:39 +0000 2026,2,0,en
2081003421172408611,"@VarunKrRana I am so  disappointed the way this CJP took Delhi for ransom ,fooled people around as a protest ,which was more of Anti Modi,Anti India drive .
Why there is no case on Dipke for hurting so many Cops, molesting female jurnos,
Raising Azadi slogans, kashmir not part of India ,etc",KilamVasuki,Sat Jul 25 13:07:33 +0000 2026,0,0,en
2081003281816646138,"CJP protest leaves Jantar Mantar, CP markets deserted; traders report fall in business

https://t.co/bEFki4x23e",thetribunechd,Sat Jul 25 13:07:00 +0000 2026,0,0,en
2081002763442647352,"Entry gates of all Metro Stations of the Delhi Metro network are now open.  
🪳✊ #CJP Protest #Live Updates ➠ https://t.co/uzcG4xQiaM 📋 https://t.co/4RPRMZoeG9",EconomicTimes,Sat Jul 25 13:04:56 +0000 2026,0,0,en
2081002722371985542,@business Jantar Mantar in New Delhi has transformed into a massive celebration hub as thousands of Cockroach Janta Party (CJP) supporters gathered to mark the resignation of Education Minister Dharmendra Pradhan. The atmosphere at the historic protest site shifted from weeks of tense,LeinonaA69,Sat Jul 25 13:04:46 +0000 2026,0,0,en
2081002081155240180,"@drmahishmak Just now Govt and CJP confirmed 3 demands have been accepted..

Delhi Police Tendering apology is not one of them..
May be CJP also realised they should not stretch too far..

Good that it did not happen.

It could have been an apology not to students but for Jai Bheem, AISA etc",CBN2022,Sat Jul 25 13:02:13 +0000 2026,0,0,en
2081001603545567419,"Demand of CJP IS FULLFILLED AND CJP PROTEST OVER AND ALL OUT DECLARED STILL CRPF OF 10 COMPANIES FLIES TO DELHI

ANTI NATIONAL KI FIELDING SET HONE VALI HAI 🥱💀👀☠️
BHAG JAO OR LATH LENE K LIE TAIYAR RAHO🙂 https://t.co/Lc5OoBqmhq",SANATANI0327,Sat Jul 25 13:00:20 +0000 2026,1,0,en
2081001580007141725,"CJP virtually 'won' today because it was able to capitalise on the issue of 'education.' This is something which affects a large section of society, and no one seems to like the Minister-in-charge for long.

Smriti Irani, Prakash Javadekar, Ramesh Pokhriyal and now Dharmendra",dibakardutta_,Sat Jul 25 13:00:14 +0000 2026,80,17,en
2081001454551318613,"India’s Education Minister Dharmendra Pradhan resigned on Saturday after mass youth-led protests demanded his ouster in anger over a string of irregularities in potentially life-changing exams.

Read more: https://t.co/VmNYp9WT2x

#India #CJP #Protest",brecorder_com,Sat Jul 25 12:59:44 +0000 2026,0,0,en
2081001099465507284,"Violence During CJP Protest: Delhi Police Registers 15 FIRs, Attempt to Murder Charge Added.",VandeMataramUK,Sat Jul 25 12:58:19 +0000 2026,1,0,en
2081000637119201459,"Delhi: After talks between the CJP delegation and the government, during a joint press conference, CJP spokesperson Ashutosh Ranka says, “All our demands have been accepted. We request the protestors to peacefully withdraw the protest with immediate effect.” https://t.co/s5XN84PYP3",KashmirExclusi1,Sat Jul 25 12:56:29 +0000 2026,0,0,en
2081000565371515062,Entry gates of all Metro Stations of the Delhi Metro network are now open after CJP calling off the protest.,MenMatterSiff,Sat Jul 25 12:56:12 +0000 2026,0,0,en
2081000192602763631,"𝐂𝐉𝐏 𝐜𝐚𝐥𝐥𝐬 𝐨𝐟𝐟 𝐬𝐭𝐮𝐝𝐞𝐧𝐭𝐬' 𝐩𝐫𝐨𝐭𝐞𝐬𝐭 𝐚𝐬 𝐏𝐫𝐚𝐝𝐡𝐚𝐧 𝐫𝐞𝐬𝐢𝐠𝐧𝐬, 𝐠𝐨𝐯𝐭 𝐚𝐠𝐫𝐞𝐞𝐬 𝐭𝐨 𝐩𝐞𝐧𝐝𝐢𝐧𝐠 𝐝𝐞𝐦𝐚𝐧𝐝𝐬

The 49-day agitation at Jantar Mantar is over, but the CJP's decision comes with a condition: the government must now deliver on https://t.co/nWc1oZ2zuZ",IndiaToday,Sat Jul 25 12:54:43 +0000 2026,0,0,en
2081000114848756137,"Jantar Mantar Protest Live Updates: CJP calls off protests ‘in good faith’ after talks with Centre
https://t.co/VNWR1m9ibr",IENewspaper,Sat Jul 25 12:54:25 +0000 2026,0,0,en
2080998450234323186,"The  Cockroach Janta Party (CJP) on Saturday announced the withdrawal of its indefinite protest at Jantar Mantar in New Delhi, claiming that the Union government had accepted all of its key demands following discussions with federal ministers.

https://t.co/TVPDsCPKv4",NENowNews,Sat Jul 25 12:47:48 +0000 2026,3,2,en
2080998162668625940,"Delhi:
After their demands were met, CJP called off its protest.",charan_bagga,Sat Jul 25 12:46:39 +0000 2026,0,0,en
2080998082691686664,"Delhi: After talks with Cockroach Janta Party delegation, Union Minister JP Nadda says, ""We had a long conversation today. They brought a written draft in which they made four points about the ongoing cases in agitation. Along with that, we discussed the other two demands: no https://t.co/debwjcyMGR",NewsX,Sat Jul 25 12:46:20 +0000 2026,0,0,en
2080997672899719375,"CJP Ends Protest, Urges Supporters to Return Home After Govt Accepts All Demands

#Indianews #CJPProtest #cockroachjantaparty #StudentProtest | Jantar Mantar | Delhi Protest https://t.co/8TJ6SKBb2O",oheraldogoa,Sat Jul 25 12:44:42 +0000 2026,0,0,en
2080997430880051406,"@Cockroachisback 📢 The Cockroach Janta Party has announced that it is withdrawing the CJP protest and has asked all protesters to return home peacefully.

》If anyone continues creating chaos at Jantar Mantar after this, it will be up to the Delhi Police (@DelhiPolice) to deal with them. https://t.co/oRpCUJrnHK",NileshHW,Sat Jul 25 12:43:45 +0000 2026,6,1,en
2080996731765002685,"A victory hard work weakens in the face disorder. CJP should not give any opportunity to mischievous elements or those trying to spoil the atmosphere.  
CJP and Delhi Police both must work together to ensure that there is no violence now.  
#NEET #CJP #Dharnendrapradhan #protest",real_neo12,Sat Jul 25 12:40:58 +0000 2026,0,1,en
2080996383772070398,"Privacy Claim At Protest Site 'Ironical': Centre Opposes PIL In Delhi HC Over Videography Of CJP Protests
#DelhiHC #Delhi #JantarMantar #Privacy #Surveillance #DelhiPolice #CJP #PIL #LegalNews #India @vidhimehta31 
https://t.co/IHUCqiafRT",fpjindia,Sat Jul 25 12:39:35 +0000 2026,0,0,en
2080996354315477067,"#NATIONAL | After days of protests and three rounds of talks with the Centre, the Cockroach Janta Party (CJP) has called off its agitation at Jantar Mantar.

The decision came after the government assured the withdrawal of FIRs against protesters, accepted key student demands, https://t.co/13hQnz5N9S",DY365,Sat Jul 25 12:39:28 +0000 2026,2,0,en
2080995858255126749,"Delhi : After talks between the CJP delegation and the government, during a joint press conference, CJP spokesperson Ashutosh Ranka says, “All our demands have been accepted. We request the protestors to peacefully withraw the protest with immediate effect.” https://t.co/RVWy74NsUj",vijaysangharsha,Sat Jul 25 12:37:30 +0000 2026,0,0,en
2080995685625987358,"Will There Be Nationwide Protest by CJP on 26th July or It Is Cancelled After Dharmendra Pradhan's Resignation?

https://t.co/zAxs0CcsBv

#CJP #CockroachJantaParty #Protest #DharmendraPradhan #DharmendraPradhanResigns #JantarMantar #Delhi

@Cockroachisback https://t.co/b7zjswrJId",latestly,Sat Jul 25 12:36:49 +0000 2026,0,0,en
2080995655464501484,"Moment of victory at Delhi’s Jantar Mantar: Jubilation, tears, National Anthem https://t.co/U7O7shMFNq",IndianExpress,Sat Jul 25 12:36:41 +0000 2026,11,1,en
2080995618030309444,"The Cockroach Janta Party has announced that it is withdrawing the CJP protest and has asked all protesters to return home peacefully.

If anyone continues creating chaos at Jantar Mantar after this, it will be up to the Delhi Police to deal with them. https://t.co/iT9pwSa4ww",samayhuun21,Sat Jul 25 12:36:33 +0000 2026,1,0,en
2080995073857364232,"#Delhi: After talks between the CJP delegation and the government, during a joint press conference, CJP spokesperson #AshutoshRanka (@AshutoshRanka) says, “All our demands have been accepted. We request the protestors to peacefully withdraw the protest with immediate effect.” https://t.co/QerCbQBK6e",LokPoll,Sat Jul 25 12:34:23 +0000 2026,12,2,en
2080994821616083304,"#BREAKINGNEWS | 
#CJP calls off its protest with immediate effect after the third round of talks with the government. 
At a joint press conference in New Delhi, both sides confirmed an agreement had been reached, and CJP urged protesters to return home peacefully.

#NEETPAPERLEAK https://t.co/86M78aN3RG",ddnews_guwahati,Sat Jul 25 12:33:23 +0000 2026,0,0,en
2080994741181911161,"BREAKING | Delhi CJP Protest Waapas | CJP போராட்டம் வாபஸ் 

https://t.co/vHjpNOmIwE 

#cjp #cjpprotest #abhijeetdipke",ThanthiTV,Sat Jul 25 12:33:03 +0000 2026,0,0,en
2080994179035840706,"#WATCH | Delhi: Union Ministers JP Nadda and Jitendra Singh shake hands with Cockroach Janta Party's Chief Spokesperson Saurav Das and its National Spokesperson Ashutosh Ranka after Cockroach Janta Party withdraws its agitation 
🪳✊ #CJP Protest #Live Updates ➠ https://t.co/7lXPkwKFA0",EconomicTimes,Sat Jul 25 12:30:49 +0000 2026,12,2,en
2080993918829941228,"#WATCH | Delhi: After talks with Cockroach Janta Party delegation, Union Minister JP Nadda says, ""We had a long conversation today. They brought a written draft in which they made four points about the ongoing cases in agitation. Along with that, we discussed the other two https://t.co/nbrJyQCuXn",EconomicTimes,Sat Jul 25 12:29:47 +0000 2026,2,0,en
2080993492789342632,"#WATCH | Delhi: Visuals from Jantar Mantar, where protesters celebrate after the resignation of Union Education Minister Dharmendra Pradhan  After holding the third round of talks with the government, Cockroach Janta Party withdrew its agitation and appealed to the protestors to https://t.co/FlfnF72DxS",EconomicTimes,Sat Jul 25 12:28:06 +0000 2026,10,3,en
2080993293417250956,"Protest ends. Now the difficult part, get back to work. Earn a living. No free food.
https://t.co/tup66rpe7F",ashokpan,Sat Jul 25 12:27:18 +0000 2026,0,0,en
2080992867045314981,"#Watch ||  CJP, Centre Hold Joint Press Conference; Cockroach Janta Party (CJP) Calls Off Jantar Mantar Protest After Third Round of Talks with Central Government
@CJP_for_India  @CJP_2029 @DrJitendraSingh 

#Cockroach #Jantarmantar #Delhi https://t.co/H5HZB56SPw",DailyAsianMail,Sat Jul 25 12:25:37 +0000 2026,0,0,en
2080992591118750028,"Gorlllss 

#GenZWithBharat #NEET #Modi #Delhi #Dharmendrapradhan #SonamWangchuk #CJP #CJPMovement #AbhijeetDipke #CockroachJantaParty #Protest #India #ModiGovernment #BJP #genz #jantarmantar https://t.co/Ba1yDkzHeh",ANURAG_RAI23,Sat Jul 25 12:24:31 +0000 2026,3,0,en
2080992578653376713,"CJP Jantar Mantar Protest Live Updates: 'We withdraw agitation in good faith,' say CJP leaders at joint presser with Centre
 https://t.co/wiuPAf1UFc
Download the TOI app now:
https://t.co/Av4VWorOpx",vinod904,Sat Jul 25 12:24:28 +0000 2026,0,0,en
2080992344468599253,"Now that the CJP protest has been called off, a gentle note for Delhi journalists covering ground protests: there's real value in field training, knowing what gear to carry, which questions to ask, and how to position yourself safely when things get tense. 

I've noticed mics",tawqeerhussain,Sat Jul 25 12:23:32 +0000 2026,3,1,en
2080992147747258498,@monicaismeee Delhi CJP protest?,adhi_x01,Sat Jul 25 12:22:45 +0000 2026,0,0,en
2080992097260261823,"Delhi: After talks with govt, CJP National Spokesperson Ashutosh Ranka says:

""3 rounds of talks held. Our Jantar Mantar protest had 3 demands:

1. Dharmendra Pradhan's resignation,

2. Withdraw all FIRs against protesters + no new cases and 

3. ₹1 Cr compensation for families",sdineshaa,Sat Jul 25 12:22:33 +0000 2026,0,0,en
2080992071733887017,#Delhi - We declare withdrawal of our protest with immediate effect - CJP's Saurav Das #BreakingNews #CJP #StudentsProtest #JantarMantar #DharmendraPradhan #StudentsProtestOver https://t.co/tNOBUgtNBG,indiaprime,Sat Jul 25 12:22:27 +0000 2026,0,0,en
2080992032731078751,"@ANI As per sources, a former CJP member who was expelled from the CJP protest leaked CJP's future plan after being expelled.

The plan reportedly reached the government.

According to the ex-CJP member, there was a much bigger plan behind the CJP protest. They wanted to expand the",iamSachinRaut,Sat Jul 25 12:22:18 +0000 2026,4,1,en
2080991827222806917,@vdsatheesan @RahulGandhi Then why could not visit at CJP protest site during your recent Delhi visit?.,ranjanbasheer,Sat Jul 25 12:21:29 +0000 2026,2,0,en
2080991660448887011,"BIG BREAKING: CJP has announced to END the Jantar Mantar agitation after Govt assurances.

#CJP #JantarMantar #Protest #AbhijeetDipke #DharmendraPradhan #Resignation #BreakingNews #IndianPolitics #PoliticalNews #IndiaNews #LatestNews #Politics #Delhi https://t.co/psXNC1Z1yI",ViralVolT1,Sat Jul 25 12:20:49 +0000 2026,0,0,en
2080991357599117356,"CJP's Ashutosh Ranka Announces Protest Withdrawal After Saying All Demands Were Accepted

#AshutoshRanka #CJP #CJPProtest #GovernmentTalks #JantarMantar #StudentProtest #EducationProtest #NEETProtest #Delhi https://t.co/4FjvYLZuWe",NewsMobileIndia,Sat Jul 25 12:19:37 +0000 2026,0,3,en
2080991333263507824,"#IGR: Union Ministers JP Nadda and Jitendra Singh held a third round of talks with CJP Chief Spokesperson Saurav Das and National Spokesperson Ashutosh Ranka in New Delhi, as the government continued negotiations with protest leaders following Pradhan's resignation. https://t.co/djQ0wTjZNj",IGR_Media,Sat Jul 25 12:19:31 +0000 2026,1,0,en
2080990490695233818,"@ANI 🚨 Finally the CJP (@Cockroachisback) protest is over and protestors are required to go back home immediately.

#EndReservation #NEETProtest #jantarmantarprotest #JaiHind #CockroachJantaParty #Democracy #NEETExamProtest #NEETPaperLeak #StudentsProtest #TimeToEndProtest https://t.co/lbGIgZ2sSv",NileshHW,Sat Jul 25 12:16:10 +0000 2026,25,2,en
2080990319974507004,"Following talks between the Cockroach Janta Party (CJP) delegation and the government, CJP spokesperson Ashutosh Ranka announced during a joint press conference that the government had accepted all of the organization's demands.

Ranka appealed to the protesters gathered at https://t.co/K1xO4tLs23",CoreMediaReport,Sat Jul 25 12:15:29 +0000 2026,0,0,en
2080990250214752538,"Watch Full Video on ~ https://t.co/Ke46ZLItQ4

DELHI | CJP PROTEST | பொளக்கப்பட்ட கரப்பான்கள் - Unlimited Fun | TJ360
#Delhi | #CJP | #Tamiljanam360 | #TJ360 https://t.co/NtN7tykOB1",TamilJanamNews,Sat Jul 25 12:15:13 +0000 2026,0,1,en
2080989988112744766,"Dharmendra Pradhan resigns : No FIRs against protesters, govt says; CJP says ‘withdrawing stir in good faith’ 

Track LIVE updates 👇
https://t.co/ibmLn9vHyt",htTweets,Sat Jul 25 12:14:10 +0000 2026,1,0,en
2080989591251943865,"@abhijeet_dipke 
What about junaid bhia 
#delhi
#jantarmantar
#protest
#neet
#neetpaperleak",Mirnaseer1426,Sat Jul 25 12:12:36 +0000 2026,0,0,en
2080989414088724659,"#WATCH | Delhi: Visuals from Jantar Mantar, where protesters celebrate after the resignation of Union Education Minister Dharmendra Pradhan.

#JantarMantar #Delhi #CJPProtest

Know more 🔗 https://t.co/ibmLn9vHyt https://t.co/nc4tbb3OPx",htTweets,Sat Jul 25 12:11:53 +0000 2026,1,0,en
2080989404936736833,India's Education Minister Resigns After Exam Paper Leak Protests | Big Political Development   India's education minister Dharmendra Pradhan has reportedly resigned following weeks of protests over the alleged exam paper leak controversy. The development comes after nearly two https://t.co/rDtyxYrBYQ,DailyScoopTV1,Sat Jul 25 12:11:51 +0000 2026,0,0,en
2080989253149048947,"#Delhi - We declare withdrawal of our protest with immediate effect - CJP's Saurav Das
#BreakingNews #CJP #StudentsProtest #JantarMantar #DharmendraPradhan #StudentsProtestOver",rajeshkshitij,Sat Jul 25 12:11:15 +0000 2026,2,0,en
2080989195842314543,"#WATCH | CJP has called off its protest with immediate effect after the third round of talks with the government. At a joint press conference in New Delhi, both sides confirmed an agreement had been reached, and CJP urged protesters to return home peacefully. https://t.co/g85le8y7M7",DDNewslive,Sat Jul 25 12:11:01 +0000 2026,7,2,en
2080987856927932655,"આંદોલન પૂર્ણ થયાની CJPની જાહેરાત 

Follow For More Updates : https://t.co/JyvgzAzpBG
Follow to get latest news updates : https://t.co/52vWOsARP2

#Delhi #CJP #Protest #JPNadda #JitendraSingh #India #SandeshNews https://t.co/dDP18jDgjj",sandeshnews,Sat Jul 25 12:05:42 +0000 2026,0,0,en
2080987593525903642,"Safdarjung Hospital case sheet on a CJP protester says ""pellet shards stuck to skin"" &amp; darkened wounds — contradicting Delhi Police's denial of pellet gun use at the July 20 Jantar Mantar protest over NEET irregularities. #CJPProtest #JantarMantar #NEET #DelhiPolice https://t.co/49ROmVrLMW",ObservedIndia,Sat Jul 25 12:04:39 +0000 2026,1,0,en
2080987562886463615,"#WATCH | Delhi: After talks with the government, Cockroach Janta Party's National Spokesperson Ashutosh Ranka says, ""We had demanded compensation of Rs 1 crore for the families of NEET victims. The government has agreed to this, stating that an honorary compensation will be given https://t.co/uXdH8HO109",EconomicTimes,Sat Jul 25 12:04:32 +0000 2026,15,3,en
2080987483538628903,"Delhi Police issues fresh traffic advisory amid CJP protest; Metro entry restored at 3 key stations.

https://t.co/HIKVocpQ0Z",livemint,Sat Jul 25 12:04:13 +0000 2026,1,0,en
2080987392119550064,"CJP withdraws protest after Govt accepts demand of cancelling the FIRs in Delhi, other BJP-ruled states",TrideepL,Sat Jul 25 12:03:51 +0000 2026,0,0,en
2080987366286643317,"#WATCH | Delhi: After talks with the government, Cockroach Janta Party's Chief Spokesperson Saurav Das says, ""Our second demand was that all the FIRs filed against the protesters, not just in Delhi but in all BJP-ruled and BJP-allied states, should be withdrawn. This was also our https://t.co/50zBjw41eR",EconomicTimes,Sat Jul 25 12:03:45 +0000 2026,33,4,en
2080987102599352484,"#WATCH | Delhi: After talks with the government, Cockroach Janta Party's National Spokesperson Ashutosh Ranka says, ""We held three rounds of discussions with the government delegation. Our protest at Jantar Mantar, which was going on for several days, had three main demands: https://t.co/6rJcrkaTiH",EconomicTimes,Sat Jul 25 12:02:42 +0000 2026,18,2,en
2080987080961020358,"Delhi: Addressing a joint press conference with Union Ministers Jitendra Singh and JP Nadda, CJP 's Ashutosh Ranka says, ""Over the past few days, we have had three rounds of discussions with the government's delegation. Our protest at Jantar Mantar had been going on for 37 days. https://t.co/04v7DP3h3a",DynamiteNews_,Sat Jul 25 12:02:37 +0000 2026,0,0,en
2080986918142013606,"The Delhi Police deployed AI-powered Facial Recognition System (FRS) units during a recent student-led protest organized by the Cockroach Janta Party (CJP) at Jantar Mantar in New Delhi, resulting in the real-time flagging of over 2,500 individuals with criminal records.",VandeMataramUK,Sat Jul 25 12:01:58 +0000 2026,1,1,en
2080986897304924627,"Delhi: Union Ministers J.P. Nadda and Jitendra Singh, along with CJP spokespersons, are jointly addressing a press conference following their meeting

Cockroach Janta Party National Spokesperson Ashutosh Ranka says, ""Those FIRs and cases should be withdrawn, and no future cases https://t.co/FeWP8guDS8",ians_india,Sat Jul 25 12:01:53 +0000 2026,6,2,en
2080986827385926041,"After winning three consecutive Lok Sabha elections, it looks like the BJP could lose the 2029 Lok Sabha election. The CJP protest appears to mark the beginning of its downfall.

#CJP #CockroachJantaParty #Loksabha #StudentsProtest #Delhi #Jantarmantar #abhijeetdipke https://t.co/u5gZVxyrAE",omkarghode,Sat Jul 25 12:01:37 +0000 2026,0,0,en
2080986742870651349,"CRPF personnel has completely exposed the entire CJP protest.

He is currently deployed at Jantar Mantar, and every single word he said is absolutely accurate and powerful.

I was deeply moved by what he said, and I believe every Indian should listen to him and understand his https://t.co/W3h9NGegAj",TDPDigitalMedia,Sat Jul 25 12:01:17 +0000 2026,3,4,en
2080986423998796241,"Heat and illness put Jantar Mantar protesters under pressure.

Volunteer doctors are treating viral infections, dehydration and injuries as scorching weather and overcrowding take their toll.

Read More:
https://t.co/8cbPHcKbDo

#JantarMantar #Delhi #Protest #PublicHealth",RediffNews,Sat Jul 25 12:00:00 +0000 2026,0,0,en
2080986132171624598,Breaking 📢📢 IB source told to Govt of Bharat that Terrorist have planing to Burn entire Bharat and Delhi Sepcialy Target to 15 of August in the name of Peaceful protest. That's y Dharmendra Pradhan has resigned. #cjp #Dharmendrapradhan #neet #bjp #istandwithpm,YagnikKateliya,Sat Jul 25 11:58:51 +0000 2026,0,0,en
2080984841462620625,"Inquilab Zindabad. 
.
.
.
.
.

#CJPProtest

#CockroachJantaParty

#StudentPower

#YouthVoice

#JantarMantar

#EducationReform

#JusticeForStudents

[CJP, Protest, Delhi] https://t.co/GuD1ndaHtV",AnupamTiwari10,Sat Jul 25 11:53:43 +0000 2026,0,0,en
2080984484862685459,"Pradhan's gone. CJP isn't packing up though.

They're still pushing for compensation for the students who died, no FIRs against anyone who protested, and an apology from RAF and Delhi Police over how July 20 went down.

Second time in five years a street protest has actually https://t.co/u7ENDRlGKi",TheGrayOperator,Sat Jul 25 11:52:18 +0000 2026,2,0,en
2080983358398669227,"The most powerful surrenders to the most powerless. King is defeated by children. #spiritual #duality

Congratulations to all students and leaders... #democracy wins. #dictatorship surrenders ... Chaa gaye. Maza aa gaya. #inspiring #CJP #cockroach

https://t.co/HeRopREMeq",ketanbhagat1,Sat Jul 25 11:47:50 +0000 2026,1,0,en
2080982503951863839,"The music at Jantar Mantar underlines a truth as old as organised dissent: every movement has its soundtrack – Yogesh Pawar writes.

#JantarMantar #AbhijeetDipke #SonamWangchuk #CJP 

https://t.co/ixwBwjh9dY",TheFederal_News,Sat Jul 25 11:44:26 +0000 2026,1,0,en
2080980017040007603,Scenes at Jantar Mantar in New Delhi after Dharmendra Pradhan resigned as education minister. Cockroach Janta Party has announced that they will end their protest after their remaining two demands including monetary compensation to the NEET aspirants who died by suicide and https://t.co/PdtIAwYBOx,punekarnews,Sat Jul 25 11:34:33 +0000 2026,22,4,en
2080979709526229116,Dharmendra Pradhan resigns as education minister amid massive paper leak protests https://t.co/MmE8ug1r6U,sambhavpandey,Sat Jul 25 11:33:20 +0000 2026,0,0,en
2080979186714579040,Delhi CJP Protest | Fact and Narrative | Police Lathi Charge update | Sa... https://t.co/jH0S36UmGf via @YouTube,URsharma95,Sat Jul 25 11:31:15 +0000 2026,0,0,en
2080978043095634293,"Members of BJP &amp; RSS now have becom security threat 4r themselves. Indian gonna revert to Gandhi's.
#GenZWithBharat #NEET #Modi #Delhi #Dharmendrapradhan #SonamWangchuk #CJP #CJPMovement #AbhijeetDipke #CockroachJantaParty #Protest #India #ModiGovernment #BJP #genz #jantarmantar",Rashid55248,Sat Jul 25 11:26:42 +0000 2026,0,0,en
2080977734772396194,"Dharmendra Pradhan RESIGNS | Delhi CJP Protest Jantar Mantar | NEET Paper Leak |  Abhijeet Dipke 

  #DharmendraPradhan #NEET #NEETPaperLeak #EducationMinister #StudentProtest #NTA #Parliament #BreakingNews #IndiaNews #Politics #BJP #Congress #HindiNews https://t.co/A7Hht2vTOw",NewsStateMPCG,Sat Jul 25 11:25:29 +0000 2026,0,0,en
2080977026857713711,"#ASSAM | Even after Union Education Minister @dpradhanbjp's resignation, the @CJP_for_India (CJP) has made it clear that its protest is far from over. 

Calling the resignation only the ""first victory,"" the organisation said it will continue its agitation until the remaining",DY365,Sat Jul 25 11:22:40 +0000 2026,1,0,en
2080975664522711346,"#WATCH | Delhi: Union Ministers JP Nadda and Jitendra Singh hold third round of talks with Cockroach Janta Party's Chief Spokesperson Saurav Das and its National Spokesperson Ashutosh Ranka. 
🪳✊ #CJP Protest #Live Updates ➠ https://t.co/uzcG4xQiaM 📋 https://t.co/xd1YCYBIzI",EconomicTimes,Sat Jul 25 11:17:15 +0000 2026,3,0,en
2080975136841400424,"Dharmendra Pradhan resignation and perspectives

1. Sigh of relief for Delhi office commuters and other travelers as restrictions on Metro closures will likely go away.
2. Sad day for Protest jeevis like Yogendra Yadav and Abhijit Dipke.  Anarchists salivate at long protests and",vyasa1968,Sat Jul 25 11:15:09 +0000 2026,150,23,en
2080973652930207822,"@theAshleyMolly 2-3-4
1st demand was GC demand from February. Bjp acted on it only after cjp started pelting Delhi police.
Now violent cjp gets the credit for it, not GC who did actual peaceful protest.
If 2to4 is acted on, people are going to be livid.",sanket_and,Sat Jul 25 11:09:16 +0000 2026,1,0,en
2080973608516747691,"People stopped watching Arnab, Anjana, Navika and other TV lapdogs. They now trust, support, and amplify independent media. The CJP Delhi protest proved that small digital newsrooms can outperform mainstream channels in both professionalism and public trust.",durgadahuduga,Sat Jul 25 11:09:05 +0000 2026,0,0,en
2080973418246394011,"*Church priests were seen at the Jantar Mantar protest expressing solidarity with the protesters.*

*Lawmakers from both the US Republican and Democratic parties have expressed concern over the proposed FCRA Amendment.*
* They said provisions relating to the management of NGO https://t.co/plDAC5A2TE",RKSahu15,Sat Jul 25 11:08:20 +0000 2026,1,1,en
2080973365637198240,@NewsAlgebraIND This is last round talk between cjp and govt and after this the protest should be end they must vacate jantar mantar because govt and delhi police is planning to be massive crackdown against elements who are attacking police,ShivaDubeySD,Sat Jul 25 11:08:07 +0000 2026,8,0,en
2080973320409985523,"CJP Jantar Mantar Protest Live Updates: Round 3 of CJP-govt talks under way after Dharmendra Pradhan's resignation
 https://t.co/wiuPAf1UFc
Download the TOI app now:
https://t.co/Av4VWorOpx",vinod904,Sat Jul 25 11:07:56 +0000 2026,0,0,en
2080972789432115602,Live: 3rd round of govt-CJP talks underway after Dharmendra Pradhan's resignation https://t.co/WDHltJ6Lsz,jollymampilly,Sat Jul 25 11:05:50 +0000 2026,0,0,en
2080972711338316131,"Entry gates for Rajiv Chowk, Mandi House and Central Secretariat metro stations are now open: Delhi Metro Rail Corporation  
🪳✊ #CJP Protest #Live Updates ➠ https://t.co/uzcG4xQiaM 📋 https://t.co/Oju1sGWBIY",EconomicTimes,Sat Jul 25 11:05:31 +0000 2026,11,2,en
2080972590416560210,"Delhi | Union Ministers JP Nadda and Jitendra Singh hold third round of talks with Cockroach Janta Party's Chief Spokesperson Saurav Das and its National Spokesperson Ashutosh Ranka. 
🪳✊ #CJP Protest #Live Updates ➠ https://t.co/uzcG4xQiaM 📋 https://t.co/D8IYtzM577",EconomicTimes,Sat Jul 25 11:05:02 +0000 2026,4,0,en
2080972340989427742,"Genz Won. 
#GenZWithBharat #NEET #Modi #Delhi #Dharmendrapradhan #SonamWangchuk #CJP #CJPMovement #AbhijeetDipke #CockroachJantaParty #Protest #India #ModiGovernment #BJP #genz #jantarmantar",Rashid55248,Sat Jul 25 11:04:03 +0000 2026,0,0,en
2080972322211844594,"@narendramodi @AmitShah @rajnathsingh Respected All, Immediately End the #CJP protest. This protest is not going in correct direction. Political parties diverting the issue. Major demand is accepted also accept compensation, no FIR &amp; an apology by Delhi Police &amp; RPF. Take Control",VelHanVetri,Sat Jul 25 11:03:58 +0000 2026,0,0,en
2080972223423402494,"Overall, i think it's a good move. The government probably had inputs of this turning into something violent by August 15 like the Delhi riots of 2020. Further demands by CJP and allies won't strike too many chords with the common people, and the protest will lose steam.",wtfflok,Sat Jul 25 11:03:35 +0000 2026,41,5,en
2080971401385648387,"#mamatabanerjee reaches CIT road where #trinamoolcongress protest permission supporting students was denied by #calcuttahighcourt . Her leaders #kunalghosh and Baishnor Chattopadhyay were taken away by police,prompting Mamata to arrive riding pillion on a two wheeler&amp;leave after",prema_rajaram,Sat Jul 25 11:00:19 +0000 2026,0,0,en
2080970529838960914,"Article link: https://t.co/SwktG1H0nB

#JantarMantar #NEETProtest #delhiprotest #ResignDharmendraPradhan #CJP #BJP #Modi https://t.co/IBtM9Pfq1w",vinavu,Sat Jul 25 10:56:51 +0000 2026,0,0,en
2080968867397193987,CJP protest LIVE updates: CJP-govt meet at 4 pm; Dipke thanks CJI Kant for calling youth 'cockroaches' https://t.co/rzYzqwj7IQ,thetribunechd,Sat Jul 25 10:50:15 +0000 2026,0,0,en
2080968334489866738,"Multiple rows of barricades have been placed on sensitive stretches in the New Delhi district, particularly in and around the CJP Protest.

#Delhi #CJPProtest #JantarMantar #DelhiPolice

https://t.co/sEb6AOOvKj",Patriot_Delhi,Sat Jul 25 10:48:08 +0000 2026,0,0,en
2080968266940657779,Jantar Mantar protest LIVE: Dharmendra Pradhan tenders resignation as Union Education Minister - https://t.co/6UTXDt2S5j For the best experience read this on The Hindu App. https://t.co/QCUkTw536n,jai59480748,Sat Jul 25 10:47:52 +0000 2026,0,0,en
2080967950194917637,"#Students_Who_Lost_Their_Lives_Got_Justice

Abhijeet Dipke After Dharmendra Pradhan's Resignation

#delhi : Following the resignation of Union Education Minister Dharmendra Pradhan, CJP founder Abhijeet Dipke said, ""Students who lost their lives got justice today."" He described https://t.co/PRt0cKqdGD",NEWSPOPFFF,Sat Jul 25 10:46:36 +0000 2026,2,0,en
2080967939147382859,"Several actors including Priyanka Chopra reacted after former Union Education Minister Dharmendra Pradhan's resignation following Sonam Wangchuk's hunger strike and the CJP protest in Delhi. Their posts welcomed talks with the youth, with actor Kamal Haasan calling for dialogue https://t.co/E810Cq0Xuk",IndiaToday,Sat Jul 25 10:46:33 +0000 2026,2,0,en
2080967625602224639,"First, let's give the students their due. 

They pushed, and a Union minister is gone. That does not happen often in this country.

Dharmendra Pradhan has resigned as Education Minister today, sending his letter to the Prime Minister, in the middle of the nationwide protests over",Malay4Product,Sat Jul 25 10:45:19 +0000 2026,4,0,en
2080967599593292067,"Dear @DelhiPolice, whatever you did, whether it was a  success or a failure (with respect to CJP protest at #JantarMantar), we,  the Citizens of India are proud of you. 

We are greatful to your officers and men in uniform at #DelhiKiPolice for your efforts and services. Thanks",Nationalist710,Sat Jul 25 10:45:12 +0000 2026,0,0,en
2080967450741633446,"CJP founder Abhijeet Dipke's mother, Anita Dipke, says she is ""very happy"" and ""very proud"" of her son. Recalling the attacks on him, she says she was scared at times and kept worrying about what might happen to him.

LIVE updates👇🏼
https://t.co/1gGWUNwBN3 https://t.co/bkrBcsmt77",IndianExpress,Sat Jul 25 10:44:37 +0000 2026,6,1,en
2080967303085412802,"भारत माता की जय 🇮🇳🙏🏻 ... Power of students, unite together 💪🏻🔥🥹
.
Thousands of students are massing at Jantar Mantar in
New Delhi for a major demonstration led by the
Cockroach Janta Party (CJP) 
#coakroachjantaparty#protest #sonamwangchuk#explore https://t.co/pDnRF9k3kw",karishnaMenon25,Sat Jul 25 10:44:02 +0000 2026,0,0,en
2080966780395389040,"@wokeflix Since 2014_
-Intolerance campaign
-Award return show by Urban Naxals
-Shaheen Bagh
-Delhi Riots
-Fake Farmers Protest
-Republic Day Riots
-Manipur Kuki Terrorism
-West Bengal Anti-Hindu Riots by TMC
-AAP-CJP rampage

Hardly any concrete action after winning elections everywhere🤐 https://t.co/jrNRCWgq8b",buprashanth,Sat Jul 25 10:41:57 +0000 2026,4,2,en
2080966519996252452,"Full Video Link - 👉https://t.co/Ke46ZLItQ4  DELHI | CJP PROTEST | பொளக்கப்பட்ட கரப்பான்கள் - Unlimited Fun | TJ360

Tovino bro ! பேசுங்க bro | CJP Protest | TJ 360 | NEET |
#Tamiljanam360 | #TJ360 | #tovinothomas | #Kerala |  #mallu | #Keralafilm | #filmindustry | https://t.co/HiVWce8Uoa",TamilJanamNews,Sat Jul 25 10:40:55 +0000 2026,3,1,en
2080966388542541920,"CJP celebrates resignation of India’s Education Minister Dharmendra Pradhan. Yet CJP says won’t end protest until other demands are met:

Compensation of ₹1 crore for families of students who died by suicide.

Delhi Police public apology. (1/2)",danishnaseer414,Sat Jul 25 10:40:24 +0000 2026,0,0,en
2080966313795617091,"According to the Delhi Metro Rail Corporation (DMRC), the stations remain closed from 7.30 am until further instructions amid the CJP protest.

#Delhi #DelhiMetro #CJPProtest

https://t.co/3bKJfNEBLZ",Patriot_Delhi,Sat Jul 25 10:40:06 +0000 2026,0,0,en
2080966115598139682,"He joined CJP protest to speak against NEET paper leak. But when he saw people abusing Modi ji, he confronted them.

He told them this protest is against NEET paper leak not against Modi ji. They called him Andhbhakt, lynched him.

Now he is in serious condition.

#DelhiViolence https://t.co/0NFniTZ8JW",TDPDigitalMedia,Sat Jul 25 10:39:19 +0000 2026,3,2,en
2080966039773594008,"CJP Spokesperson Raises Questions Over Delhi Police | WNN

➡️ CJP spokesperson Sourav Das raised serious questions over the Delhi Police's handling of security arrangements.

➡️ He alleged that while even food bags were not allowed inside protest areas, trucks allegedly carrying https://t.co/wufcxXFoPV",WaliaNewsNet,Sat Jul 25 10:39:01 +0000 2026,1,1,en
2080965327022899437,"@VijayGajeraO Since 2014_
-Intolerance campaign
-Award return show by Urban Naxals
-Shaheen Bagh
-Delhi Riots
-Fake Farmers Protest
-Republic Day Riots
-Manipur Kuki Terrorism
-West Bengal Anti-Hindu Riots by TMC
-AAP-CJP rampage

Hardly any concrete action after winning elections everywhere🤐 https://t.co/MMWfBZrmjV",buprashanth,Sat Jul 25 10:36:11 +0000 2026,0,0,en
2080964222444519715,"Celebrations broke out outside Janpath Metro station after Education Minister Dharmendra Pradhan resigned amid the NEET paper leak row. 

The resignation came as student protests demanding accountability continued across the country.

#DharmendraPradhan #JantarMantar #cjp #delhi https://t.co/ZE1x1wcgFc",DeccanHerald,Sat Jul 25 10:31:47 +0000 2026,1,1,en
2080964115447873647,"We Have Done It ! | Cockroach Janta Party | Abhijeet Dipke | Delhi Protest | IBC Tamil

#cockroachjantaparty #abhijeetdipke #delhiprotest #ibctamil #cjp https://t.co/s7KMwQhUOJ",ibctamilmedia,Sat Jul 25 10:31:22 +0000 2026,0,0,en
2080963799771967735,"CJP has updated its demand tracker.
✅ Dharmendra Pradhan has resigned.
But the movement says the remaining demands are still pending:
• ₹1 crore compensation for families of students who died by suicide
• No action against student protesters
• Public apology from the RAF and",ashoupadhyay,Sat Jul 25 10:30:06 +0000 2026,0,0,en
2080963748521734627,"@MumbaichaDon Farmers were coming to Delhi after 27th Jul to support CJP. Everybody knew this entire protest was funded to create nepal n bangldesh situation in India. Whn same hpnd in shaheen bagh, farmers protest why gov was nt ready for this. This is a gov failure, it will now bcom a trend",ItsPrachiGupta,Sat Jul 25 10:29:54 +0000 2026,1,0,en
2080963490274234557,"Finally Dharmendra Pradhan resigns...
asianetnews India's victory, victory over dictatorship; Abhijit Deepke raises Ambedkar's picture and greets workers

#CJP #StudentsProtest #DelhiPolice #DharmendraPradhan #dharmendrapradhanresign #JantarMantar #CockroachJanataParty #Delhi https://t.co/HXCNcXFA5m",Fashan88492731,Sat Jul 25 10:28:53 +0000 2026,1,0,en
2080963314579091906,"Following the resignation of former Education Minister Dharmendra Pradhan, which is being seen as a major victory for the CJP protests and the broader student movement, the Delhi Police have announced that all Delhi Metro stations are now open. Metro services are reportedly free,",project_polis,Sat Jul 25 10:28:11 +0000 2026,2,0,en
2080962324991791490,"Internet, metro, liquor shops: What is restricted in Delhi amid CJP protest

https://t.co/v5onOv7Dpe",htTweets,Sat Jul 25 10:24:15 +0000 2026,0,0,en
2080961807498588599,"@Sanjay_Dixit Since 2014_
-Intolerance campaign
-Award return show by Urban Naxals
-Shaheen Bagh
-Delhi Riots
-Fake Farmers Protest
-Republic Day Riots
-Manipur Kuki Terrorism
-West Bengal Anti-Hindu Riots by TMC
-AAP-CJP rampage

Hardly any concrete action after winning elections everywhere🤐 https://t.co/M0723MKhTo",buprashanth,Sat Jul 25 10:22:11 +0000 2026,3,1,en
2080961472365224129,"@JaipurDialogues Since 2014_
-Intolerance campaign
-Award return show by Urban Naxals
-Shaheen Bagh
-Delhi Riots
-Fake Farmers Protest
-Republic Day Riots
-Manipur Kuki Terrorism
-West Bengal Anti-Hindu Riots by TMC
-AAP-CJP rampage

Hardly any concrete action after winning elections everywhere🤐",buprashanth,Sat Jul 25 10:20:52 +0000 2026,1,0,en
2080961131439652946,"CCTV Captures Exact Moment of Stone Pelting and Vandalism at CJP's Protest in Delhi

The CCTV video shows how the CJP protest turned violent on 20 July 2026. Multiple protesters can be seen vandalizing a police vehicle in front of the Janpath metro station. At first, the masked https://t.co/OyrQLCBflO",AugadhBhudeva,Sat Jul 25 10:19:30 +0000 2026,13,12,en
2080960351156551925,"Student's Won

#DharmendraPradhan #NEETExamProtest #EducationMinister #gez #genzee #dmkgenz #NEET #Modi #Delhi #Dharmendrapradhan #SonamWangchuk #CJP #CJPMovement #AbhijeetDipke #CockroachJantaParty #Protest #India #ModiGovernment #BJP #jantarmantar #junaid https://t.co/Uzz53fbqeQ",jaanverse,Sat Jul 25 10:16:24 +0000 2026,19,2,en
2080960188891517359,Now Hindus from all over the country should do dharna in jantar mantar for Hindu Rashtra. Shankaracharyas should hold fast until the death for Hindu republic of India. #cjp_पार्टी #cjp #protest #delhi #resign #dharmendrapradharesign #dipke,Purandar69,Sat Jul 25 10:15:46 +0000 2026,3,3,en
2080959575788818901,"The moment ...

#CJP #Abhijeet #Delhi #Protest https://t.co/6ataEoWe5i",khanzarsutra,Sat Jul 25 10:13:19 +0000 2026,0,0,en
2080958994869526591,"We need to introspect. Why #GenZ has to organise a 40 day protest?
#CJP #CJPProtest #DharmendraPradhan #DharmendraPradhanResign #JantarMantar #NewDelhi #Delhi #AbhijeetDipke #RahulGandhi https://t.co/IeCkOBS1Qk",HeyShivYTXpert,Sat Jul 25 10:11:01 +0000 2026,0,0,en
2080958906189361477,@CPDelhi @DelhiPolice identity miscreants &amp; take stern actions who has taken law &amp; order and assaulted Delhi Police/ RAF while CJP protest.,rajneeshkp,Sat Jul 25 10:10:40 +0000 2026,0,0,en
2080958462574375201,"CJp Terrorist abhijeet now asking two more demanded,,,,

Now I don't care about anyone , 
Now the time to speak bad words only correct 

Dai @abhijeet_dipke bitches fucker dash, Terrrorist , lade  🤬🤬

What you demanded at all cleared - Paper leaked  wallas , already special",War_crazy44,Sat Jul 25 10:08:54 +0000 2026,1,0,en
2080957563278115266,"@YearOfTheKraken This is an old weakness of BJP: surrendering before mobs in Delhi, first seen in IC-814 case. This govt has already surrendered thrice before mobs in Delhi-- Shaheen Bagh, Kisan protests and CJP protest. Modi govt has lost its ""Iqbal"" completely &amp; it's only a matter of time now.",AmigoAm42610928,Sat Jul 25 10:05:20 +0000 2026,0,0,en
2080957560799342806,"Sonam Wangchuk released a video alleging harassment at Safdarjung Hospital before his transfer to Medanta. Hospital officials clarified the clip was shot in a restricted area before they received the High Court's written transfer order.
#DTNext #SonamWangchuk #Delhi #CJP #Protest https://t.co/r9OHpvRht0",dt_next,Sat Jul 25 10:05:19 +0000 2026,0,0,en
2080957102114427064,"Be Abhijeet Dipke

-&gt; born in Aurangabad on 29 September 1995
-&gt; worked in Delhi CM Office communications
-&gt; was applying for US jobs in 2026
-&gt; saw CJI’s “cockroach” remark on 15 May
-&gt; launched Cockroach Janta Party on 16 May 2026
-&gt; CJP got thousands of sign-ups within days
-&gt; https://t.co/EdEImgDT0T",aaakasei,Sat Jul 25 10:03:30 +0000 2026,0,0,en
2080957050524487868,"@ShekharGupta @abhijeet_dipke @BhardwajAnanya Grok: The question of who started the violence during the July 2026 CJP/NEET paper-leak protests at Jantar Mantar in Delhi is disputed, with competing claims from both sides and no definitive independent adjudication available in public reports.
On or around 20 July 2026, the",dravirmani,Sat Jul 25 10:03:17 +0000 2026,0,0,en
2080956623221346522,"@Nithiskumar_ True. 

But FYI, u have clearly mentioned the external influence (dmk) hijacking cjp protest in TN.

Please also do mention the same that happened in Delhi too

(Lgbt, hitting police, damaging public property, umar khalid, article 370)",lost8n,Sat Jul 25 10:01:35 +0000 2026,1,0,en
2080956449014845507,Watch | Moment when CJP learned about Dharmendra Pradhan's resignation https://t.co/NLDmp9hdBN,vijaysinghparis,Sat Jul 25 10:00:54 +0000 2026,0,0,en
2080956119707800014,"🚨 Education Minister Dharmendra Pradhan Resigns

But CJP &amp; Abhijit Dipke refuses to end the protest citing unmet demands. On July 20, three demands were made by them but now a new demand has been added a public apology from the RAF &amp; Delhi Police. https://t.co/f3o7hOd8MO",Geopolitalk1,Sat Jul 25 09:59:35 +0000 2026,0,0,en
2080956071456432390,"I was offered money, flight tickets to join CJP protest in Delhi: Actress Akansha
https://t.co/MfKzzgtLyS
 -via inshorts https://t.co/4kDWe8a5k2",amritabhinder,Sat Jul 25 09:59:24 +0000 2026,12,1,en
2080955692614336909,"#Dharmendrapradhan resigns as the #Educationminister 

This comes after intensified protest at Jantar Mantar. The resignation letter also highlights that the foreign elements involved might destroy their career, hence the resignation 

#cjp #studentprotest #delhi #jantarmantar",revati_hingwe,Sat Jul 25 09:57:54 +0000 2026,0,0,en
2080955403652010491,"JUST IN | Protesters gathered in Jantar Mantar celebrate with the 'Chak De India' song.
 - @ikasnik reports
Read live updates here: https://t.co/GmC7bVDFyL",the_hindu,Sat Jul 25 09:56:45 +0000 2026,81,6,en
2080955233841406441,"'Congratulations to the entire country on Dharmendra Pradhan’s resignation. Big win for democracy,' says former Delhi CM Arvind Kejriwal.

Union education minister Dharmendra Pradhan on Saturday tendered his resignation amid the ongoing protests over the NEET paper leak.

Track https://t.co/D6cCnOOMN3",timesofindia,Sat Jul 25 09:56:04 +0000 2026,211,33,en
2080955198726660327,"CJP Anti Nationals Protestors!!!

They won't stop this 

They ll Plan add more and more

Why means they are not NEET Solutions,, they all are Anti Nationals, Anti Terrorist 

So Delhi protest arrest Everybody and arrest Abhijeet Dipke 

Upcoming - Kindly make the Internal https://t.co/QSbYY0qkCt",War_crazy44,Sat Jul 25 09:55:56 +0000 2026,0,0,en
2080954990227841203,"@mandeeppunia1 Jantar Mantar Protest: ""Food and water being stopped', says CJP spokesperson Saurav Das in heated argument with Delhi Police.

#JantarMantarProtest #CJP",_AAhmed004,Sat Jul 25 09:55:06 +0000 2026,0,0,en
2080954954890854472,"After Pradhan’s resignation :

- gendu generation can’t monetise further on chhapri cockroach jhatu party (CJP) protest 

- end of Dikpe’s career 

- deep state’s regime change plan foiled 

- PM Modi won hearts again by his apology video and finally his resignation 

- fake",VivaciousStree,Sat Jul 25 09:54:58 +0000 2026,14,4,en
2080954703270080587,"CJP is celebrating the resignation of India's Education Minister, Dharmendra Pradhan. Yet it says the protest will not end until its other demands are met:

₹1 crore in compensation for the families of students who died by suicide.
A public apology from the Delhi Police.
Action https://t.co/22ORhffIY0",Arysangwan,Sat Jul 25 09:53:58 +0000 2026,2,0,en
2080954455118504153,"The Cockroach Janta Party (CJP) welcomed the resignation of India's Education Minister, #DharmendraPradhan but clarified that their demonstrations will continue. The organization announced that the protest will only end once the government fulfills their remaining conditions: https://t.co/e1z02vA2Kn",BharatKaDevansh,Sat Jul 25 09:52:59 +0000 2026,3,0,en
2080954442120065196,"CJP updates its demand list after Dharmendra Pradhan tenders his resignation, says won’t end protest until there is:

 — Rs 1 Cr compensation to the families 
#NEET aspirants who committed suicide

— public apology from Delhi Police &amp; RAF

— Assurance of no action against",dhairyam14,Sat Jul 25 09:52:55 +0000 2026,0,0,en
2080954237014704563,@SHRao19 The arrests of the criminals attending the CJP protest is going on... there are 2500+ goons now on Delhi Police radar....,SadhaMaanus,Sat Jul 25 09:52:07 +0000 2026,1,0,en
2080953729608568941,"Education minister resigned...good!

What about accountability of students beaten mercilessly by Delhi police and civil clothes goons? One teen even died :(

#Delhi #protest #cjp #students #laathicharge #pelletguns #accountability @CJP_for_India @PMOIndia @INCIndia @BJP4India",SR_Waghle,Sat Jul 25 09:50:06 +0000 2026,0,0,en
2080953566119014419,"As Union Education Minister Dharmendra Pradhan resigns amid the ongoing NEET protest row, what could be discussed between CJP and the government in the third round of talks?

@SardesaiRajdeep shares his views on the developments.

#Delhi #NEETPaperLeakCase #DharmendraPradhan https://t.co/YbSggf39AL",IndiaToday,Sat Jul 25 09:49:27 +0000 2026,64,6,en
2080953281141227652,"🚨 NIHANG SIKHS CONFRONT ABHIJEET DIPKE AT DELHI PROTEST.

A group of Nihang Sikhs has publicly warned Cockroach Janta Party leader Abhijeet Dipke after a tense exchange at the Jantar Mantar protest site in New Delhi. They accused Dipke of insulting Sikh traditions and https://t.co/bEVAonRsiL",tcf_updates,Sat Jul 25 09:48:19 +0000 2026,1,1,en
2080952887266447824,"@Sanjay_Dixit 1. Kishan Protest 
2. Shaheen Bagh 
3. Delhi Riots 
Now CJP .

I  feel Modi is done now . he needs to pass the baton to Amit Shah ji and Yogi ji .

Resignation is not wrong but the timing is wrong and he  ultimately surrenders to streets not genuine students 🙏",DCIOPMO,Sat Jul 25 09:46:45 +0000 2026,7,0,en
2080952833860591813,"understood the value of the country and the lives of the girl students after a long time, but it is good that you are resigning from this post।
Jai Hind 🇮🇳 
@dpradhanbjp 
@narendramodi 
@CJP_for_India 

#Cjp #BJP 
#viral
#Protest 
#delhi
#Studentmovement https://t.co/r2SWkXypYE",RoshwalNikhil,Sat Jul 25 09:46:32 +0000 2026,1,0,en
2080951242348507491,"Win democracy 
#jantarmantar #delhi #protest #cjp",AhrarSaifi,Sat Jul 25 09:40:13 +0000 2026,0,0,en
2080951150552261006,Jantar Mantar protest LIVE: Dharmendra Pradhan tenders resignation as Union Education Minister - https://t.co/hog8veHIIA For the best experience read this on The Hindu App. https://t.co/89kNNVry1X. Arun jatley laid this road.,Ko6Venkataraman,Sat Jul 25 09:39:51 +0000 2026,1,0,en
2080951065592389692,"#BREAKING Delhi| After Union Education Minister Dharmendra Pradhan shared a letter stating that he has submitted his resignation to Prime Minister Narendra Modi, CJP founder @abhijeet_dipke 

“Dharmendra Pradhan has resigned. This proves that if you do not get scared or bow down https://t.co/oybuRBHrCw",shiningindnews,Sat Jul 25 09:39:30 +0000 2026,2,1,en
2080950716286583268,"Now the real game starts .CJP , Urban Naxals, Congress ,SP got what they wanted. Looks so. But ideally now they are clueless and Shah and Delhi Police will start their game and lock up if protest continues and most of them willbe in jail. BJP And Modi wins 2029. CJP  is looser.",harrywakh,Sat Jul 25 09:38:07 +0000 2026,0,0,en
2080950448635424980,"Civil society in India is not down and out - All amongst us NGO-types who have shut up for fear of govt action, take a cue from these youngsters! CJP Protest in Delhi Live Updates: Dharmendra Pradhan resigns as Union Education Minister https://t.co/z66evgwjOq",chikikothari,Sat Jul 25 09:37:03 +0000 2026,27,7,en
2080950436463321184,"A complete educational reform is next demand of this protest. We MUST demand COMPLETE EDUCATIONAL REFORM.

#CJP #Protest #Delhi #RESIGN_MODI",Bharatiya_100,Sat Jul 25 09:37:00 +0000 2026,0,0,en
2080950436320952760,"Modi has given legitimacy to CJP. It opens the doors to CJP contesting elections. Absolute harakiri by Modi &amp; Co. It happens when you don't have a ground level feedback mechanism. The protest was losing steam. Except Delhi, it was a non-starter in other States.",AmitDahal,Sat Jul 25 09:37:00 +0000 2026,25,6,en
2080950090181833161,"CJP founder Abhijeet Dipke says, “We have done it. Dharmendra Pradhan has resigned.”

LIVE updates👇🏼
https://t.co/1gGWUNwBN3 https://t.co/m3ebCLVuQf",IndianExpress,Sat Jul 25 09:35:38 +0000 2026,124,14,en
2080950044296093783,"Day 5 | CJP protest | Tamilnadu #BanNEET
#NEET #Delhi #CJP #JantarMantar #DharmendraPradhan #Modi #Politics #Jananayagan #Vijay #TVK https://t.co/uloQB7NkzK",vinavu,Sat Jul 25 09:35:27 +0000 2026,1,0,en
2080949131070050370,"Union Education Minister Dharmendra Pradhan has resigned amid the ongoing NEET protest row.

@PoojaShali reports from Constitution Club, where CJP and the government are scheduled to meet.

#Delhi #NEETPaperLeakCase #DharmendraPradhan #StudentProtest #Education #ITVideo | https://t.co/Fi94Dj5N9F",IndiaToday,Sat Jul 25 09:31:49 +0000 2026,13,1,en
2080948892636733930,"#Congress leader #AdhirRanjanChowdhury said the government's decision to seek #DharmendraPradhan's resignation came under sustained public pressure following the student movement led by #RahulGandhi.

#CockroachJantaParty #CJP #Delhi #DelhiPolice #Protest #StudentProtest",abhijitnow,Sat Jul 25 09:30:52 +0000 2026,0,0,en
2080948711220244549,Delhi le protest should end...inga CJP poidum as they got what they need. Poraligal enna seyya pogirargal😂 https://t.co/OMxkxr4ZIq,vinoplays,Sat Jul 25 09:30:09 +0000 2026,0,0,en
2080948610242589019,"So central education minister emresigns - now cjp guys won as per their demand in Delhi

Now back to Tamilnadu kothus : till Neet get banned don’t come back to home from protest place

Pls stay there and protest guyssss",Mskvw08,Sat Jul 25 09:29:45 +0000 2026,1,0,en
2080947852088688904,"BREAKING:

Education Minister @dpradhanbjp Resigned. 

#CJP Delhi Protest wins❤👏🏻",ItsVishhnu,Sat Jul 25 09:26:44 +0000 2026,0,0,en
2080947721071169894,"@Xityouerg @OGprasanna What CJP Delhi is protesting is with a valid motive

1. Fair NEET
2. Resignation 
3. Justice for the injured students

Which doesnt need UNION LIST / CONCURRENT LIST

What proxy CJP TN wants is BAN NEET which is useless with protest",thalapa13332131,Sat Jul 25 09:26:13 +0000 2026,0,0,en
2080947272364552655,"@ANI 🚨 BREAKING: Union Education Minister Dharmendra Pradhan (@dpradhanbjp) resigns.

》Now comes the main point, as the resignation is tendered will CJP (@Cockroachisback) will end their so called Protest?

》Abhijeek Dipke (@abhijeet_dipke), Saurav Das (@SauravDassss) and Ashutosh https://t.co/OhDoPRN1aj",NileshHW,Sat Jul 25 09:24:26 +0000 2026,1,2,en
2080947074468626801,"Thank you Dharmendra Pradhan Ji, I hope CJP will end protest and vacate Jantar Mantar. Delhi will be brought back to Normal life.
Feud upmof these protests 
#DharmendraPradhan",GaganGulati328,Sat Jul 25 09:23:39 +0000 2026,0,0,en
2080947021842628653,"You must bro. With you.... Full support to cjp protest in lucknow....
Yogi ji is waiting.......just remember lucknow is not Delhi",hiraj13,Sat Jul 25 09:23:26 +0000 2026,7,0,en
2080946791118463070,"CJP Protest News LIVE Updates: Education Minister Dharmendra Pradhan resigns; Delhi Metro curbs continue &amp; other top developments
https://t.co/ssbS4uNASc",ETNOWlive,Sat Jul 25 09:22:31 +0000 2026,5,0,en
2080946751973072903,"A new era begins as Dharmendra Pradhan resign. It takes lots of guts to stand against this government. Congratulations to every GenZ who stood tall for their demands ... 

#CJP #delhi #protest",jainkishan9,Sat Jul 25 09:22:22 +0000 2026,0,0,en
2080946403703226461,"#India: Jantar Mantar protest LIVE: Dharmendra Pradhan resigns as Union Education Minister
https://t.co/JgZkbdHWTw via @the_hindu",Meerasrini,Sat Jul 25 09:20:59 +0000 2026,8,4,en
2080946390327529978,"Cockroach Janta Party alleges illegal detention of youths by Delhi Police, warns of protest at police headquarters

#CJP #IllegalDetention #Youths #DelhiPolice #PoliceHeadquarters #protest https://t.co/eABBRmoroI",KhabriIndia,Sat Jul 25 09:20:56 +0000 2026,0,0,en
2080946313999577167,"Huge victory! 💥🔥 

Huge respect to the students, CJP, and Sonam Wangchuk for standing strong through days of protest. 

Hoping the rest of their demands are met so this turns into an even bigger milestone movement! 🤍

#NEET #JantarMantar #Protest #Delhi https://t.co/Tan7dq48or",AshisNOT_here,Sat Jul 25 09:20:38 +0000 2026,2,0,en
2080945672480850181,"18 Delhi Metro stations remain shut for fourth straight day amid CJP protest
 https://t.co/6Bxe6OUK2J",TweetsByFACT,Sat Jul 25 09:18:05 +0000 2026,0,0,en
2080945291688300800,"victory 🙌🏿 #BIGVICTORY 

#resign #protest #cjp #win #delhi 
@dhruv_rathee https://t.co/db9mY8Vk2L",kaifu_21,Sat Jul 25 09:16:34 +0000 2026,2,0,en
2080945037458936170,18 Delhi Metro stations remain shut for fourth straight day amid CJP protest https://t.co/pM2B1nuRAC,mpostdigital,Sat Jul 25 09:15:33 +0000 2026,0,0,en
2080944984317214727,"Jantar Mantar protests LIVE: Dharmendra Pradhan resigns as Union Education Minister

Updated - July 25, 2026 02:41 pm IST @the_hindu 

https://t.co/zg2lbR3hfu #Resignation #DharmendraPradhan https://t.co/G0p7k6ovGF",PetitionIssue,Sat Jul 25 09:15:21 +0000 2026,2,1,en
2080944868684354003,Reality of Delhi CJP Protest NEET Paper Leak Behaviour of these People https://t.co/VSNZclWTHe,TandavAcharya,Sat Jul 25 09:14:53 +0000 2026,0,0,en
2080944743203418183,"DHARMENDRA PRADHAN RESIGNS 💥
NOW WAITING FOR CJP @abhijeet_dipke @SauravDassss to demand resignation of Ministers in PUNJAB AND KARNATAKA for exam frauds / leaks

HOPE YOU ARE NEUTRAL 👀

#neetug #cjp #punjab #jantarmantar #CJP #karnataka #delhi #protest .",ThinkingMan321,Sat Jul 25 09:14:23 +0000 2026,1,0,en
2080944437920961023,"### Protecting the Sanctity of Student Protests: A Blueprint for Genuine Dissent
To the leadership of the CJP and all movement organizers: If this agitation is truly for the future of our youth and students, accountability and absolute transparency must begin from within.

**If",animatedperson,Sat Jul 25 09:13:10 +0000 2026,1,1,en
2080944190150869201,"Education minister #DharmendraPradhan submits his resignation after CJP protest takes over the nation. 

#CJPprotest #delhi #absoluteindianews https://t.co/A9ZJ0msqDU",AbsoluteIndNews,Sat Jul 25 09:12:11 +0000 2026,1,1,en
2080944132747604336,"#Dharmendrapradhan, India's Education Minister, resigned after huge protests against him in New Delhi following paper leaks. 🙌 #CJParty #NeetPaperLeak #NEETExamProtest #Neet #cjp #Protest https://t.co/lLpiULwjpt",theshekharvoice,Sat Jul 25 09:11:57 +0000 2026,0,0,en
2080944061641621900,"Delhi: Latest visuals from Jantar Mantar, where CJP (Cockroach Janta Party) continues its protest.
#CJPprotest
#StudentProtest https://t.co/sfCKTKd4wo",yadavrinku2025,Sat Jul 25 09:11:41 +0000 2026,0,0,en
2080943565094719703,"🚨 Dharmendra Pradhan has resigned as Education Minister.

Considering the chaos, violence and repeated clashes surrounding the CJP protest at Jantar Mantar over the past five days, this decision is absolutely right. 👏

Now the protesters have no excuse left to continue sitting https://t.co/rwHaRMtuar",udaykumarroy,Sat Jul 25 09:09:42 +0000 2026,1,1,en
2080943501358092514,"He Resigned !
More power to the students 💪

#cjp #cockroachisback #dharmendrapradhan #resigned #protest #jantarmantar #delhi #sonam #dipke",sujal_ll,Sat Jul 25 09:09:27 +0000 2026,1,0,en
2080943278330102019,"Finally education minister Pradhan resigned. All the hardwork of protesters from students to parents, to activists, to oppositions, finally paid off. 
Thanks to almighty God.

https://t.co/iW0Zka159q",manjunath640,Sat Jul 25 09:08:34 +0000 2026,0,0,en
2080943044900372915,"This is how a Delhi girl with a high body count 
explains Dharmendra Pradhan at the CJP protest 
#DharmendraPradhan https://t.co/b9Jkh0YFjB",imsurya07ssr,Sat Jul 25 09:07:38 +0000 2026,2,1,en
2080942995600560414,"Dharmendra Pradhan, finally resigned. #cjp #resigned #protest #delhi #dpresign https://t.co/SRPV5Sre7K",CJP_GAYA_JI,Sat Jul 25 09:07:26 +0000 2026,0,0,en
2080942883235147878,"CJP Jantar Mantar Protest Live Updates: Union education minister Dharmendra Pradhan resigns
 https://t.co/XoX6PYTcLx
Download the TOI app now:
https://t.co/BYcPhmmxh3",pawanTOI,Sat Jul 25 09:07:00 +0000 2026,0,0,en
2080942487108231440,"Dharmendra Pradhan resigns amid mounting CJP protest pressure
https://t.co/1zmkbNgkRy

Follow the Indian Express for Live Updates",IndianExpress,Sat Jul 25 09:05:25 +0000 2026,59,9,en
2080942445261738004,End of CJP protest in Delhi,NaviinRF,Sat Jul 25 09:05:15 +0000 2026,0,0,en
2080940917356462389,"Delhi Police has claimed that Pakistan-operated social media accounts circulated AI-generated content, deepfake videos and edited visuals related to the ongoing CJP protest. According to DCP Central Rohit Rajbir Singh, over 400 such handles have been identified and blocked for https://t.co/N3TG3beOlc",TheDailyJagran,Sat Jul 25 08:59:11 +0000 2026,0,0,en
2080940827237621952,"Cockroach Janta Party alleges illegal detention of youths by Delhi Police, warns of protest at police headquarters

Read @ANI Story |
https://t.co/uSNTERNXrc

#CJP #IllegalDetention #Youths #DelhiPolice #PoliceHeadquarters #protest https://t.co/c6Bg1yKzpw",ani_digital,Sat Jul 25 08:58:49 +0000 2026,27,4,en
2080940400517558406,"Delhi: CJP spokesperson Saurav Das sat on a dharna after alleging that Delhi Police stopped food and water supplies at the protest site.

He says, ""Access to clean water and food is a basic human right. Is Delhi Police trying to deprive people of food and water? Delhi Police https://t.co/pnZg0lZYjA",ians_india,Sat Jul 25 08:57:08 +0000 2026,4,1,en
2080939539539927278,"@amitmalviya ""Back the protest"" ???

Kejriwal - Deep State's Agent behind the CJP Creation n Protest and Sonia Gandhi had directed GoI not to post out then IRS Serving Officer Kejriwal out of Delhi for 20 yrs.
There is ""Not to think ahead but to do task given by Deep State"" for its Agents.",rajpurbhayan,Sat Jul 25 08:53:42 +0000 2026,0,0,en
2080939416978371000,"Not everyone joined the protest. Some fed it. From full meals to protein drinks, Delhiites, Gurudwaras and local businesses kept students going. The support was so overwhelming that CJP appealed to people to stop sending food for the day https://t.co/aRlqfnemko",DelhiTimesTweet,Sat Jul 25 08:53:13 +0000 2026,0,0,en
2080939276142026847,"@Cockroachisback @CJP_for_India can anyone tell the procedure and location that i can send some food from swiggy and zomato to the people who are protesting?
I am from U.P want to help them , even everyone else should do same.
#protest #delhi #cjp",mohdtaha384,Sat Jul 25 08:52:40 +0000 2026,0,0,en
2080938931936539033,"Farmers to join Jantar Mantar protest on July 27; CJP plans legal action against police @Cockroachisback #protest #jantarmantar #cjp_पार्टी 
https://t.co/Qyo0Ezp5K5",thedeljunction,Sat Jul 25 08:51:18 +0000 2026,0,0,en
2080938586568896936,"@ramanmann1974 This is good news for genuine farmers. The last time the farmers blockade &amp; riot happened  in Delhi, Wheat production went up by 25% in Punjab &amp; Haryana. How much is paid per goon to protest in Delhi? @SauravDassss #CJP",InvestKrish,Sat Jul 25 08:49:55 +0000 2026,0,0,en
2080938532148052374,"@unfazed_cali The same hijabis and are in active mode in cjp protest. 
Their hindu bf did not support them when they were beaten by Delhi police in Jamia. 
But the same hijabis are fully supporting their hindu bf in cjp. 
His hindu bf will again vote bjp to power to tighten hijabis brothers.",Freedome1963,Sat Jul 25 08:49:42 +0000 2026,0,0,en
2080938326429937741,@Cockroachisback CJP volunteers need to check the food percel coming to protest site thoroughly. There should not be entered/encourage any suspicious person/percel into the protest site. Delhi police are under tremendous pressure to protect protester as well as capital of india also.,RRRout73,Sat Jul 25 08:48:53 +0000 2026,0,0,en
2080937995977605312,"Watch | Delhi Police held a press conference on the ongoing Cockroach Janata Party (CJP) protest.

DCP Central Rohit Rajbir Singh said, ""Our investigation has revealed that some social media accounts operated from Pakistan are spreading fake content related to the protest. So https://t.co/bSuMsP1IPR",uniindianews,Sat Jul 25 08:47:34 +0000 2026,0,0,en
2080937866813956109,"🎯Delhi Police: A protest has been going on at Jantar Mantar for the past several weeks by the Cockroach Janata Party. Information on social media goes viral very quickly, but not every post, video, or photo is necessarily accurate. It is extremely important to fact-check any https://t.co/Dcwhve0kBg",NEWSDAILY123,Sat Jul 25 08:47:04 +0000 2026,0,0,en
2080937838376607845,"#InPics: Bengaluru, Chennai, Mumbai, Kolkata - Student Protests Move Beyond Delhi

Read more: https://t.co/TQIYASooXi https://t.co/yxr4EXUeMH",ndtv,Sat Jul 25 08:46:57 +0000 2026,240,20,en
2080937590761648298,"Who is behind the CJP Protest?

#NEETExamProtest #cjp #delhi  https://t.co/JZ8bP9vk6U",DharmaShield,Sat Jul 25 08:45:58 +0000 2026,7,3,en
2080937549472883195,"@MeghUpdates These miscreants needs belt treatment from delhi police asap, enough is enough there’s huge difference between creating ruckus and protesting, everybody knows that the CJP protest has been already hijacked and what’s going on
DELHI POLICE LATH BAJAO !! 🔥",Ayush_sharmaIND,Sat Jul 25 08:45:48 +0000 2026,1,0,en
2080937300792644063,"CJP protest LIVE updates: Minutes after Delhi Police presser, tear gas shells fired at Jantar Mantar protesters https://t.co/rzYzqwj7IQ",thetribunechd,Sat Jul 25 08:44:49 +0000 2026,1,0,en
2080936726542143678,how come there is always an intelligence failure to gauge the protests be it this on or the farmers protest https://t.co/p7InqPGunx,devangvisaria,Sat Jul 25 08:42:32 +0000 2026,1,0,en
2080935834312929597,"Next time the so-called Delhi-Dilli crowd claims they're more elite or better than the Mumbai or Bengaluru crowd, just show them the videos from this CJP protest. An educated crowd behaving like absolute dehats chapri, foul-mouthed, and displaying gutter-level sophistication.",Sharanyashettyy,Sat Jul 25 08:38:59 +0000 2026,128,35,en
2080935701550362935,"Delhi: CJP Spokesperson Saurav Das says, ""On July 26th, Sunday, we have declared that all people across the country, in their respective villages and cities, will take out a peaceful candle march. Every youth who is a victim of this system, every student who is suffering because https://t.co/UkshV5aU1F",DynamiteNews_,Sat Jul 25 08:38:27 +0000 2026,1,0,en
2080934412829778240,"Delhi: CJP Spokesperson Saurav Das says, ""On July 26th, Sunday, we have declared that all people across the country, in their respective villages and cities, will take out a peaceful candle march. Every youth who is a victim of this system, every student who is suffering because https://t.co/c5zGwIunIq",ians_india,Sat Jul 25 08:33:20 +0000 2026,5,0,en
2080934335801328003,"@DelhiPolice @Cockroachisback @AshutoshRanka The CJP has demanded that the Delhi Police immediately stop detaining, intimidating or preventing citizens from reaching Jantar Mantar, alleging that an atmosphere of ""fear and siege"" has been created around the protest site.

@Cockroachisback #CJPprotest @SauravDassss https://t.co/Y1cNJ3FzJM",NewIndianXpress,Sat Jul 25 08:33:02 +0000 2026,0,0,en
2080933995387486317,"A video from the ongoing CJP student prøtest at Jantar Mantar, New Delhi, has gone viral, showing an elderly man in a wheelchair rebuking prøtesters raising anti-Prime Minister Narendra Modi slogans. The man defended PM Modi, calling him an honest leader and objecting to slogans https://t.co/MCYAZio1nb",LogicalIndians,Sat Jul 25 08:31:41 +0000 2026,0,0,en
2080933574061027336,"Late-night videos from Jantar Mantar show music and dancing at the ongoing CJP student protest, sparking debate across social media.

#JantarMantar #Delhi #CJP #CockroachJantaParty #StudentProtest #DelhiProtest #YouthProtest https://t.co/vvc2uO2wiP",Manchh_Official,Sat Jul 25 08:30:00 +0000 2026,0,0,en
2080933184427167765,"Dear parents,

Please keep an eye on your children.

&gt; Where are they going?
&gt; Why are they going?
&gt; What are they going to do?
&gt; Who are they going with?

You should have all this information.

Seeing the videos that have been surfacing from the Cockroach Janta Party protest at https://t.co/SPRiXATuoz",HCP_2026,Sat Jul 25 08:28:27 +0000 2026,69,20,en
2080932892205867402,"No Death Occured During 20th July CJP Protest By Police Action

~ Delhi Police

#DelhiPolice #CJPRiots #JantarMantarUpdates https://t.co/sNKS3iF08o",IndiaStrikes_,Sat Jul 25 08:27:18 +0000 2026,0,0,en
2080932755463106934,"VIDEO | On CJP protest in Delhi, DCP Rohit Rajbir Singh says, ""A politician posted a video on social media at night claiming that the Central government was preparing for a crackdown on protesters at Jantar Mantar. The video created fear, confusion, and panic among the public. https://t.co/6N3FMahOra",PTI_News,Sat Jul 25 08:26:45 +0000 2026,13,2,en
2080932665125920796,Real Journalism Aura Presents At New Delhi Jantar Mantar . Cjp protest. https://t.co/IqUqphDMeC,DurgaHaris86016,Sat Jul 25 08:26:23 +0000 2026,0,0,en
2080931963133968492,"Previously, Elvish also took to his X account and condemned violence during protests in New Delhi.

#ElvishYadav #X
 
https://t.co/ruH0bnitPq",CNNnews18,Sat Jul 25 08:23:36 +0000 2026,15,1,en
2080931634136658041,"Big Update on CJP and Jantar Mantar Protest

A major revelation has emerged through the FRS (Facial Recognition System).
More than 2,500 individuals with criminal backgrounds were identified among those present at Jantar Mantar.
Criminal elements allegedly infiltrated the crowd https://t.co/y6Fqa6HjUh",DrBaidyanathGh1,Sat Jul 25 08:22:18 +0000 2026,9,4,en
2080931299863547949,"Govt supports plea seeking NIA probe into CJP protest, Delhi High Court refuses to entertain it https://t.co/WNRM6syu9E",cornucopiamedia,Sat Jul 25 08:20:58 +0000 2026,0,0,en
2080931088126636430,"@AP Thank you world for showing the real picture of India.  Mainstream media is sold out (to Moti) or spineless. We common people now depend on you and social media. Keep supporting the #CJP protest at #JantarMantar, New Delhi and across #India #World🙏",spiritneeraj,Sat Jul 25 08:20:07 +0000 2026,3,0,en
2080931024255766782,"CJP Protest at Jantar Mantar 

SG Tushar Mehta Defends NEET Protest Surveillance Before Delhi High Court; Says Videography Essential For Law And Order

https://t.co/n3XEgb1gZ9",tisaiyan,Sat Jul 25 08:19:52 +0000 2026,0,0,en
2080930948246544890,"Delhi liquor shops to close by 8 pm over weekend amid CJP protest at Jantar Mantar

https://t.co/XTFsBRwwnQ",htTweets,Sat Jul 25 08:19:34 +0000 2026,1,0,en
2080930807359926666,"LIVE: Delhi Police Press Meet On CJP Protest At Jantar Mantar | V6 News
https://t.co/dbR7yqx5x8",V6News,Sat Jul 25 08:19:00 +0000 2026,0,0,en
2080930677831389567,"LIVE: Delhi Police Press Meet On CJP Protest At Jantar Mantar | V6 News
https://t.co/ieivWW5OVF",v6velugu,Sat Jul 25 08:18:30 +0000 2026,0,0,en
2080930562320282085,"🚨 #NewsAlert | Delhi Police held a press conference regarding the ongoing Cockroach Janata Party (CJP) protest.

📌 DCP Central Rohit Rajbir Singh said, ""For the past several weeks, the Cockroach Janata Party (CJP) protest has been underway at Jantar Mantar. Information spreads https://t.co/fRezl4X5U8",uniindianews,Sat Jul 25 08:18:02 +0000 2026,0,0,en
2080929916799918290,"🚨 Wait... WHAT?

Delhi Police says its Face Recognition System (FRS) has identified 215 wanted criminals at the so-called student protest at Jantar Mantar. It also says 2,000+ people are under the scanner over the violence and unrest.

Many of them already have criminal cases",ikaransharma27,Sat Jul 25 08:15:28 +0000 2026,8,3,en
2080929430135001180,"This should be a lesson for Modi that he is not persecuting these roaches enough. There should be concentration camps for mullis, sterilization camps for mullahs. Uyghur treatment should be given. @PMOIndia @HMOIndia @narendramodi @AmitShah #cjp_पार्टी #cjp #protest #neet #delhi",Purandar69,Sat Jul 25 08:13:32 +0000 2026,3,3,en
2080929059903787422,"Fifty days since the CJP's sit-in began at Jantar Mantar on June 6. This past week alone moved through nearly every layer this protest touches, digital, administrative, personal. 
It started with solidarity outpacing infrastructure. 
One of the most extensive bureaucratic https://t.co/rPRKsHWzRR",_shivamsharma1_,Sat Jul 25 08:12:04 +0000 2026,2,0,en
2080928681699295374,🚨 Delhi Police have barricaded and sealed off the Jantar Mantar area in the national capital as the CJP protest continues. https://t.co/9JrXqBtXIv,repLieME,Sat Jul 25 08:10:34 +0000 2026,4,1,en
2080928003240910953,18 Delhi Metro stations remain shut for fourth straight day amid CJP protest https://t.co/BJ17VqimlJ https://t.co/h4ZRNzOeTD,DeccanHerald,Sat Jul 25 08:07:52 +0000 2026,5,0,en
2080927687049097307,"Sonam Wangchuk's heated exchange at Safdarjung Hospital went viral after he alleged police stopped him from leaving despite a Delhi High Court order allowing his transfer to a private hospital. Wangchuk, on a hunger strike supporting the CJP protest, questioned officials and https://t.co/1iKpOpjCzT",TheSiasatDaily,Sat Jul 25 08:06:37 +0000 2026,2,1,en
2080927619017752967,A good Musalman is a dead Musalman. Your progeny deserves gas chambers. Hope we conduct your quoms narsanhar #cjp_पार्टी #cjp #protest #delhi #neet,Purandar69,Sat Jul 25 08:06:20 +0000 2026,3,3,en
2080927230059020706,"Supporters of Aam Aadmi Party in Kashmir Show Solidarity with CJP Protest in Delhi

#cockroachjantaparty #Kashmir #JantarMantar #AamAadmiParty https://t.co/jMXezBFq2D",news_nviews,Sat Jul 25 08:04:48 +0000 2026,0,0,en
2080926822825709812,18 Delhi Metro stations remain shut for fourth straight day amid CJP-led protest  https://t.co/P4rfORer6y,cornucopiamedia,Sat Jul 25 08:03:10 +0000 2026,0,0,en
2080926776763752819,🚨 Delhi Police have barricaded and sealed off the Jantar Mantar area in the national capital as the CJP protest continues. https://t.co/md4LomRo5A,MrParleG,Sat Jul 25 08:02:59 +0000 2026,22,3,en
2080926707532632441,"#Why? #Police detains #Junaid's family, who have been providing food and water to the #CJP #Protest at at#JatntarMantar for 34 days
#DelhiPolice #Delhi #StudentsProtest #India #BreakingNews #JantarMantar #Youth #Democracy #StudentVoice https://t.co/u6Hg4qzs9U",TheHydPost,Sat Jul 25 08:02:43 +0000 2026,3,1,en
2080926210163695994,"Sonam Ali Mazari

- Had no connection with CJP
- Entered their protest late
- Went on a hunger strike
- Drew massive media attention
- Became face of the movement
- Didn't create a scene when Delhi Police took him to hospital
- Called two cabinet ministers to break his fast
- https://t.co/ekYqhykiar",wrendom,Sat Jul 25 08:00:44 +0000 2026,41,0,en
2080925897620926683,Is this the protest #CJP is doing at #Jantarmantar? This is just looting from a simple delivery man who can't fight with goons and mobs. I think the protest has lost the plot. #Dharmendrapradhan #Delhi,Rajveerj18,Sat Jul 25 07:59:30 +0000 2026,0,0,en
2080925591042404558,Is this the protest #CJP is doing at #Jantarmantar? This is just looting from a simple delivery man who can't fight with goons and mobs. I think the protest has lost the plot. #Dharmendrapradhan #Delhi,Rajveerj18,Sat Jul 25 07:58:17 +0000 2026,1,0,en
2080925462855909431,"Congress in Delhi: “Police brutality! Death of democracy! Students have every right to protest! Resign, Education Minister!”

Congress in Kerala: quietly files FIR against 100 people (including a popular rapper) for holding a solidarity protest in support of the exact same cause. https://t.co/1Ivd9EebMQ",tathvamasi6,Sat Jul 25 07:57:46 +0000 2026,183,132,en
2080924986509009170,"""Lauday main Bhujiyam""

It should be made,
National slogan of protest.
🤣✌🏻✌🏻
#cjp
#DelhiChalo 
#delhi
#NEETExamProtest 
#studentprotestdelhi
#genz
#jantarmantar
#MODIFAILED",daaku9363,Sat Jul 25 07:55:53 +0000 2026,0,0,en
2080924935955067376,"18 Delhi Metro stations remain shut for fourth straight day amid CJP protest

#DelhiMetro #DMRC #CJPProtest

https://t.co/hu2zsyLXlD",AU_EnglishNews,Sat Jul 25 07:55:41 +0000 2026,0,0,en
2080924889897386091,"The Inspiration 💥
#jantarmantar
#protest
#cjp
#delhi
#women
#power https://t.co/AMH7qbWv9Y",pratibhax09,Sat Jul 25 07:55:30 +0000 2026,0,0,en
2080924698393866654,"""You can break my leg, but you cannot break my will.""

27-year-old Abhishek Singh came to Delhi's Jantar Mantar as a UPSC aspirant volunteering for the Cockroach Janata Party (CJP). Today, he is walking with a plaster on his leg.

According to Singh, he was injured during the 20 https://t.co/l2qNje932F",TheQuint,Sat Jul 25 07:54:44 +0000 2026,33,14,en
2080924401307177455,"From local cafes opening doors to citizens sharing food, the solidarity around the student movement in Delhi shows the true spirit of our community. The youth are simply fighting for their future. 🎓🇮🇳 
#cjp #protest #youth #india",_kksaini_,Sat Jul 25 07:53:33 +0000 2026,0,0,en
2080924377097617430,"Jantar Mantar protest LIVE: Moving Dharmendra Pradhan to another Ministry not acceptable to students, Rahul Gandhi says - https://t.co/rxmUem9ZP0",moulync,Sat Jul 25 07:53:27 +0000 2026,0,0,en
2080923610999624007,"@WiseRavan @toxicflairs @NindaTurtles 3 May 2026 - Leak alleged
14 May 2026 - First CBI arrest
15 May 2026 - Kingpin arrested

6 Jun 2026 - CJP first Delhi protest",CommonSense___,Sat Jul 25 07:50:25 +0000 2026,1,0,en
2080923087294664883,"Delhi: CJP Spokesperson Saurav Das says, ""No one here will return home until Dharmendra Pradhan resigns or is removed from the Union Cabinet. We have conveyed this to the government in clear terms. If the government does not accept this demand today, then talks will not lead to https://t.co/5e4XLY97dL",ians_india,Sat Jul 25 07:48:20 +0000 2026,2,0,en
2080922185804493003,"""THE YOUTH-LED PROTEST happening in India’s capital territory New Delhi has taken the entire nation by storm. The protest, initially helmed by the Cockroach Janta Party (CJP) demanding for accountability over the NEET paper leak and seeking Union Education Minister Dharmendra https://t.co/wxudY62pV5",NewsGramHQ,Sat Jul 25 07:44:45 +0000 2026,0,0,en
2080922167773139158,"Jantar Mantar Updates :

CJP has built a sanctum santorum kind of set-up to enter their protest site on Sansad Marg. 

There is atleast half a km long queue. It feels like tirupati somehow. Idiotic. They have no way to know what is happening outside their temple set-up.

People",adarshkumarhn,Sat Jul 25 07:44:41 +0000 2026,7,2,en
2080921729938215382,"2000+ Identified at CJP Protest in Jantar Mantar

As per updates given by sources from Delhi police to ANI and PTI, they've identified 2000+ Anti-Social elements at Jantar Mantar.

Know more about it in our 2 mins shorts.

#CJPProtest #JantarManatar #DelhiPolice https://t.co/15QAtoI4WX",IndiaStrikes_,Sat Jul 25 07:42:56 +0000 2026,1,0,en
2080921722472313211,"CJP Alleges Delhi Police Curbs at Jantar Mantar, Seeks Unrestricted Access for Protesters   KNOW MORE:  https://t.co/50ZWWgcrbq

@CJP_2029 @DelhiPolice 

CJP has accused Delhi Police of restricting access and essential supplies at Jantar Mantar, urging authorities to ensure",yespunjab,Sat Jul 25 07:42:54 +0000 2026,0,0,en
2080921511054196935,"Delhi: Traffic was disrupted on Connaught Place's Outer Circle due to a protest by CJP supporters near Regal Cinema, leading to congestion at several locations. Heavy police deployment was made in and around Regal Cinema to maintain law and order. https://t.co/O8hUFKafqs",ians_india,Sat Jul 25 07:42:04 +0000 2026,0,0,en
2080921425033244754,Delhi police have detected 2000 people with criminal records who participated in the voilent protest by CJP on 20th July.,nagmani__,Sat Jul 25 07:41:44 +0000 2026,0,0,en
2080920592929198508,"VIDEO | On CJP meeting with ministers held earlier today, CJP spokesperson Saurav Das says, ""We hope the government accepts our non-negotiable demand today, that Dharmendra Pradhan should resign or be dismissed from the Union Cabinet. This movement is not just about the CJP https://t.co/HeKFCX7sgq",PTI_News,Sat Jul 25 07:38:25 +0000 2026,196,23,en
2080920170927997181,"VIDEO | Delhi: At Jantar Mantar, CJP founder Abhijeet Dipke says, ""Our protest has been underway for the past 36 days. Some said not many people would join us, but protests have taken place across the country. The government is nervous, which is why it is calling for meetings."" https://t.co/xAhHOXrRIb",PTI_News,Sat Jul 25 07:36:45 +0000 2026,208,21,en
2080919419157430611,"The Cockroach Janta Party (CJP) has called for a nationwide candlelight march on Sunday, 26th July 2026, at 6:00 PM across all districts to protest against exam irregularities, paper leaks, and alleged police brutality.

#CGBhaskar #cjp_पार्टी #cjp_ही_aap_है #Nation #Pradhan https://t.co/I179gnHeZ8",CgBhaskarNews,Sat Jul 25 07:33:45 +0000 2026,1,0,en
2080918911743353017,"Beganli's Enterprises The House 🤣🤣

#gez #genzee #dmkgenz #NEET #Modi #Delhi #Dharmendrapradhan #SonamWangchuk #CJP #CJPMovement #AbhijeetDipke #CockroachJantaParty #Protest #India #ModiGovernment #BJP #jantarmantar #junaid https://t.co/GhfN8VAZyw",jaanverse,Sat Jul 25 07:31:44 +0000 2026,7,1,en
2080918527691911563,"Delhi Police Add Attempted Murder Charge in FIR Over July 20 NEET Protest Violence   KNOW MORE:  https://t.co/GMkIHmq2dc

@DelhiPolice 

Delhi Police have added an attempted murder charge to an FIR over the July 20 protest violence near Parliament, alleging attacks on security",yespunjab,Sat Jul 25 07:30:13 +0000 2026,0,0,en
2080918373559660929,"Delhi Police sources say 130 police personnel and 65 students were injured during the July 20 CJP protest. A total of 15 FIRs have been registered in connection with the incident.

#Delhi #CJP #Protest #DelhiPolice #Students #NewsUpdate #OI https://t.co/fkXdvyEman",Oneindia,Sat Jul 25 07:29:36 +0000 2026,0,0,en
2080918206940893457,Food is required at Protest!! ‼️🚨 #cjp #jantarmantar #emergency #delhi #genz #help https://t.co/TA75txwDb4,gargijain1,Sat Jul 25 07:28:56 +0000 2026,1,0,en
2080918130793271792,"CJP protest or Baddies assemble ? 

Chal kya rha hai delhi me https://t.co/MUI0Wce0TO",AishwaryaBaddie,Sat Jul 25 07:28:38 +0000 2026,15,2,en
2080917880053645487,"Now vultures are after
 #SonamWangchuk 

Cockroach Dipke and his political 
bosses exposed

So what I was saying all along about this political gang was absolutely correct
#CJP #Protest #Dipke #Delhi 
#Arvindkejriwal #cjp_ही_aap_है https://t.co/pIHICtO11g",mamta_kale,Sat Jul 25 07:27:38 +0000 2026,0,1,en
2080917696263454874,"CJP Accuses Delhi Police Of 'Siege' At Jantar Mantar, Alleges Food, Water Supplies Blocked

#CJP #Delhi 
https://t.co/KwrVWJ7IY5",abplive,Sat Jul 25 07:26:55 +0000 2026,0,0,en
2080917681885331756,"21-Year-Old Injured in Delhi CJP Protest Taken Off Ventilator After 72 Hours, Condition Stable

https://t.co/MrwXqmpQ6e https://t.co/RxG2XIVMXl",NewsX,Sat Jul 25 07:26:51 +0000 2026,0,0,en
2080917672183922816,"#WATCH | An unexpected moment unfolded at the CJP protest in Delhi when an elderly man, who arrived in a wheelchair, stopped protesters from raising anti-PM Narendra Modi slogans. 

Instead of joining the chants, he defended the Prime Minister, saying Modi's image was being https://t.co/voCqPWxhEM",DY365,Sat Jul 25 07:26:49 +0000 2026,4,0,en
2080917441778155895,Delhi Cops Add Attempt To Murder Charge In CJP Protest Violence Case https://t.co/Ynn6JX4Kma,anushkagarg2000,Sat Jul 25 07:25:54 +0000 2026,5,0,en
2080916920241676548,"This region is not as bad as is depicted in books and media. 
#GenZWithBharat #NEET #Modi #Delhi #Dharmendrapradhan #SonamWangchuk #CJP #CJPMovement #AbhijeetDipke #CockroachJantaParty #Protest #India #ModiGovernment #BJP #genz #jantarmantar",Rashid55248,Sat Jul 25 07:23:50 +0000 2026,0,0,en
2080916624891314223,"CJP Protest: 18 Delhi Metro Stations Closed; Major Travel Curbs Across Central Delhi 

https://t.co/QYNC1OGzHT
 
#DelhiMetro #DelhiMetroUpdate #MetroClosure #JantarMantar",CNNnews18,Sat Jul 25 07:22:39 +0000 2026,2,0,en
2080915572192166036,"@ANI 🚨🚨 BREAKING NEWS: Delhi Police (@DelhiPolice) had not granted permission for the (@Cockroachisback) CJP's proposed march to Sansad Bhavan on 20 July 2026.

》Section 163 of the Bharatiya Nagarik Suraksha Sanhita (BNSS) was in force in Delhi, and the police had displayed public https://t.co/N81bzOrpib",NileshHW,Sat Jul 25 07:18:28 +0000 2026,1,0,en
2080915265886593317,"Delhi: When asked whether opposition parties hijacked the ongoing protest, former CJP spokesperson Vijeta Dahiya says, ""It's not as if we are a political party. The CJP is unregistered, just like the RSS. This is a people's movement, a youth movement. We ourselves invited them. https://t.co/PKQCsv3wh7",ians_india,Sat Jul 25 07:17:15 +0000 2026,0,1,en
2080915004807881019,"Delhi –
Prime Minister Narendra Modi spoke with Assam Chief Minister Himanta Biswa Sarma over the phone to review the flood situation in the state and assured him of all possible assistance from the Central Government.

Prime Minister Narendra Modi will interact with participants",charan_bagga,Sat Jul 25 07:16:13 +0000 2026,0,0,en
2080914550942273653,"@amitmalviya Sir to be very true and blunt. Home ministry is a total failure in Delhi. Whether it's Farmers protest, CAA or this CJP. HMO allowed them to grow the protest by ignoring them. Innocent people are suffering cause of HMOs failure to control delhi.",MalooRoshan,Sat Jul 25 07:14:25 +0000 2026,0,0,en
2080914319563497636,"DELHI CJP PROTEST: Behind The Protest Chaos: What Led To The Pellet Gun Controversy? 

https://t.co/FdHRMFpHdZ

#DelhiCJPProtest #CJPProtest #DelhiProtest #JantarMantar",CNNnews18,Sat Jul 25 07:13:29 +0000 2026,0,1,en
2080913941597999538,"'FIRs Will Be Registered...': CJP To Launch Website To Identify Delhi Police Officers Allegedly Assaulting Students During 'Sansad Chalo' Protest

#CJP #CockroachJantaParty #AbhijeetDikpe #NEETExamProtest #NEET #NEETPaperLeak #Delhi #protest

https://t.co/wnXkopURJP",fpjindia,Sat Jul 25 07:11:59 +0000 2026,1,2,en
2080913450004549982,"Ahead of third round of talks CJP stead fast on Pradhan’s resignation

#cjp #protest #delhi 

https://t.co/8BCssRQkhO",Lalluram_Eng,Sat Jul 25 07:10:02 +0000 2026,0,0,en
2080913267648782495,Delhi Police will hold a press conference to address alleged misinformation and false reports circulating on social media regarding the ongoing CJP protest at Jantar Mantar. DCP Central Rohit Rajbir Singh will brief the media and provide clarification on the claims and https://t.co/Q1HZYYjiTZ,TheDailyJagran,Sat Jul 25 07:09:19 +0000 2026,0,0,en
2080913058160087356,"CJP Leader Abhijeet Dipke Diagnosed With Typhoid Amid NEET Paper Leak Protest In Delhi: Know About His Health Condition

#CJP #AbhijeetDipke #NEET #NEETPaperLeak #Delhi 

https://t.co/r6Li5iwbOX",fpjindia,Sat Jul 25 07:08:29 +0000 2026,0,0,en
2080912183085736418,Mamata Banerjee will be in Delhi on Monday. Likely to attend CJP Protest: sources,SouleFacts,Sat Jul 25 07:05:00 +0000 2026,5,3,en
2080911943406440661,"CJP protest LIVE updates: 18 Delhi Metro stations remain shut for 4th straight day

https://t.co/rzYzqwj7IQ",thetribunechd,Sat Jul 25 07:04:03 +0000 2026,1,1,en
2080911423069434158,"Over 2,500 listed ‘criminals’ identified at Jantar Mantar amid CJP protest, says Delhi Police
https://t.co/CLEeGv4zyf https://t.co/uYcbJVfDMJ",shiningindnews,Sat Jul 25 07:01:59 +0000 2026,2,0,en
2080911174988894435,"'Either Bomb Protesters Or Accept Demands': 

CJP Warns 'Time Is Ticking', Renews Demand For Dharmendra Pradhan's Resignation
https://t.co/VWklq7xJTJ",TimesNow,Sat Jul 25 07:01:00 +0000 2026,2,2,en
2080910949662527869,"@Desh_bhakati CJP will be treated properly in Uttar Pradesh. Any protest without permission must be dealt strictly. UP is not Delhi 
@dgpup 
@CMOfficeUP",pras135790,Sat Jul 25 07:00:06 +0000 2026,0,0,en
2080910756820980215,#Watch: CJP Raises Allegations Against Delhi Police Over Suspension of Food Supply at Protest Site #KalingaTV https://t.co/mb7RzSGHNv,kalingatv,Sat Jul 25 06:59:20 +0000 2026,1,0,en
2080910504185430055,"Eighteen Delhi Metro stations in central Delhi remained closed for the fourth consecutive day on Saturday due to security concerns amid the ongoing CJP-led protest at Jantar Mantar. According to the DMRC, the stations will remain shut from 7:30 am until further notice, while https://t.co/NyWM1PROpe",CNNnews18,Sat Jul 25 06:58:20 +0000 2026,1,0,en
2080910405476720954,"‘If Needed, I’ll Come to Delhi’: Mamata Banerjee Signals Support for CJP’s Jantar Mantar Protest

https://t.co/hGf7bWr9hg

#MamataBanerjee #JantarMantar #DelhiProtest #WestBengal #TrinamoolCongress #IndianPolitics",SaptashwaTV,Sat Jul 25 06:57:56 +0000 2026,0,0,en
2080910239306834225,"Delhi Protest #Live: CJP Says Dharmendra Pradhan's Resignation 'Non Negotiable', Warns Of 'Tougher Decisions' If Govt Rejects Demand

#NEETPaperLeak #DharmendraPradhanMustResign #JantarMantarProtest #RahulGandhi #CockroachJantaParty #AbhijeetDipke

https://t.co/SiuWEw6Q56",ETVBharatEng,Sat Jul 25 06:57:17 +0000 2026,1,0,en
2080909679660871959,"How lethal is a non-lethal pellet gun? Physics behind injuries to Delhi protesters

https://t.co/n5TiOIdnuH

@Astro_Radifah explains",Astro_Radifah,Sat Jul 25 06:55:03 +0000 2026,1,0,en
2080909485741338685,"Amid the ongoing CJP protest at Jantar Mantar, Delhi Police has intensified security measures by reinforcing barricades with chains around the protest site. The move comes as authorities continue to strengthen arrangements in the area, with additional security personnel deployed https://t.co/3kUOM24hZo",TheDailyJagran,Sat Jul 25 06:54:17 +0000 2026,0,0,en
2080909410768179403,"Delhi Police has justified deploying Facial Recognition System (FRS) cameras at Jantar Mantar, stating that more than 2,500 individuals with criminal records were identified near the protest area. 

While authorities argue that the technology is essential for ensuring law and https://t.co/ErVzDZFTSj",Sanjraj,Sat Jul 25 06:53:59 +0000 2026,0,0,en
2080909056915718391,"Delhi Cops Add Attempt To Murder Charge In CJP Protest Violence Case
https://t.co/v4Y9SsGqyz https://t.co/u1zJRn7rJU",ndtv,Sat Jul 25 06:52:35 +0000 2026,29,1,en
2080908945812840525,"‘Couldn’t shut paper leaks': Opposition attacks Centre over Delhi metro, internet restrictions amid CJP protest

Stay updated with all the stories that matter — download the Hindustan Times App

https://t.co/X98L9vyDOv",htTweets,Sat Jul 25 06:52:08 +0000 2026,1,0,en
2080908680623706516,"The Cockroach Janta Party (CJP) has demanded that the Delhi Police immediately cease and desist from unlawfully detaining, intimidating, or preventing citizens from reaching Jantar Mantar. 

The party also urged the police to stop creating what it described as an atmosphere of https://t.co/DTrjaaDTXa",CNNnews18,Sat Jul 25 06:51:05 +0000 2026,1,0,en
2080908663905231158,"RML Hospital Update: The 21-year-old woman injured in the protest-related incident is showing steady improvement. She has been off the ventilator for nearly 72 hours, is conscious, alert, breathing on her own, and tolerating oral feeds. Her condition is stable, though she remains https://t.co/FtTSLsMoX9",CgBhaskarNews,Sat Jul 25 06:51:01 +0000 2026,1,0,en
2080908561228722329,"Dear DU students of Delhi,

Please didn't turn up to the CJP protest. Mr. @AshutoshRanka
@abhijeet_dipke want to ruin your bright careers. Please don't get trapped. Your parents have many expectations from you. Please respect their wishes.",Shashi19618,Sat Jul 25 06:50:37 +0000 2026,0,0,en
2080908135112544393,"Opposition leaders on Saturday criticised the Centre over the closure of 18 Delhi Metro stations and other restrictions imposed around Central Delhi amid the ongoing Cockroach Janta Party (CJP) protest at Jantar Mantar.

#Indianews #JantarMantar #CJPProtest #Delhi https://t.co/Ye9pjYsgxV",oheraldogoa,Sat Jul 25 06:48:55 +0000 2026,1,0,en
2080908024043254232,"Delhi has been turned into a fortress ahead of the weekend as security is ramped up amid the escalating Cockroach Janta Party (CJP) protest at Jantar Mantar. Anticipating a significantly larger turnout of protesters, authorities have installed multiple layers of iron barricades https://t.co/qCda0GokUG",themojostory,Sat Jul 25 06:48:28 +0000 2026,3,0,en
2080907903591174390,"For many young Indians, a loss of trust in education and rising economic insecurity are giving way to anger, anxiety and collective action

@kunalpurohit writes on CJP protests:
https://t.co/jvGiv7qtXD",TheHinduMag,Sat Jul 25 06:48:00 +0000 2026,0,0,en
2080907068824018992,"A video showing activist Sonam Wangchuk inside Delhi's Safdarjung Hospital has gone viral, capturing moments after he was shifted there from the Jantar Mantar protest site during his hunger strike. The footage shows Wangchuk confronting a police officer and alleging ""harassment"" https://t.co/isnbuNbIjP",dna,Sat Jul 25 06:44:41 +0000 2026,36,3,en
2080907033545445581,"Mani Shankar Aiyar (former INC leader) also attended the student protest at Jantar Mantar in Delhi under the banner of the CJP. He said: Umar Khalid &amp; Sharjeel Imam have been in jail for 6 years.

Fact! Both Umar &amp; Sharjeel Imam are traitors. They are currently in Tihar Jail. https://t.co/FyyztQgiJ0",kscChouhan,Sat Jul 25 06:44:32 +0000 2026,4,0,en
2080906191044243701,"🚨 NEW : 15,000 Security Personnels are Expected to be Deployed Across Delhi soon

Goverment has Orderd to Airlift more CRPF Companies from Chattisgarh to Delhi amid CJP Protest.",Rudraeyes,Sat Jul 25 06:41:11 +0000 2026,124,16,en
2080905983187185825,"Another one 

How can someone be like her??
Is everyone doing just to be famous? No cause, no motive and only fame???

#cjp #JantarMantarprotests #delhi #india #protest #students  https://t.co/3MsLZGmvrS",chaiwaleka_beta,Sat Jul 25 06:40:22 +0000 2026,0,0,en
2080905959518662788,"तुम्हारा एक गलत कदम और सम्पूर्ण करियर खत्म 👇 

Delhi Police have released CCTV footage and other digital evidence as part of their investigation into the violence that erupted during the recent ""Chalo Sansad"" protest in central Delhi. According to police, several government https://t.co/EZIiL8V7PY",HinduNation__,Sat Jul 25 06:40:16 +0000 2026,1,0,en
2080905426162557418,"18 #MetroStations Closed in #Delhi Amid #CJPProtest 

#NirvayNews #NirvayWebNews 

https://t.co/wxl4NlPC0B",NirvayNews,Sat Jul 25 06:38:09 +0000 2026,0,0,en
2080905274798567720,"Liquor shops across Delhi will close at 8 pm, two hours earlier than the usual 10 pm, over the weekend amid the ongoing Cockroach Janta Party (CJP) protest at Jantar Mantar over the alleged NEET-UG 2026 paper leak.

According to a senior Delhi government official, the decision https://t.co/dW4CrHKl66",dna,Sat Jul 25 06:37:33 +0000 2026,3,1,en
2080904719225241982,"18 Delhi Metro stations remain shut for fourth straight day amid CJP protest
#DelhiMetro #Delhi #DMRC #JantarMantar 

https://t.co/sArbwLcZNs",UvEnglish,Sat Jul 25 06:35:21 +0000 2026,0,0,en
2080904544624738808,"#DelhiMetro services face major disruptions amid the ongoing Cockroach Janta Party protest. Entry and exit at 18 stations have been shut, while services on the Airport Express Line are restricted. Commuters have been advised to plan alternate routes. #Delhi #CJP #Protests #India https://t.co/A7gUFb8ejj",Channeliam,Sat Jul 25 06:34:39 +0000 2026,0,0,en
2080904536886235517,Dear students dont get into trap of dirty politics by CJP and other parties. We as a democracy given everyone right to protest peacefully. Delhi Police always stand by peaceful protest. They are the best among others. Do your studies and make your future better. Follow advisories,ProudSanatani90,Sat Jul 25 06:34:37 +0000 2026,2,0,en
2080904235680661863,"🚨Delhi Police busted big revealed on 20th July CJP Protesters-

Delhi Police busted by facial recognition system to over 400 history siter who has criminal records also involved in protest. https://t.co/hpbltPTLfD",_Real_PR,Sat Jul 25 06:33:25 +0000 2026,2,1,en
2080904182425608311,"🚨BREAKING 🚨DELHI 
Delhi Police has released CCTV footage that it says captures incidents of stone-pelting and vandalism during the July 20 protest in the national capital.
According to police, the footage forms part of the ongoing investigation into the violence. #cjp
#protest",ArvindJ35594964,Sat Jul 25 06:33:13 +0000 2026,0,0,en
2080903749992931543,"#DelhiMetro closes 18 stations amid #CJPprotest at Jantar Mantar: Full list

https://t.co/TKUmD9TkaM",CNBCTV18Live,Sat Jul 25 06:31:29 +0000 2026,23,8,en
2080902952336699897,"Thousands of supporters of the Cockroach Janata Party (CJP) rallied in ⁠central Delhi despite the fourth day of ⁠closure of the city's 18 metro stations, as authorities tried to limit access to the protest site.
https://t.co/wgueGeJSPj",staronline,Sat Jul 25 06:28:19 +0000 2026,0,0,en
2080902054219071724,"Delhi police have detected 2000 criminals who participated in the voilent protest by CJP on 20th July.

Sabka hisaab hoga baari baari 🫡",DesiEsco7,Sat Jul 25 06:24:45 +0000 2026,392,37,en
2080901638139883685,"CJP Protest Case: 15 FIRs Registered as Delhi Police Report Injuries to 130 Personnel, 65 Students
#CJP 
#CJPProtest 
#Nationalnews 
#Newdelhi 
#KalingaTV 
https://t.co/7Jqkbt8JNB",kalingatv,Sat Jul 25 06:23:06 +0000 2026,0,0,en
2080900131029967333,"Jabalpur Student Claims Pellet Injuries During #JantarMantarProtest, Undergoing Treatment In Delhi Hospital

#IrshadMansoori #PelletGunControversy #DelhiPolice #JPNadda #CJPProtest

https://t.co/MMnQMSMRFe",ETVBharatEng,Sat Jul 25 06:17:07 +0000 2026,1,0,en
2080899887508701268,"CJP protest: Delhi Police welds extra barricades, tightens security; 18 metro stations shut for fourth day 

https://t.co/GPIOkcBvYw",ttindia,Sat Jul 25 06:16:09 +0000 2026,24,6,en
2080899353334685857,"You identify us. We'll identify you. Let's meet in court.
That sums up the latest phase of the CJP protest.
Delhi Police has deployed FRS cameras, while CJP has launched a portal to crowdsource photos and videos to identify police personnel allegedly involved in assaults and",ashoupadhyay,Sat Jul 25 06:14:01 +0000 2026,12,2,en
2080899287576375474,"DMRC increased the closure from 17 to 18 central Delhi Metro stations from 7:30 AM today due to the massive CJP paper-leak protest. Entry/exit is shut, but crucial interchanges remain open at Rajiv Chowk, Mandi House, and Central Secretariat. https://t.co/Ur2tOdPVpS",9415st,Sat Jul 25 06:13:46 +0000 2026,0,0,en
2080898607566532712,"@Sidprabhakar7 Brother the protest of TN which is led by DMK not CJP indirectly, why because I'm saying this means their motto isn't what Delhi students are. So, we can't expect like this anything from them.",1125Muchisa,Sat Jul 25 06:11:03 +0000 2026,6,0,en
2080898473218765237,"130 police personnel, 65 students injured; 15 FIRs registered in connection with CJP's July 20 protest, say Delhi police sources

Read @ANI Story |
https://t.co/vcFsAab6K1

#CJP #July20Protest #DelhiPolice #PolicePersonnel #StudentInjured #FIRs https://t.co/yCZMokbeIv",ani_digital,Sat Jul 25 06:10:31 +0000 2026,11,5,en
2080898406357328348,"LIVE : CJP Reaction To PM Modi's Message | CJP Protest In Delhi | V6 News
https://t.co/hEcgReyQVb",V6News,Sat Jul 25 06:10:15 +0000 2026,0,0,en
2080898330809487479,"LIVE : CJP Reaction To PM Modi's Message | CJP Protest In Delhi | V6 News
https://t.co/YiTetEnmZI",v6velugu,Sat Jul 25 06:09:57 +0000 2026,0,0,en
2080898218230190474,"When students sleep on footpaths to protect education, the nation should lose its sleep.@CJP_for_India
@SauravDassss @abhijeet_dipke #JantarMantarUpdates #students #education #delhi #jantarmantar #CJP #NEET #Protest #DharmindraPradhan #Modi https://t.co/qDxhTH42bQ",smiling_critic1,Sat Jul 25 06:09:31 +0000 2026,2,1,en
2080897706986553793,"Delhi Police identified around 2500 with criminal backgrounds at Jantar Mantar CJP Protest

#CJPProtest #CJPRiots #JantarManatar https://t.co/zVvROYwpnu",IndiaStrikes_,Sat Jul 25 06:07:29 +0000 2026,1,0,en
2080897313200038400,"The ongoing CJP protest at Jantar Mantar has witnessed rising tensions, with Delhi Police sources claiming that 130 police personnel and around 65 students have been injured.

According to officials, 15 FIRs have been registered, while nearly 3,000 police personnel have been https://t.co/7aH9nfywMh",TheDailyJagran,Sat Jul 25 06:05:55 +0000 2026,1,0,en
2080897272490193313,"CJP protest: 18 Delhi Metro stations to remain closed today, list includes Rajiv Chowk, Janpath, Supreme Court and…, check full list

READ MORE➡️https://t.co/MnUEZWtJRv

#CJPProtest #MetroStations #MetroUpdate #DelhiMetro 

https://t.co/N0Y1EH75mW",News24eng,Sat Jul 25 06:05:45 +0000 2026,0,0,en
2080896794519846941,"The continuation of the NEET protests in Delhi is not because of Modi's ego; it is because of Abhijeet Dipke's ego.

This is perhaps the first time PM Modi has appeared on video twice to address a protest, in addition to tweeting about the issue. He has assured the public of",tn2point0,Sat Jul 25 06:03:51 +0000 2026,17,8,en
2080896477812195403,"@_sabanaqvi Don't spread misinformation. The protest is limited to Delhi. It's mainly SDFI and JNU types participating in it. There is no nationwide support. It's not that others are happy about the paper leaks, but this idiotic CJP is not the solution.",arun_kp2,Sat Jul 25 06:02:36 +0000 2026,0,0,en
2080896274241630582,"Great Delhi police 
Conspiracy against innocent unknown students who are not even part of any protest

https://t.co/jR3XhhKDGT

#nsfwtwtًً  #ॐ_शं_शनैश्चराय_नमः #bjp #cjp #Delhi #sonamwangchukprotest #CongressProtest #Aap #AAPkaPAAP",PiNetworkIndia2,Sat Jul 25 06:01:47 +0000 2026,0,0,en
2080896219510083681,"Ludicrous appearance of Nihangs at the protest is only adding to the larger problem and creating unnecessary offshoot issues for Delhi Police. I say, that they had no business being at the protest in the first place. 

It seems that some Khalistani elements involved in the https://t.co/pEvzSwlQpL",the_lama_singh,Sat Jul 25 06:01:34 +0000 2026,98,21,en
2080895771625349564,"#cjp_पार्टी #cJp #संसद_मार्च #JantarMantar #cjp_ही_aap_है 

This happened yesterday in Delhi.

Police stopped students from Jamia Millia Islamia who were returning after participating in a protest at Jantar Mantar and asked for their names.

Five Muslim students. The police https://t.co/WWEdfUVKsG",cheguwera,Sat Jul 25 05:59:47 +0000 2026,3,0,en
2080895265553457387,"New Delhi: Cockroach Janta Party (#CJP) founder #AbhijeetDipke on Saturday said he had been diagnosed with typhoid but vowed that his illness would not slow the movement seeking Union Education Minister #DharmendraPradhan's resignation. I

https://t.co/gxlxfIbjs1",DeccanChronicle,Sat Jul 25 05:57:47 +0000 2026,0,0,en
2080894932316013028,#CJP Will CJP  support NEET or NEET Ban totally? Will CJP confirm only Education Minister resign to take over another Ministry in rejig? Will CJP respect DELHI or use outsiders to punish Delhi people? Will CJP help kids to get govt jobs in all States? Protest in Taluks for kids,kchari2,Sat Jul 25 05:56:27 +0000 2026,0,0,en
2080894829987512625,"#Delhi

#Morning visuals from Jantar Mantar, where the Cockroach Janta Party's protest is underway.

#CJP
#CJPProtest
#JantarMantar
#DelhiProtest
#StudentsProtest
#YouthVoices
#JusticeForStudents
#ExamReforms
#PaperLeak
#NewDelhi
#Delhi
#GenZ
#YouthPower
#SpeakUp
#DelhiNews https://t.co/GiJHp5huAo",GoldySrivastav,Sat Jul 25 05:56:03 +0000 2026,0,0,en
2080894760294953179,"'If needed, I'll come to Delhi': Mamata Banerjee likely to join CJP's Jantar Mantar protest
#MamataBanerjee #CJP #NEET #JantarMantar #DelhiProtest 
Read more at: https://t.co/41otxF7RO7",mathrubhumieng,Sat Jul 25 05:55:46 +0000 2026,0,0,en
2080894732000239866,"#BREAKING ;  Police constable Sher Singh handed over his resignation to Abhijeet Deepakat Jantar Mantar, Extends Support to Students' Protest
Expressing solidarity with the ongoing student movement.

#delhi  #JantarMantar  #CJP #cockroachjantaparty",MehdiHussain07,Sat Jul 25 05:55:39 +0000 2026,0,0,en
2080894599175036989,"An educated lady. 

#GenZWithBharat #NEET #Modi #Delhi #Dharmendrapradhan #SonamWangchuk #CJP #CJPMovement #AbhijeetDipke #CockroachJantaParty #Protest #India #ModiGovernment #BJP #genz #jantarmantar",Rashid55248,Sat Jul 25 05:55:08 +0000 2026,0,0,en
2080894545764720963,"@HansrajMeena @narendramodi Wah Modi Wah👌ok why have para military landed in Delhi why ⁉️‼️ negotiate or mursee few ⁉️Dictator 
A big salute &amp; thank U to every noble soul around the 🌍 sending food for our hungry, thirsty protestors.
At Jantar Mantar, cruel Dictator Modi / Amit Shah have cut electricity, https://t.co/EKGwaAGzWq",20bizmen,Sat Jul 25 05:54:55 +0000 2026,1,0,en
2080894472066617365,"I also condemn such lanaguage. 

#GenZWithBharat #NEET #Modi #Delhi #Dharmendrapradhan #SonamWangchuk #CJP #CJPMovement #AbhijeetDipke #CockroachJantaParty #Protest #India #ModiGovernment #BJP #genz #jantarmantar",Rashid55248,Sat Jul 25 05:54:37 +0000 2026,0,0,en
2080893900462624787,"The last level of making other Zaleel.
#GenZWithBharat #NEET #Modi #Delhi #Dharmendrapradhan #SonamWangchuk #CJP #CJPMovement #AbhijeetDipke #CockroachJantaParty #Protest #India #ModiGovernment #BJP #genz #jantarmantar",Rashid55248,Sat Jul 25 05:52:21 +0000 2026,0,0,en
2080893389768217034,"Same like people lived before partition. No hate for others. 

#GenZWithBharat #NEET #Modi #Delhi #Dharmendrapradhan #SonamWangchuk #CJP #CJPMovement #AbhijeetDipke #CockroachJantaParty #Protest #India #ModiGovernment #BJP #genz #jantarmantar",Rashid55248,Sat Jul 25 05:50:19 +0000 2026,1,0,en
2080892922778771544,"A MUST-WATCH video from the CJP protest at Jantar Mantar, Delhi.

Elderly Man in a Wheelchair Shuts Down Anti-Modi Slogans at the CJP Protest.

Abhijit Dipke and other organisers came down from the stage to welcome him, assuming he was an anti-Modi supporter as the crowd shouted, https://t.co/DSthX5EYHE",AshwiniSahaya,Sat Jul 25 05:48:28 +0000 2026,23,9,en
2080892679911817312,"CJP Protest Probe

Delhi Police steps up investigation: 15 FIRs registered in the case.

@Priyanktripathi takes you inside the Delhi Police FRS Centre, explaining how the technology works amid the facial recognition row | WATCH

＠_kritika_tiwari shares more details with https://t.co/gKLpqaZYie",TimesNow,Sat Jul 25 05:47:30 +0000 2026,7,0,en
2080892606293385216,"Alert ‼️ At CJP protest: 2,000 people with criminal records, including 450 history-sheeters.
क्यों आए ये लोग ? कौन लाया इनको ?
They will kill a few innocent protesters so the ecosystem can put the blame on Delhi Police and start riots. https://t.co/Ojwsoy8VgS",MajorPoonia,Sat Jul 25 05:47:13 +0000 2026,315,142,en
2080892244622709103,"#EpsteinPedoFiles are reality. Most of Elite in the world is preyed of them.

#GenZWithBharat #NEET #Modi #Delhi #Dharmendrapradhan #SonamWangchuk #CJP #CJPMovement #AbhijeetDipke #CockroachJantaParty #Protest #India #ModiGovernment #BJP #genz #jantarmantar",Rashid55248,Sat Jul 25 05:45:46 +0000 2026,0,0,en
2080891882570400112,"@CJP_for_India 🙏 CJP stay 💪 Thank you to all the noble souls worldwide sending food for our hungry &amp; thirsty protestors at Jantar Mantar, Delhi.
Modi &amp; Amit Shah have cut power, water, sanitation, jammed networks &amp; sent goons to beat up students and parents.
Jantar Mantar is sealed for days.",20bizmen,Sat Jul 25 05:44:20 +0000 2026,0,0,en
2080891805705687456,"JUST IN | New Delhi DCP said a total of 13 FIRs have been registered in connection with the Jantar Mantar protest. 
- Shrimansi Kaushik reports 

https://t.co/GmC7bVDFyL",the_hindu,Sat Jul 25 05:44:02 +0000 2026,32,10,en
2080891714278170736,"@CJP_for_India 🙏big salute and thank you to every noble soul around the world sending food for our hungry, thirsty protestors.
At Jantar Mantar, Dictator Modi / Amit Shah have cut electricity, water, sanitation and jammed communications, while sending goons to attack children and their",20bizmen,Sat Jul 25 05:43:40 +0000 2026,0,0,en
2080891553569193990,"CJP Jantar Mantar Protest: 'We too will give a list of Police personnel  to Delhi Police, who cracked open the heads of children', says CJP

Oh, how rich calling the rioters as 'children'. They were abusing PM, even his late mother using filthiest language,",SSridharRaptor,Sat Jul 25 05:43:02 +0000 2026,1,0,en
2080891363294695746,"ACTRESS AKANKSHA PURI.

""I was offered money to support CJP and Jantar Mantar Protest.

They even offered me Flight tickets to Jantar Mantar. I was asked to post reels. Many other creators received similar offers too. I refused. Students should be supported genuinely. It is not a https://t.co/UmAvuC18WQ",TDPDigitalMedia,Sat Jul 25 05:42:16 +0000 2026,2,2,en
2080890657460412517,"VIDEO | Mumbai: Speaking on the CJP protestors being recognised by Delhi Police's facial recognition systems, Congress leader Hussain Dalwai says, ""Delhi Police can say anything. It's not that RSS or its people came there to spoil the protest, no, that's not the issue. But who https://t.co/FSLEERWpAl",PTI_News,Sat Jul 25 05:39:28 +0000 2026,7,2,en
2080890632315531332,"Come on middle class. 

#GenZWithBharat #NEET #Modi #Delhi #Dharmendrapradhan #SonamWangchuk #CJP #CJPMovement #AbhijeetDipke #CockroachJantaParty #Protest #India #ModiGovernment #BJP #genz #jantarmantar",Rashid55248,Sat Jul 25 05:39:22 +0000 2026,0,0,en
2080890624946114947,"@Kollywood_Aura @INCTamilNadu Its not a shit movie its a good movie, rather than giving voice for this fake protest I suggest you watch movie once with your family. And rral CJP warriors will take care of this in Delhi so you don’t worry beta🙂‍↔️",tvk_ian,Sat Jul 25 05:39:20 +0000 2026,2,0,en
2080890296792125938,"1) CJP Delhi protest has 3 clear demands and Ban NEET is NOT one of them

2) So how is demanding Ban NEET in Tamil Nadu called a supportive protest for CJP

3)  Pushing Ban NEET and singing about religious riots is this really a student support protest. https://t.co/Cj8SFK0O33",Aghniii22,Sat Jul 25 05:38:02 +0000 2026,10,0,en
2080889747636101265,"From Delhi Jantar Mantar To Whole India🇮🇳
#protest #cjp #cockroachjantaparty #jantarmantarprotest #delhiprotest 

@cockroachjantaparty @wangchuksworld @abhijeetdipke @dhruvrathee @joinprakashraj
@azmishabana18 @vishaldadlani @bhimarmychief

@cjp.delhiofficial @cjp_protest_mumba https://t.co/nxi1zuVxhN",TejashPurohit55,Sat Jul 25 05:35:51 +0000 2026,1,0,en
2080889735166484751,"Delhi liquor shops to shut at 8 pm over the weekend amid student protests
 🪳✊ #CJP Protest #Live Updates ➠ https://t.co/uzcG4xQiaM 📋",EconomicTimes,Sat Jul 25 05:35:48 +0000 2026,1,0,en
2080889676811125012,18 Delhi Metro stations remain shut for fourth straight day amid CJP protest https://t.co/J3kPbPswIK,greater_jammu,Sat Jul 25 05:35:34 +0000 2026,0,0,en
2080889549597647083,"Jantar Mantar Protest LIVE: CJP leaders to meet govt for talks today, security tightened at protest site https://t.co/mUQHkvqvfW #news #inqalabNews https://t.co/ppmVQ2oo5N",InqalabNewsIN,Sat Jul 25 05:35:04 +0000 2026,0,0,en
2080889040371683528,The Delhi Police has officially released CCTV footage from the  protest organized by the Cockroach Janta Party (CJP). The newly released videos aim to counter allegations of excessive police force by providing visual documentation of how the demonstration escalated into violence. https://t.co/UaFOaBZTqe,VyomPallav,Sat Jul 25 05:33:02 +0000 2026,1,2,en
2080888845571121207,"They are more educated than their rulers. It's #GenZ of #Subcontinent 

#GenZWithBharat #NEET #Modi #Delhi #Dharmendrapradhan #SonamWangchuk #CJP #CJPMovement #AbhijeetDipke #CockroachJantaParty #Protest #India #ModiGovernment #BJP #genz #jantarmantar",Rashid55248,Sat Jul 25 05:32:16 +0000 2026,0,0,en
2080888718798287134,"Shameless Protest Girls part-2

This is 2nd Batch of CJP shit .They want to be famous lets make them famous.

-Abusing PM Modi. B*dwa
-Abusing Indian Armed forces.
-Abusing Delhi Force by N*mard.
-A hippo saying,""Modi can't m*sterbate so He beating children"".
-Want to make India https://t.co/JKh0pJXETn",sudhanshusinghh,Sat Jul 25 05:31:46 +0000 2026,40,15,en
2080888700498751750,Breaking: CJP founder Abhijeet Deepak says he has been “typhoided” as Delhi Police tighten security at Jantar Mantar. Another round of talks with the government is expected today amid the ongoing NEET leak protest. #NEET #NEETPaperLeak #JantarMantar #DelhiPolice #CJP #IndiaNews,IndiaAffai87261,Sat Jul 25 05:31:41 +0000 2026,0,0,en
2080888662150320281,"The CJP protest is against NEET 2026 Paper Leak but there is not even one student who has appeared for NEET amongst the crowd - Why?

Because REAL students don’t have time for this nonsense &amp; are now busy with NEET counselling process

The entire Jantar Mantar precinct has become https://t.co/g2m3dBhAUV",BesuraTaansane,Sat Jul 25 05:31:32 +0000 2026,62,38,en
2080888275158307011,"The ongoing CJP protest in Delhi has started affecting school operations, with traffic restrictions and repeated Metro station closures causing travel disruptions. Several schools in Central Delhi, including RS Junior Modern School and Sardar Patel Vidyalaya, have shifted some https://t.co/DDFkVKAE7K",TheDailyJagran,Sat Jul 25 05:30:00 +0000 2026,0,0,en
2080888204966961244,"Creativity 
#GenZWithBharat #NEET #Modi #Delhi #Dharmendrapradhan #SonamWangchuk #CJP #CJPMovement #AbhijeetDipke #CockroachJantaParty #Protest #India #ModiGovernment #BJP #genz #jantarmantar",Rashid55248,Sat Jul 25 05:29:43 +0000 2026,0,0,en
2080887937391337525,"🎥 | Cockroach Janta Party (CJP) founder Abhijeet Dipke on Saturday shared an update on his health, saying he has been diagnosed with typhoid. Despite his illness, he asserted that the nationwide protests demanding the resignation of Union Minister Dharmendra Pradhan will https://t.co/a2CCJwJmKj",TheStatesmanLtd,Sat Jul 25 05:28:39 +0000 2026,1,0,en
2080887764904747408,"VIDEO | Delhi: On CJP-led protest at Jantar Mantar, TMC MP Kirti Azad, says, ""The Modi government is cruel and ruthless. They are country's children, they haven't come here from Pakistan... they are not intruders.""

""My only appeal is that these are the country's children, coming https://t.co/UNk6t7AkBd",PTI_News,Sat Jul 25 05:27:58 +0000 2026,73,12,en
2080886707759743238,"Responding to Delhi Police's claim that its Facial Recognition System (FRS) identified over 2,000 people with criminal backgrounds at the Jantar Mantar protest, Cockroach Janta Party National Spokesperson Ashutosh Ranka said the party would release its own list of police https://t.co/oUvVFLrLYB",CNNnews18,Sat Jul 25 05:23:46 +0000 2026,6,2,en
2080886012834914350,"It's awareness. 

#GenZWithBharat #NEET #Modi #Delhi #Dharmendrapradhan #SonamWangchuk #CJP #CJPMovement #AbhijeetDipke #CockroachJantaParty #Protest #India #ModiGovernment #BJP #genz #jantarmantar",Rashid55248,Sat Jul 25 05:21:01 +0000 2026,0,0,en
2080885999492870519,Actress Akanksha Puri #exposed Paid #campaign behind #CJP Protest https://t.co/CKAC31HjsP,Viksit_Delhi,Sat Jul 25 05:20:57 +0000 2026,0,0,en
2080885806529683493,"New Delhi - A Domino’s pizza delivery boy was allegedly mobbed and assaulted by protesters associated with Citizens for Justice and Peace (CJP) while attempting to deliver an order at Jantar Mantar, the delivery executive arrived at the protest site to drop off pizzas when a https://t.co/n8p9Zt9x90",nextminutenews7,Sat Jul 25 05:20:11 +0000 2026,0,0,en
2080885631253946377,"BIG BUZZ 🤯

Strong reports say Modi Govt may take an UNEXPECTED step to end the CJP protest. 

Some speculate the sudden 360° shift is linked to fresh intelligence inputs.

All eyes on Delhi now 🇮🇳

#ModiGovt #CJPProtest #BreakingNews #India #Politics",foryouvjg,Sat Jul 25 05:19:30 +0000 2026,0,0,en
2080885481709957267,"There is a cultural shift happening in Indian politics and journalism, and all of it has unfolded over the last few weeks on the sidelines of the CJP protest against the Education Minister in Delhi.

Ever since COVID-19, Instagram Reels have taken over people's daily lives like a https://t.co/6CSN3gyPax",Offside_Dreams,Sat Jul 25 05:18:54 +0000 2026,0,0,en
2080884465371681278,"2 different videos but from same Protest..

1.  Threating Adityanath to resign because of some paper leak in UP

2.  Total silence, no comments when people' ask opinion on recent paper leak in AAP lead PUNJAB.

CJP IS AAP PROXY AND THEY ARE DOING THIS TO COME IN LIMELIGHT AND",AbhishekVijayIn,Sat Jul 25 05:14:52 +0000 2026,3,2,en
2080884179886309557,"🔴Jantar Mantar protest LIVE  

'No point in talks without Pradhan's resignation': CJP spokesperson

18 Delhi Metro stations remain shut for fourth straight day amid CJP protest

@Cockroachisback @AshutoshRanka #CJPprotest
https://t.co/FIg2bMpNqS",NewIndianXpress,Sat Jul 25 05:13:44 +0000 2026,1,3,en
2080883821189411037,"Delhi: Tight security arrangements are in place at Jantar Mantar amid the ongoing CJP protest over the paper leak.
https://t.co/2cBEUVhsAX",gcnewsindia,Sat Jul 25 05:12:18 +0000 2026,0,0,en
2080883542012330084,"@CJP_for_India 📌📌📌

CJP must seek compensation for students brutalised by Delhi police during protest. Pellet guns are meant for terrorists, not students.",defiantsunflowr,Sat Jul 25 05:11:12 +0000 2026,0,0,en
2080883216420897132,"Pakistani handles are sharing a digitally manipulated video falsely portraying NDTV news anchor @SehgalRahesha as reporting that Punjab Police personnel refused deployment orders in Delhi amid the CJP protest unrest. In reality, the anchor's clip was lifted from an NDTV broadcast https://t.co/J1T7grDasy",OnlyFactIndia,Sat Jul 25 05:09:54 +0000 2026,11,7,en
2080882824874451105,"Last night, the Delhi Police detained five Muslim students from Jamia University who were returning from the Jantar Mantar protest. Social activist Zeba Khan secured their release after chasing down the police vehicle. #cjp #delhipolice https://t.co/K0E7uzid1a",FaceTalkMedia1,Sat Jul 25 05:08:21 +0000 2026,1,1,en
2080882787683598615,Bharatiya Kisan Union (Ekta Ugrahan) has announced that it will join the ongoing students' protest at Jantar Mantar in Delhi. The farmers' union will march to the national capital on July 27 and has said its members will remain in Delhi until the students' demands are accepted. https://t.co/fRquMkztFM,CJP_is_back,Sat Jul 25 05:08:12 +0000 2026,17,11,en
2080881213678731647,"""These protestors want to turn India into Bangladesh and Nepal,"" and ""We'll beat them black and blue,"" are some of the statements made by Hindutva miscreants who have taken their online vitriol onto the streets of Delhi to mobilise a 'counter-protest' against CJP-led youth https://t.co/POrzky3ONX",TheQuint,Sat Jul 25 05:01:56 +0000 2026,15,3,en
2080880593144041528,Sonam Wangchuk LIVE 🔴 Explains Why He Ended His 26-Day Hunger Strike | CJP | Delhi Students Protest #SonamWangchuk#NEET#HungerStrike#CJP#LiveNews https://t.co/FzWYr6L2iH,AsianetNewsEN,Sat Jul 25 04:59:28 +0000 2026,2,1,en
2080880291380592843,"@VKreflections @MacroMatrix1 CJP Delhi demands a fair NEET while CJP Chennai demands a ban on NEET. Did you listen to his full speech? He covered all the issues related to NEET and the protest. Additionally, he also addressed the Tamil Nadu govt’s lack of action on Dalit issues in his own stage.",iBison_Alpha,Sat Jul 25 04:58:17 +0000 2026,0,0,en
2080880136308523086,"@INCIndia Le Delhi police:- ""no pallet guns were used, no tear gas were use at cjp protest  this are all falce claims and totally misleading ""
Shame on you delhi police atleast have guts to acknowledge",Just_Ashu0609,Sat Jul 25 04:57:40 +0000 2026,0,0,en
2080880039286255866,"Madam I would like to ask a simple question.

What if the Central Govt agrees to the demand of CJP? The Protest in Delhi will be called off. Likewise in TN the protest organised by CJP also will be called off. 

What about others who are asking #BanNeet?",nakavi14,Sat Jul 25 04:57:16 +0000 2026,0,1,en
2080879735836639607,"Congress leader Mani Shankar brings up Delhi Riots 2020 Key Accused Umar Khalid and Sharjeel Imam from #CJP protest stage.
Wht do they got to do wit #NEET aspirants? 😐 https://t.co/H76SkOCtaY",sparkles4vr,Sat Jul 25 04:56:04 +0000 2026,2,0,en
2080879653183783082,"@Xityouerg @OGprasanna Didnt u see TVK also firm on NEET BAn 

CJP TN is just a proxy 
CJP delhi doesnt even know these fake ppl and their motives

A page started merely to gain followers during the cockroach viral time suddenly acts as if its original. 

Can you or any 1 in protest tell who is admin? https://t.co/I3pG8UYNga",thalapa13332131,Sat Jul 25 04:55:44 +0000 2026,0,0,en
2080879286354128979,"VIDEO | Delhi: Security remains tight at Jantar Mantar amid CJP protest over paper leak.

(Full video available on PTI Videos - https://t.co/n147TvrpG7) https://t.co/ojZnHbGdYG",PTI_News,Sat Jul 25 04:54:17 +0000 2026,17,1,en
2080879266590589171,"#Constable_Joins_Student_Protest_Resigned_job

Constable Sher Singh Joins Student Protest : Constable Sher Singh Joins Student Protest

#delhi  : #UttarakhandPolice  constable Sher Singh reportedly arrived at #JantarMantar  and handed his resignation letter to student leader https://t.co/0hieAmdvy3",NEWSPOPFFF,Sat Jul 25 04:54:12 +0000 2026,3,0,en
2080878819112796605,"▶️ #WATCH | Protest against the NEET paper leak and demands for the resignation of Education Minister Dharmendra Pradhan continue unabated.

➡️ On one hand, students begin arriving at Jantar Mantar early in the morning; on the other, crowds of people have gathered along the https://t.co/7UaYNwwRNy",hnpnewz,Sat Jul 25 04:52:25 +0000 2026,6,2,en
2080878420360323543,"@Xityouerg @OGprasanna Tell me 1 think if you r protesting for the violence against students alone and resignation of education minister 
everyone would have joined the protest

The difference in motive btw CJP delhi and a PROXY CJP TN 
makes common ppl think what are these fools up to",thalapa13332131,Sat Jul 25 04:50:50 +0000 2026,0,0,en
2080878349820260476,"Delhi Wine Shop Closed | ਰਾਤ 8 ਵਜੇ ਬੰਦ ਹੋਣਗੇ ਸ਼ਰਾਬ ਦੇ ਠੇਕੇ  | CJP Protest | BJP Government | News18

#delhinews #bjpgovernment #cjpprotest #news18punjab https://t.co/fGHWxUYLeA",News18Punjab,Sat Jul 25 04:50:34 +0000 2026,0,0,en
2080877951852179593,"Is this student protest? I wonder her parents, what they are going to do?
#cjp #studentprotest #delhi #JantarMantarUpdates https://t.co/qhVmGBg8lq",ashokkumar1728,Sat Jul 25 04:48:59 +0000 2026,3,1,en
2080877949654331883,"Delhi Police have registered an FIR in connection with the violence during the student protest near Rail Bhavan. The FIR invokes multiple charges, including attempt to murder and assault on public servants. Police have also said they are using facial recognition technology to https://t.co/HRagGdsg2v",CNNnews18,Sat Jul 25 04:48:58 +0000 2026,13,4,en
2080877415224807781,"In a social media post, CJP founder Abhijeet Dipke said he has been diagnosed with typhoid, but the fight will go on until Dharmendra Pradhan resigns.

🔗https://t.co/DL4yEmLFJp https://t.co/g2R7ncBeu6",IndianExpress,Sat Jul 25 04:46:51 +0000 2026,192,7,en
2080876899992322346,"STORY | 18 Delhi Metro stations remain shut for fourth straight day amid CJP protest

Eighteen Delhi Metro stations in central Delhi remained closed for the fourth straight day on Saturday due to security concerns amid the ongoing Cockroach Janta Party (CJP) protest near the https://t.co/ShVEgl7lpM",PTI_News,Sat Jul 25 04:44:48 +0000 2026,6,1,en
2080876300668154137,"Protest join karne ke liye thank you @dhruv_rathee 🙌

#CJP #JantarMantar #Protest #Delhi https://t.co/OSwLUxTqtw",dhavaljaihind,Sat Jul 25 04:42:25 +0000 2026,2,0,en
2080876055154372962,"☀Delhi: Jantar Mantar completely barricaded and sealed as CJP-led protest continues; heavy security deployed at the site.

☀AI deepfake video of Union Minister Piyush Goyal circulating on social media. Govt says many links taken down.

☀Dipke posts: Have been diagnosed with https://t.co/fMgrtxXTx3",NEWSDAILY123,Sat Jul 25 04:41:27 +0000 2026,0,0,en
2080875999944909122,"For the fourth consecutive day, 18 Delhi Metro stations in central Delhi remain closed due to heightened security around the ongoing CJP protest near Jantar Mantar. 

Services are suspended from 7:30 AM until further notice, while interchange facilities remain available at Rajiv https://t.co/gRqQhn35SC",TheDailyPioneer,Sat Jul 25 04:41:13 +0000 2026,3,0,en
2080875539565629489,"🚨 Students Protest:  130 police personnel were injured, 15 FIRs have been registered, and about 65 students were injured during the protest. Around 10,000 people, on average, are present at and around Jantar Mantar, where 3,000 police personnel have been deployed: Delhi Police https://t.co/SUNsiXbaTw",TheStatesmanLtd,Sat Jul 25 04:39:24 +0000 2026,1,2,en
2080875398544740837,"Actress Akanksha Puri exposed Paid campaign behind #CJP Protest
#cjp_ही_aap_है #Delhi #Paidcampaign https://t.co/5ggMpR1FHu",KalpeshPraj80,Sat Jul 25 04:38:50 +0000 2026,1,0,en
2080874462392856665,"They were expecting people to criticize Modi Ji, but this elderly man’s reaction was completely unexpected. #cjp #delhi #protest #congress #narendramodi @narendramodi ji https://t.co/dgMi2PsQfN",vivekshettym,Sat Jul 25 04:35:07 +0000 2026,1,0,en
2080874459720720427,"Bundi, Rajasthan. Torches lit up the streets at midnight.
23 lakh students. One leaked paper. One minister still in office.
This protest isn't just Delhi.
#NEETLeak #DharmendrapradhanMustResign #CJP #BundiProtest #NEET2026 #StudentsMatter #IndiaProtests
@thewire_in @scroll_in",ayushsahani_,Sat Jul 25 04:35:06 +0000 2026,0,0,en
2080874324463104301,"@GaziOmer5 , a member of CJP Kashmir, has issued a statement on ""Godi media"" regarding the Jantar Mantar protest, condemning the Delhi Police's actions against peaceful demonstrators.
#cjp 
#jantarmantar #dharmendrapradhanresign https://t.co/7hLjZ3OoqQ",cjp_JK29,Sat Jul 25 04:34:34 +0000 2026,1,0,en
2080873796295340520,"VIDEO | Delhi: Jantar Mantar completely barricaded and sealed as CJP-led protest continues; heavy security deployed at the site.

(Full video  available on PTI Videos - https://t.co/n147TvrpG7) https://t.co/mbg7pNdlKh",PTI_News,Sat Jul 25 04:32:28 +0000 2026,431,62,en
2080873365385224658,"The cockroach movement began over paper leaks and student suicides and the terrible testing system. 

Currently, some sort of conversations are happening with the govt on these issues including the resignation of Dharmendra Pradhan. 

But out on the streets of Delhi on July 20",_sabanaqvi,Sat Jul 25 04:30:45 +0000 2026,105,23,en
2080873227044438126,"@PoornimaNimo They were expecting people to criticize Modi Ji, but this elderly man’s reaction was completely unexpected. #cjp #delhi #protest #congress #narendramodi https://t.co/hD1ByekNcy",EmonMukherjee21,Sat Jul 25 04:30:12 +0000 2026,45,5,en
2080873176750227546,"The Delhi Metro Rail Corporation (DMRC) has announced the closure of 18 metro stations from 7:30 AM on Saturday until further notice amid the ongoing CJP-led protest. However, interchange facilities will remain operational at Rajiv Chowk, Mandi House and Central Secretariat for https://t.co/zvsTdYax9w",TheDailyJagran,Sat Jul 25 04:30:00 +0000 2026,0,0,en
2080873048723632368,"They were expecting people to criticize Modi Ji, but this elderly man’s reaction was completely unexpected. #cjp #delhi #protest #congress #narendramodi https://t.co/9SkdCqYukZ",EmonMukherjee21,Sat Jul 25 04:29:30 +0000 2026,4,1,en
2080872398690373889,"CJP Protest News LIVE Updates: PM Modi posts ‘thanks friends’ Instagram reel after paper leak selfie video, 18 Delhi Metro stations shut today

READ MORE➡️https://t.co/aRYefRpb2n

#CJPProtest #PMModi #InstagramReel #SocialMedia #PaperLeakCase #DelhiMetro

https://t.co/oHrkXbXdCK",News24eng,Sat Jul 25 04:26:55 +0000 2026,0,0,en
2080869784795680915,"@Bring_congress Dmk hijack ila, openly they support the protest ,kanimozhi and other mps participated in the cjp protest in Delhi🪧.",realrajeshrk,Sat Jul 25 04:16:32 +0000 2026,0,0,en
2080868343209181447,"CJP Protest Probe

Delhi Police steps up investigation: 15 FIRs registered in the case.

@Priyanktripathi joins @anchoramitaw with more updates. https://t.co/JuOmhc9WAs",TimesNow,Sat Jul 25 04:10:48 +0000 2026,3,1,en
2080868238381191541,"He is Vibhu Gautam.
He made abusive remarks against the Indian Army during the CJP protest.
After his video went viral, some people decided that he should be handed over to the police. However, when they went to his house, they found out that his father is disabled. Seeing his https://t.co/dhuid8IEVc",rajesh271285400,Sat Jul 25 04:10:23 +0000 2026,1,1,en
2080867498665398535,"Government, CJP to meet again for 3rd round of talks; Dipke says diagnosed with typhoid

Track CJP protest today LIVE updates: https://t.co/ibmLn9vHyt https://t.co/C14voEFZaI",htTweets,Sat Jul 25 04:07:26 +0000 2026,0,0,en
2080867313621012750,"STUDENTS RETURNING FROM PROTEST DETAINED NEAR JAMIA !!!

5 students returning from the CJP protest at Jantar Mantar were allegedly detained by police near Jamia before being released following intervention by activists and journalists.

But this was not an isolated incident. https://t.co/DmclCYqiww",raviprakash_rtv,Sat Jul 25 04:06:42 +0000 2026,7,0,en
2080866487951315130,"People in Melbourne unite for students in India.
Large show of support from Australia with strong voices for the student protest in New Delhi as people gather in the Victoria capital’s Fed Square braving the cold weather. Video ⁦@SBSNews⁩ 
#Australia ⁦#CJP #Studentpower https://t.co/B4sNuPWPYC",petleepeter,Sat Jul 25 04:03:26 +0000 2026,1,1,en
2080865970193842661,"CJP Protest News LIVE Updates: CJP-Centre 3rd round of talks today; Pradhan's resignation in focus; Delhi Metro curbs continue &amp; other top developments
https://t.co/ssbS4uNASc",ETNOWlive,Sat Jul 25 04:01:22 +0000 2026,6,0,en
2080864917012570146,"VIDEO | Delhi: NCP (SP) spokesperson Anish Gawande on CJP-led Jantar Mantar protest, says, ""The only way forward is dialogue. There are thousands of people still out on the streets of New Delhi. Yesterday, more than 100 cities saw protests for the Cockroach Janta Party, for https://t.co/VJT763457n",PTI_News,Sat Jul 25 03:57:11 +0000 2026,20,1,en
2080863189689131111,"#Delhi Police Officer Vivek Bhagat , who got injured in CJP protest , hails from #Jammu

https://t.co/CgHTFHes0G https://t.co/BOgmS0EaQE",CrossTownNews,Sat Jul 25 03:50:19 +0000 2026,5,1,en
2080859732349468811,"The Centre has reinforced security in Delhi by deploying additional CRPF and other Central Armed Police Forces as the CJP-led protest over the NEET paper leak continues at Jantar Mantar. The move comes amid prolonged demonstrations, fresh rounds of talks with the government and https://t.co/T2AZiZYKaZ",TheDailyJagran,Sat Jul 25 03:36:35 +0000 2026,2,1,en
2080858669475074228,"Where is the Protest headed?

With Sonam Wangchuk breaking his fast, the protest could soon fizzle out into oblivion, or could get charged into something bigger than a paper leak and lead to an actual revolution.
Why ""Follow the Process"" Misses the Point
Refuting some common",Rohit_405,Sat Jul 25 03:32:21 +0000 2026,0,0,en
2080858140141298120,"@gauravsabnis @horsemenshipX How can you be so naive? CJP suspiciously gained followers, suspiciously got permission to protest at JM, where NSUI and Kisans are waiting outside Delhi? Yeh 3 lodu log secretly jaa jaa ke kisse milte hain? Wangchuk to pahle se hi suspicious hai...",manojsh,Sat Jul 25 03:30:15 +0000 2026,0,0,en
2080858032658067716,"#Delhi

The National Students' Union of India (NSUI) held a protest in solidarity with the ongoing demonstrations over the NEET paper leak.

#NSUI
#CJP
#CJPProtest
#JantarMantar
#DelhiProtest
#StudentsProtest
#YouthVoices
#JusticeForStudents
#ExamReforms
#PaperLeak
#NewDelhi https://t.co/LfMiiRmSTU",GoldySrivastav,Sat Jul 25 03:29:50 +0000 2026,0,0,en
2080857247593418768,"@malviyapankaj I dont know why you keep shifting from CJP protest.
But if you talk of the whole country then even I can use delhi riots, kashmir stone pelting etc. As proof of deserved police attacks. 
That wouldn't be nice now would it? Just how some random vid from south you used.",Bisht917,Sat Jul 25 03:26:42 +0000 2026,0,0,en
2080857209089781798,"Govt Asks for a Day to Respond to Pradhan Exit Demand, Says CJP
The Centre has sought time until Saturday afternoon to respond to the Cockroach Janta Party's (CJP) demand for the resignation of Union Education Minister Dharmendra Pradhan following the second round of talks https://t.co/xHwutqmmLL",AimPoojaind,Sat Jul 25 03:26:33 +0000 2026,2,0,en
2080857131096633350,"CJP protest LIVE updates: No deal with Centre, ended fast fearing crackdown like Ladakh, says Sonam Wangchuk https://t.co/rzYzqwj7IQ",thetribunechd,Sat Jul 25 03:26:15 +0000 2026,1,0,en
2080855967500316900,"#Mumbai

Comedian Kunal Kamra joined a protest at #ShivajiPark, where demonstrators demanded the #Resignation of the Union Education Minister over the NEET examination controversy.

#Mumbai
#Maharashtra
#KunalKamra
#CJP
#CJPProtest
#JantarMantar
#DelhiProtest
#StudentsProtest https://t.co/y6vYxPfaBi",GoldySrivastav,Sat Jul 25 03:21:37 +0000 2026,0,0,en
2080855801007350139,"VIDEO | Delhi: Central Secretariat Metro Station Gates 2 and 4 closed, Gate 3 open for exit only amid CJP protest. 

(Full video available on PTI Videos - https://t.co/n147TvrpG7) https://t.co/lBEm6srQoB",PTI_News,Sat Jul 25 03:20:58 +0000 2026,142,11,en
2080855582425174385,"CJP Protest LIVE: 17 Delhi Metro stations closed; NTA terminates 47 officials, CJP launches https://t.co/TftkrpNQkl

Read More: https://t.co/P3NsODEBSP 

#CJPprotest
#NEETpaperleak
#EducationNews https://t.co/Iu9RaptU63",careers360,Sat Jul 25 03:20:05 +0000 2026,0,0,en
2080854900976791895,"@thewire_in As New Delhi metro station is closed, people coming from other states and wanting to go to other places using metro, can't go anywhere. So they have no option but to walk to Jantar Mantar and join the protest. 😀
#JantarMantar 
#CJP 
#DelhiMetro",Exposer010101,Sat Jul 25 03:17:23 +0000 2026,0,0,en
2080854597762269560,"#Pune

Thousands joined the CJP protest, turning it into one of the country's largest student-led movements. Protesters vowed to continue their agitation until Union Education Minister Dharmendra Pradhan resigns.

#Pune
#StudentMovement
#Maharashtra
#CJP
#CJPProtest
#JantarMantar https://t.co/SjBHfEevhS",GoldySrivastav,Sat Jul 25 03:16:11 +0000 2026,1,0,en
2080854368044405144,"As New Delhi metro station is closed, people coming from other states and wanting to go to other places using metro, can't go anywhere. So they have no option but to walk to Jantar Mantar and join the protest. 😀
#JantarMantar 
#CJP 
#DelhiMetro",Exposer010101,Sat Jul 25 03:15:16 +0000 2026,4,1,en
2080854127068827760,"@OfficialDMRC As New Delhi metro station is closed, people coming from other states and wanting to go to other places using metro, can't go anywhere. So they have no option but to walk to Jantar Mantar and join the protest. 😀
#JantarMantar 
#CJP 
#DelhiMetro",Exposer010101,Sat Jul 25 03:14:18 +0000 2026,7,1,en
2080853903285850114,"#BreakingNews | Delhi NEET Protest Probe BIG Update: 2,500+ protesters have criminal backgrounds and serious cases registered against them 

As per Delhi Police the miscreants used knives during stir

@SimranBabbar_05  shares more details 

#CJP #SonamWangchuk #SauravDas https://t.co/bXMfbVqU74",CNNnews18,Sat Jul 25 03:13:25 +0000 2026,5,2,en
2080853190778720613,"Of Cockroach protests, booming GDP and lack of job opportunities

Jayanta Roy Chowdhury

New Delhi, July 24 (UNI) It’s well past noon, and thousands of young men and women, are sitting under the hazy Delhi sun, joining a protest which has been ongoing for quite some time with https://t.co/RsWLPUEibm",ImbusyWarrior,Sat Jul 25 03:10:35 +0000 2026,0,0,en
2080852839262527988,"@OfficialDMRC has extended the closure of 18 stations for the fourth consecutive day as security remains tight during the CJP protest, causing major travel disruptions across central Delhi
#CJPProtest #MetroUpdate #TrafficAlert #JantarMantar #BreakingNews 
https://t.co/cTIkAkmIAi",GlobalTribuneMN,Sat Jul 25 03:09:11 +0000 2026,0,0,en
2080851830989582373,"Delhi Police curbs food delivery, transport around Jantar Mantar; CJP says govt is “laying siege”

The @dtptraffic has advised citizens to avoid “unnecessary travel” to the Jantar Mantar area and asked app-based mobility, ride-hailing, food delivery, logistics and e-commerce https://t.co/RmpfgzluSo",MaktoobMedia,Sat Jul 25 03:05:11 +0000 2026,11,6,en
2080851017483293170,"CRPF headquarters seeks report on pellet gun use in CJP protest

@LamaPrawesh ✍🏻 

https://t.co/qYkbBToGY9",htTweets,Sat Jul 25 03:01:57 +0000 2026,1,0,en
2080849475539706195,"Is this the protest for NEET or DMK propaganda against the government which is been allowed in your office @CpiTamilnadu ???

The Delhi protest is a real movement for CJP for NEET regularisation. Here it’s DMK fake paid  hooliganism taking control…

Shame on @CpiTamilnadu still https://t.co/Sn25RJUeT8",TVK_NewsTrichy,Sat Jul 25 02:55:49 +0000 2026,20,12,en
2080848024645837135,"@republic Can you put these videos on a dedicated web-page?  Else Global Tech will gradually scrub them away.

This is evidence.

Farmers protest - security forces hurt: no real penalty on rioters.

Delhi Riots - same

CJP riots - must ensure there's accountability

@PMOIndia @HMOIndia",__Ruchir__,Sat Jul 25 02:50:04 +0000 2026,0,0,en
2080847261245001779,"Chinese Funding 😭😭

#GenZWithBharat #GenZWithBharat #NEET #Modi #Delhi #Dharmendrapradhan #SonamWangchuk #CJP #CJPMovement #AbhijeetDipke #CockroachJantaParty #Protest #India #ModiGovernment #BJP #genz #jantarmantar https://t.co/y65028xIev",jaanverse,Sat Jul 25 02:47:02 +0000 2026,43,12,en
2080845188919165256,Delhi Police has reportedly identified abt 400 criminals using facial recognition technique who tried to create or created ruckus at the #CJP protest. Their Chittar 🥿 parade is sure once they’re picked up. Hail DP for using the advanced technology in detecting criminals.,AmarJit_IFS,Sat Jul 25 02:38:47 +0000 2026,48,16,en
2080842985588261026,"Punjab’s largest farmers’ union, BKU (Ekta Ugrahan), is heading to Jantar Mantar on July 27. 🔥💪🚜

Thousands of farmers are expected to join the ongoing protest at Jantar Mantar in Delhi.

#cjp #cjpprotest #delhi https://t.co/H6lvDrpP8T",Dhillon_77777,Sat Jul 25 02:30:02 +0000 2026,4,3,en
2080842392341512615,AAP government beating women sanitation workers in Punjab while Kejriwal attends CJP protest in Delhi.,6482912t,Sat Jul 25 02:27:41 +0000 2026,14,1,en
2080841434098475067,"VIDEO | Delhi: Latest visuals from Jantar Mantar as Cockroach Janta Party (CJP)-led protest continues.

#JantarMantar #CJP 

(Full video available on PTI Videos - https://t.co/n147TvrpG7) https://t.co/u2LpyyXWd6",PTI_News,Sat Jul 25 02:23:52 +0000 2026,16,1,en
2080840642629140777,"@Wangchuk66 Wangchuk Ji, Did you understand what they (opposition , CJP, Anti National Elements) want to do with you in the name of Paper Leak issues. They want to kill u. U must thank Govt that timely they have taken u in the hospital. As u r raising ur voice for the students but in the",Debasissanyal25,Sat Jul 25 02:20:44 +0000 2026,1,0,en
2080840000682516551,"Delhi NEET Protest #LIVE | NTA Sacks 47 Officials; Pradhan's Resignation 'Non-Negotiable' Say Protestors Ahead Of 2nd CJP-Govt Talks On Saturday

#NEETProtest #NTASacks47 #DharmendraPradhan #SonamWangchuk #JantarMantar #CJPProtest

https://t.co/czn7wAYrHk",ETVBharatEng,Sat Jul 25 02:18:10 +0000 2026,0,1,en
2080839097497931911,"Delhi: At the CJP protest, these girls are loudly chanting abusive and vulgar slogans against India's Prime Minister, Narendra Modi, while laughing shamelessly.

It looks like they're trying to gain attention through offensive behaviour rather than discussing the issues. When https://t.co/SWKRtn7pr3",mksh_kgp,Sat Jul 25 02:14:35 +0000 2026,0,0,en
2080838709579247797,"Wangchuk's 'character certificate' jibe at critics; 18 metro stations closed

Track CJP protest today LIVE updates: https://t.co/ibmLn9vHyt https://t.co/g1je7NrJUz",htTweets,Sat Jul 25 02:13:03 +0000 2026,1,0,en
2080838601836011872,"BIG EXPOSE | CJP Protest

250 criminals visited Protest 
They created riot like situation 

Delhi Police FRS system has identified 250 wanted criminals who allegedly visited the CJP protest site.

Sources claim many of them were present to fuel violence and create a riot-like https://t.co/keh0ruQurD",jignesh03011976,Sat Jul 25 02:12:37 +0000 2026,0,0,en
2080837995712897111,"Delhi Police Erects Fixed Barricades on Parliament Street, Jaisingh Road to Restrict CJP/student  protesters.
#jantarmantar #genz #protest #dharmendrapradhan #neetpaperleak #cjp https://t.co/X1NeroAZDq",ok_drishtant,Sat Jul 25 02:10:12 +0000 2026,0,0,en
2080837837189181782,"Are people even aware of the CJP protest in Delhi? Here, people are using the same name but protesting for something entirely different 🤷🏽‍♂️",VinothshivaK,Sat Jul 25 02:09:35 +0000 2026,0,0,en
2080836658493329523,‘30 pellets still inside my body’: Journalist hurt in CJP protest seeks compensation Read here 👉 https://t.co/u93QpfBeq7 https://t.co/YK2UHl6vPw,aftabistan,Sat Jul 25 02:04:54 +0000 2026,0,0,en
2080836475005100277,"47 NTA officials sacked amid nationwide student protests, more cleanup to follow https://t.co/tN3cP0SWq9",plus_right,Sat Jul 25 02:04:10 +0000 2026,0,0,en
2080835668822179969,"lol by now he knows how common man hates this hypocritical, politically motivated, sham of a ""protest"" . iska political career launch hone se pehle hi doob gaya. ye bus ab conspiracy theories phenkega abbu khejruddin ke jaise. cjp is solely responsible for the violence in Delhi.",blitz_thunder,Sat Jul 25 02:00:58 +0000 2026,0,0,en
2080835504636105051,"@KanchanGupta @abhijeet_dipke Delhi Police is scanning with the aid of AI cams, all things that is happening in the name of CJP students protest and no one, who are vandalising and breaking the rule of law, will be spared. Yes, it may take time.",navrit,Sat Jul 25 02:00:19 +0000 2026,2,0,en
2080832154229965284,"CJP protest: Supreme Court to take up petitions against ‘excessive’ use of police force on Monday

@satyastp_satya reports
https://t.co/lzmZb2aDpt",thetribunechd,Sat Jul 25 01:47:00 +0000 2026,1,0,en
2080829957669032049,"*The Cockroach Janta Party: When An Insult Became A Protest Kitchen*

*By Your Friendly Neighborhood Sarcastic Uncle*

Remember May 2026? A big judge called protesting students “cockroaches” because they were angry about paper leaks and no jobs.

Within 3 days, the students said:",subhas1946,Sat Jul 25 01:38:16 +0000 2026,0,0,en
2080828848183320971,"VIDEO | Delhi Jantar Mantar Protest: CJP spokesperson Ashutosh Ranka, says, ""In yesterday's meeting, we received a positive response regarding compensation and legal cases. We got an in-principle agreement, and we hope to receive the written agreement today as well. However, https://t.co/BFvGHOZWBm",PTI_News,Sat Jul 25 01:33:51 +0000 2026,488,86,en
2080823211198132512,"""I scored 96% in JEE Main, yet couldn't get into IIT Delhi. My friend scored 79% and got in.""

A student voices his frustration at the CJP protest: ""Why is no one talking about reservation?""
 https://t.co/8WbPxSJXcW",GENERALCASTES,Sat Jul 25 01:11:28 +0000 2026,4,2,en
2080822323238899794,"I got the dream in an early morning where God Krishna had told me that Cockroach Janata Party (CJP) should always protest in the Jantar Mantar, New Delhi to give food, cloth, shelter, health, wealth, education, employment and water to all people of the world to protect the world",dusmantmoharana,Sat Jul 25 01:07:56 +0000 2026,1,0,en
2080821567433646507,"BKU (Ekta Ugrahan) has announced that it will join the ongoing students' protest at Jantar Mantar in Delhi. The farmers' union will march to the national capital on July 27 and has said its members will remain in Delhi until the students' demands are accepted.

 #cjp #cjpprotest https://t.co/ClfGG1dhOO",Dhillon_77777,Sat Jul 25 01:04:56 +0000 2026,4,4,en
2080817450585870582,"Supporters of the Cockroach Janata Party (CJP) protest at Jantar Mantar in New Delhi on July 22, 2026, demanding the resignation of Union Education Minister Dharmendra Pradhan over alleged examination irregularities and the NEET paper leak.

📸@msikku153 #shadqureshi https://t.co/vxOTDiVSQO",msikku153,Sat Jul 25 00:48:34 +0000 2026,0,0,en
2080817417320804495,"Liquor Shops To Shut By 8 PM In Delhi Over Weekend Amid CJP Protest
https://t.co/Os1hL5V4i6 https://t.co/Jt24mlz5Ms",ndtv,Sat Jul 25 00:48:26 +0000 2026,17,1,en
2080816693463658834,"Delhi Metro disruptions continue for the fourth consecutive day. DMRC has announced the closure of 18 metro stations from 7:30 am on July 25 over the ongoing CJP protest near Jantar Mantar. 

https://t.co/4InnhDxWnH",TimesNow,Sat Jul 25 00:45:34 +0000 2026,11,2,en
2080812777904685205,"CJP Protest: Delhi Police Asks Swiggy, Blinkit, Uber &amp; Others To Limit Services In Restricted Areas

https://t.co/lFFE9touvD https://t.co/7quuKGBqhZ",TimesNow,Sat Jul 25 00:30:00 +0000 2026,12,5,en
2080811697842036953,@nehafolksinger Must watch #Cjp #Delhi #Protest,Ape4change,Sat Jul 25 00:25:43 +0000 2026,1,0,en
2080799937521160288,@psppavankalyan Can you comment on CJP protest in Delhi? What do you think ?,satishravipati,Fri Jul 24 23:38:59 +0000 2026,0,0,en
2080798624049459642,"Dear PMO India, Amit Shah ji, Union Home Ministry, Narendra Modi ji,
@PMOIndia @AmitShah @AmitShahOffice @HMOIndia  @NitinNabin @rajnathsingh @nsitharaman @nsitharamanoffc @narendramodi

July 25, 2026:
DMK Party Anti-NEET and Anti-Modi Protests, DMK's Anti-BJP politics in the https://t.co/qbkzLCpKKy",IndianTamilVO,Fri Jul 24 23:33:45 +0000 2026,0,0,en
2080797678724890979,"'Up To Centre To Refer': Delhi HC Dismisses PIL Seeking NIA Probe Against CJP Protesters Who Targeted Police 

https://t.co/is1UgT9Uvd https://t.co/7FtejaexUQ",TimesNow,Fri Jul 24 23:30:00 +0000 2026,2,0,en
2080794329417929038,"CJP is offering Air tickets, and money to celebrities to come over to Delhi and participate in the protest.. 
#CJP exposed #cjp_पार्टी #cjp_ही_aap_है #CJParty 
George Soros, and ISI funding these protests..  https://t.co/4jseCNc14g",Sarfarosh_IND,Fri Jul 24 23:16:42 +0000 2026,17,12,en
2080793902118760713,"CJP Jantar Mantar Protest: Centre defends protest videography as Delhi HC hears privacy plea

https://t.co/i3GarZKgbT",dna,Fri Jul 24 23:15:00 +0000 2026,0,0,en
2080782580970930215,"CJP stir: Abhijeet Dipke claims govt kept Sonam Wangchuk detained, says protest will continue until Dharmendra Pradhan quits
https://t.co/fFbBvjLFjj",timesofindia,Fri Jul 24 22:30:01 +0000 2026,7,1,en
2080778079627329617,"@Reuters Thank you world for showing the real picture of India. Mainstream media is sold out or spineless. We common people now depend on you and social media. Keep supporting the #CJP protest at #JantarMantar, New Delhi and across #India #World🙏",spiritneeraj,Fri Jul 24 22:12:07 +0000 2026,42,2,en
2080777104292303264,"MEDIA ALSO BECOMES A TARGET OF PROTEST.
During the CJP protest in New Delhi, demonstrators displayed a banner criticising several television journalists and alleging bias in sections of the mainstream media.
The banner reflected the protesters' views and formed part of the https://t.co/4hlJZ5Rmnh",Kumarjyoti49291,Fri Jul 24 22:08:15 +0000 2026,1,2,en
2080775601288523808,Now the delhi police has started harassing the student who are going to join the protest. @CJP_for_India please chime in this matter and dialogue with delhi police team why they are asking for Instagram id of the students and warning them to get back to home. #cjp_पार्टी #cjp,Shahroz00552817,Fri Jul 24 22:02:16 +0000 2026,0,0,en
2080775531440800182,"This happened in CJP protest in Delhi,,

They all NEET students' sir ?

What kind of speech this ,, educated NEET People's saarh ,
I🤬🤨🤨

Face is blur - bhai go and ask your mother ,

@CellDelhi https://t.co/gyCvKMH5b9",War_crazy44,Fri Jul 24 22:02:00 +0000 2026,1,0,en
2080773317515210921,"CJp protest 400 criminals record found in Jantar Mantar protest. !!!

Delhi Police's FRS identified around 400 people with criminal records in and around the Jantar Mantar protest site between July 20 and July 24, with some suspects also linked to the July 20 vandalism

Source - https://t.co/UCsibpZPWz",War_crazy44,Fri Jul 24 21:53:12 +0000 2026,1,0,en
2080772220524335381,"In CJP NEET protest,,, Already have criminal records person attended to participated the CJP protest

But CJP allegedly said lie to Public - We doing NEET protest for Gen Z , very peaceful protest 

But what CJP did with proofs 👇  in Delhi NEET protest 

FRC can identified all https://t.co/InyElZBGtA",War_crazy44,Fri Jul 24 21:48:50 +0000 2026,0,1,en
2080772175276188055,"@business Thank you world for showing the real picture of India. Mainstream media is sold out or spineless. We common people now depend on you and social media. Keep supporting the #CJP protest at #JantarMantar, New Delhi and across #India #World🙏",spiritneeraj,Fri Jul 24 21:48:40 +0000 2026,7,1,en
2080768806012764184,No Metro: A nightmare for Delhi commuters but Jantar Mantar protesters find a cheat code  https://t.co/cNPDQU4tRD,cornucopiamedia,Fri Jul 24 21:35:16 +0000 2026,0,0,en
2080757173974684126,"A police officer reportedly resigned on the spot during the CJP protest at Jantar Mantar, declaring that he could no longer serve in the Delhi Police. In his remarks, he alleged that the force had acted like ""gundas"" against peaceful protesters. #CJP #JantarMantar #DelhiPolice https://t.co/qSrH52tW78",chikimtoday,Fri Jul 24 20:49:03 +0000 2026,7,3,en
2080756831736189215,"#TMCP will hold a protest march in #Kolkata today following a call by #MamataBanerjee over the alleged police action against #students during a #protest in #Delhi.

#CockroachJantaParty #CJP #NEETIssue #NEETControversy #NEET #jantarmantardehli #JantarMantar #ProtestContinues",abhijitnow,Fri Jul 24 20:47:41 +0000 2026,0,0,en
2080748640763859142,"CJP supporters called off their peaceful sit-in protest near Film City, Noida Sector 16, after reportedly receiving a call from a Delhi Police official.

Read full report.
https://t.co/R0FtDBMlq1

@CPDelhi @DelhiPolice @DCPEastDelhi https://t.co/kppY2cIlXR",Ajournalist00,Fri Jul 24 20:15:09 +0000 2026,0,0,en
2080747406610866652,"AZAD KASHMIR !
This is write by CJPians at Delhi in cjp protest .
Is it relatable to any kind of paper leak?
 kindly enlighten . https://t.co/EPJGJ6qz35",GhorKalyug_hai,Fri Jul 24 20:10:14 +0000 2026,0,0,en
2080746554047205881,"Big Ego Clash in Delhi Police?

Delhi Police has cancelled the leave of all officers and personnel due to the prevailing law &amp; order situation. 

No routine leave has been permitted, and no officer can attend any training or course without the approval of the Commissioner of https://t.co/4mYypaayiA",iAtulKrishan1,Fri Jul 24 20:06:51 +0000 2026,62,17,en
2080746203168588220,"Delhi: On the CJP Protest, NCP(SP) MLA Rohit Pawar says, ""This protest is not a protest of a single person or a single party, it is a protest of the whole of India, the whole of the country. If you look here, people from all ages are coming here, even people aged around 80 years https://t.co/mibIw43sX0",ians_india,Fri Jul 24 20:05:27 +0000 2026,3,1,en
2080746190468169827,"🚨Delhi police detained several people near Sabz Burj and Safdarjung Tomb in the last 24 hours to stop them from going to the CJP protest.

A few among those held up at were minors. One of the cops told a group of three, “we are looking away, why aren’t you going.” 1/n",singhamritaa,Fri Jul 24 20:05:24 +0000 2026,17,8,en
2080744758889324553,"TikTok era is officially back... 💀

The CJP protest turned this guy into an influencer overnight.

His video alone crossed 127+ million views overnight.

Meanwhile, it also made every random cockroach, tiny news channel, and small creator go viral.

At this point, it even made https://t.co/2D1llHQFiE",MrFirozKhan,Fri Jul 24 19:59:43 +0000 2026,3,0,en
2080743800100815212,"BREAKING:  🇮🇳The Cockroach Revolt: India’s Students Turned an Insult Into a Movement.

New Delhi--While capitalist democracies celebrate Indian leaders and draw up trade and military agreements, a deep unrest among young students across India is taking on ominous tones. On https://t.co/v88gw6gHRK",LibertyPinnacle,Fri Jul 24 19:55:54 +0000 2026,0,0,en
2080742990856032650,"▶️ #WATCH | Responding to the CJP's call for nationwide protests, the Students' Federation of India', the student wing of the Communist Party of India Marxist -CPIM staged a protest at the Delhi University Vice Chancellor's office.

Video Courtesy - @SfiDelhi 

#SFI https://t.co/25zu9fd39C",hnpnewz,Fri Jul 24 19:52:42 +0000 2026,7,4,en
2080742471735382148,"Nice job Delhi Police. 2500 criminals identifed in CJP protest. More people are getting tagged and identified everyday. Deny them jobs, Govt. benefits and target them wherever possible. 

https://t.co/tdRIQ5knxG",lexingtondecor,Fri Jul 24 19:50:38 +0000 2026,1,1,en
2080741875297014202,"@samseer_ahamed curious to know..

will you continue the protest every day and night until NEET ban if CJP Delhi protest ends tomorrow?",i_dpk2,Fri Jul 24 19:48:16 +0000 2026,0,0,en
2080741697806557634,Hey @grok give update if CJP protest in delhi ? What  is Sonam Wangchuk's stand? Is CJP's stand is conflicting?,anandshukla6800,Fri Jul 24 19:47:33 +0000 2026,0,0,en
2080739084587430027,The #CJP is just a mouthpiece for a larger geopolitical narrative. Why are these protests only happening in Delhi instead of all over India? Why does the CJP only protest for NEET and not for state-level exams? They are simply using the NEET controversy to gain fame.,OMLordVBS,Fri Jul 24 19:37:10 +0000 2026,0,0,en
2080737453397475587,"@Rusia_HD Modi's military adviser, Lt Gen Rajeev Ghai, vows total suppression of the CJP protest. Delhi streets witness the raw power of state-backed intimidation. 

#IndianMilitary #HumanRights",SiddiquiPk47,Fri Jul 24 19:30:41 +0000 2026,1,1,en
2080734145916088330,"student protest saar f""k off cjp terriost!!Congress leader Mani Shankar brings up Delhi Riots 2020 Key Accused Umar Khalid and Sharjeel Imam from CJP protest stage",ketanwasgod,Fri Jul 24 19:17:33 +0000 2026,0,0,en
2080733850230235516,"'Avoid Notified Areas': Delhi Traffic Cops Issue Advisory Amid Protests
https://t.co/ODAY20eZXO https://t.co/5vXpRs6DCt",ndtv,Fri Jul 24 19:16:22 +0000 2026,36,6,en
2080732591330857417,"Delhi | Jantar Mantar | CJP Protest

One thing that stands out during this CJP protest is that more women than men appear to be using abusive language on camera, and doing so openly. Most of these remarks are directed at the Hindu community. What makes it even more striking, in",mksh_kgp,Fri Jul 24 19:11:22 +0000 2026,1,0,en
2080732387881980210,"This woman at the CJP protest is threatening to turn Delhi into Nepal.  
She looks suspicious.
@DelhiPolice must investigate her links. 
From @erbmjha https://t.co/Xdgdzm5s8u",sanjoychakra,Fri Jul 24 19:10:34 +0000 2026,9,12,en
2080732184827343055,"@MeghUpdates This woman at the CJP protest is threatening to turn Delhi into Nepal.  
She looks suspicious.
@DelhiPolice must investigate her links. 
From @erbmjha https://t.co/78Pmq8rSmM",sanjoychakra,Fri Jul 24 19:09:45 +0000 2026,29,4,en
2080731989926437192,"@NewsAlgebraIND This woman at the CJP protest is threatening to turn Delhi into Nepal.  
She looks suspicious.
@DelhiPolice must investigate her links. 

From @erbmjha https://t.co/kZi2Ti5Wch",sanjoychakra,Fri Jul 24 19:08:59 +0000 2026,6,2,en
2080730527888552400,@DrHafeezDMKoffl It was the hate agenda against vijay in the name of protestors who started all these. Any people's movement should be an inclusive one. I ve seen every vijay fan here in twitter supporting CJP and Delhi protest but it was the chennai crowd who unnecessarily started hate game.,DR_C_Prathap,Fri Jul 24 19:03:10 +0000 2026,3,0,en
2080728559153451513,"@MahuaMoitra is the greatest irony of this protest. The 2016 panel was cancelled after the school recruitment scam. When job aspirants protested, they faced lathi charges and police action. Now she has joined the CJP Delhi student protest, claiming solidarity. What an irony.",0xsushanta,Fri Jul 24 18:55:21 +0000 2026,0,0,en
2080728084366397686,"Videos emerge showing police using increasingly violent methods to stop #India’s student protest movement in the capital, New Delhi. More than 100 students have reportedly been injured, amid claims some were hit by pellet guns.
#CJP
#GenZ
https://t.co/TgUbV830y0",Hazzy_1298,Fri Jul 24 18:53:28 +0000 2026,0,0,en
2080727932516143551,CJP Protest Delhi: Was Pellet Gun Use Justified? Are There Clear SOPs Fo... https://t.co/zRNoKJZ5XL via @YouTube,vrindagrover,Fri Jul 24 18:52:51 +0000 2026,6,1,en
2080725409747120404,"@FrontalForce CJP is no more a student protest but a political protest sponsored by AAP, Congress and other opposition parties. Majority are voters of opposition parties and have Anti social background. Delhi police needs to treat this as Law and Order problem 
@CPDelhi 
@HMOIndia",pras135790,Fri Jul 24 18:42:50 +0000 2026,1,1,en
2080724587386687674,"@DelhiPolice says ""there is no ban on food""? Then explain why you issued an official notice requiring Swiggy, Zomato, and Blinkit to stop deliveries to the protest area. Explain why you cut off electricity and drinking water at Jantar Mantar. Explain why your police intercepted https://t.co/qGsVJpxzdZ",aprajitanefes,Fri Jul 24 18:39:34 +0000 2026,1,0,en
2080723316953027028,"Delhi: Amid the CJP protest near Jantar Mantar, a pizza delivery boy was allegedly surrounded by a crowd at Tolstoy Marg.

A viral video shows people taking pizzas from his bike while the delivery worker was caught in the middle of the chaos. He reportedly suffered an injury to https://t.co/rMHETlndiC",FrustIndian,Fri Jul 24 18:34:31 +0000 2026,202,82,en
2080722957568209376,"Superpower or suppressed power? India's poor are begging, jobless, and homeless. Yet politicians want to rule with arrogance. Will the people's strength win? #ProtestIndia #CJP #CockroachJantaParty #neet #NEET_Se_Bada_LEAK_UPSRLM_रिक्रूटमेंट #Cockroach #delhi #Protest https://t.co/KZYkiuhein",startvsrilanka,Fri Jul 24 18:33:05 +0000 2026,0,0,en
2080721367201468480,"You can shut 17 metro stations and line up barricades across Central Delhi, but you can’t lock down an entire generation asking for basic accountability.

Hundreds on the pavement today at Jantar Mantar. 

#jantarmantar #cjp #delhi #protest https://t.co/mYckCGJb4u",rollingcameraa,Fri Jul 24 18:26:46 +0000 2026,0,0,en
2080719967922856177,"Delhi is hijacked by GenZ 😄🫡..!

#cjp #JantarManatar #protest",therajtripathi,Fri Jul 24 18:21:12 +0000 2026,7,1,en
2080719581833011672,"Feeling ashamed of these #GenG  for their sheer shamelessness. Tr his is absolutely  no protest. Right to freedom of speech doesn't mean, you stoop to vulgarity #cjp #jantarManter #Delhi #sansadmarch https://t.co/jC7SZzTiVt",KrishnaJha_2000,Fri Jul 24 18:19:40 +0000 2026,0,0,en
2080719283219525914,"CJP protest: Supreme Court to take up petitions against ‘excessive’ use of police force on Monday 

@satyastp_satya reports 

https://t.co/lzmZb2bbf1",thetribunechd,Fri Jul 24 18:18:29 +0000 2026,0,0,en
2080718501527064671,"I just remembered Delhi has a CM...!

#cjp #JantarManatar #protest",therajtripathi,Fri Jul 24 18:15:23 +0000 2026,9,2,en
2080718438281232562,"💥MUST READ ARTICLE

@dpradhanbjp Dharmendra Pradhan just a fish - @narendramodi Modithe shark waiting to be netted?*

In the humid July days of 2026, the streets around Jantar Mantar in New Delhi have pulsed with a new kind of energy. What began in May as online satire—the https://t.co/qMhArOZTan",OliverRayi,Fri Jul 24 18:15:08 +0000 2026,0,0,en
2080718383725916441,"One question I’m genuinely curious about is what’s in it for Abhijeet Dipke in this protest? if he gets what he’s demanding, I don’t think he’ll do any ordinary job. So what do you think motivates him?

#delhi #delhi_protest_protest #neet #cjp",dexterof11,Fri Jul 24 18:14:55 +0000 2026,2,1,en
2080716606012067911,"🚨 BIG BREAKING

Delhi Police IDENTIFIED several ""BAD CHARACTERS"" with CRIMINAL records ahead of the CJP protest and took 215 people into PREVENTIVE CUSTODY based on intelligence inputs to PREVENT any law-and-order disruption.",JustIndianFeeds,Fri Jul 24 18:07:51 +0000 2026,0,0,en
2080716431898140807,"Comedy Video Creator Aaryan Kelvin said something on CJP NEET Protest on Jantar Mantar Delhi but he is not aware about full details. So don't take it seriously and otherwise.

#AaryanKelvin #cjp #JantarMantar #NEETStudent #NEETprotest #NEET @AaryannKelvinn https://t.co/LEkpKnDeEF",NitinUploader,Fri Jul 24 18:07:09 +0000 2026,0,0,en
2080714192315908583,"Security personnel stand guard as protesters gather at Jantar Mantar in New Delhi, where the CJP-led agitation continues amid heightened security on 24 July, 2026. Photo : Suraj Singh Bisht/The Print https://t.co/fNUrn8Qydy",diplomattimes,Fri Jul 24 17:58:15 +0000 2026,0,0,en
2080710480369496475,"Lakhs of people gathered in Pune on Friday after the Cockroach Janta Party (CJP) called for a protest rally, with Opposition parties extending support, as the ongoing dissent at Jantar Mantar in New Delhi continues to intensify. The rally, held between 3 pm and 7 pm, began at https://t.co/RmXq31amxY",MaktoobMedia,Fri Jul 24 17:43:30 +0000 2026,61,21,en
2080710264237048025,"@JaipurDialogues @DelhiPolice Delhi Police must take action without hesitation against all those who threatened &amp; abused PM Modi in filthy language,that has nothing todo with CJP protest, they shouldn't go unpunished !!",patilbngr45,Fri Jul 24 17:42:39 +0000 2026,0,0,en
2080709319700726170,"https://t.co/oYHGtHTeZX
BENGALURU: As tens of thousands of young Indians protested in Delhi this week over exam paper leaks and alleged failures in the country's education system, local media reports of signal jammers and internet disruptions around the protest site prompted many",VeracitySteven,Fri Jul 24 17:38:54 +0000 2026,0,0,en
2080707855565656474,"Gen Z Takes to the Streets: Delhi Paper Leak Protest Intensifies

Young voices are once again making headlines as Gen Z protesters gather at New Delhi's Jantar Mantar under the banner of the Cockroach Janta Party (CJP). Demonstrators are demanding the resignation of Education https://t.co/TVhCLQhaf4",youthpakistan7,Fri Jul 24 17:33:05 +0000 2026,0,0,en
2080707609154482485,"#CJP protest: #SupremeCourt to take up petitions against ‘excessive’ use of police force on Monday
Court agreed to take up on Monday two petitions alleging #excessive_use of police force across India against #students protesting against exam paper leaks.
https://t.co/Xvsm1Gbzs3",ashokmalik,Fri Jul 24 17:32:06 +0000 2026,0,0,en
2080707303624343960,"Protest happening 12 km from jamia millia with barely muslims visibility in the protest still delhi police recording the details of innocent muslim students at gate no 2 of jamia millia islamia. 
The struggle just to be a Muslim in india is more brutal than the brutality on CJP.",Muslimpain,Fri Jul 24 17:30:53 +0000 2026,6,2,en
2080706133275394532,"Why Delhi High Court declined to entertain plea seeking NIA probe into CJP protest

Read More:
https://t.co/0ecTGEXzC2",RewatiKaran,Fri Jul 24 17:26:14 +0000 2026,0,0,en
2080704928880939510,"Delhi Metro Rail Corporation announces that 18 Metro stations will be closed from 07:30 AM tomorrow till further instructions 
🪳✊ #CJP Protest #Live Updates ➠ https://t.co/FwYpROQ5pz 📋 https://t.co/hUzAKyN1V0",EconomicTimes,Fri Jul 24 17:21:27 +0000 2026,9,0,en
2080704755085840881,"Kerala Police filed an FIR against 99 people for organizing a protest in support of CJP. No more Death of Democracy, because it happened in Congress ruled state

#CJPProtest https://t.co/vo6rJQ0XVc",Viksit_Delhi,Fri Jul 24 17:20:45 +0000 2026,3,1,en
2080703313553822017,"Congress leader Mani Shankar brings up Delhi Riots 2020 Key Accused Umar Khalid and Sharjeel Imam from CJP protest stage, probably to appease their vote bank

#CJPRiots #CJPProtest https://t.co/9mGjcKOE5a",IndiaStrikes_,Fri Jul 24 17:15:02 +0000 2026,2,0,en
2080702550504800597,"The Delhi Traffic Police has advised ride-hailing, food delivery, quick-commerce, logistics, and e-commerce platforms to regulate operations in areas under Section 163 BNSS restrictions due to the ongoing CJP protest. Emergency services will continue to operate without https://t.co/8odyEgOOl0",TheDailyJagran,Fri Jul 24 17:12:00 +0000 2026,1,0,en
2080701792896328052,"▶️ #WATCH | Mehraj Malik @MehrajMalikAAP, the Aam Aadmi Party's Jammu and Kashmir president and MLA from Doda, extended his support by joining the CJP protest at Delhi's Jantar Mantar after serving an eight month prisonment.

Malik addressed the gathering and said :

➡️ I have https://t.co/10xohBxyxU",hnpnewz,Fri Jul 24 17:08:59 +0000 2026,9,2,en
2080701633940656604,"By injecting politics into the protest and attempting to portray the students movement as one against the #TVKVijay‌ government, those who directed their hostility toward Chief Minister Vijay and the TVK administration have now been exposed by actress @ungalsanam.

At a time when https://t.co/tMbq9CYTEs",chnmharish,Fri Jul 24 17:08:21 +0000 2026,975,261,en
2080701358358065515,"In an interview during the protest at Jantar Mantar, CJP founder Abhijeet Dipke responded to allegations of violence and stone-pelting by supporters. He denied that the protesters had resorted to violence, alleging instead that those involved in the violence were sent by the BJP. https://t.co/RZBadZ3w0i",IndiaToday,Fri Jul 24 17:07:16 +0000 2026,34,6,en
2080701297012179009,"It’s well past noon, and thousands of young men and women, are sitting under the hazy Delhi sun, joining a protest which has been ongoing for quite some time with renewed vigour on Friday after the Cockroach Janata Party (CJP) called for a nation-wide stir to pressure the https://t.co/0rkTiYpUZ7",uniindianews,Fri Jul 24 17:07:01 +0000 2026,1,0,en
2080701159044694328,"Corruption in India-Ki!! chuslims.
Paper leaks in India-Ki!! chuslims.
Pollution in India-Ki!! chuslims.
Poverty in India-Ki!! chuslims.
Covid in India-Ki!! chuslims.
GDP slowdown-Ki!! chuslims. It should be the official Indian policy. #cjp_पार्टी #cjp #Protest #Delhi #Pradhan",Purandar69,Fri Jul 24 17:06:28 +0000 2026,3,3,en
2080700658685247882,"""Sometimes a message crosses borders. This one feels relevant to what's happening in India too.
#JantarMantar
#protest
#StudentsProtest
#IndiaPolitics
#delhi
#NEET
#bjp
#cjp
#cockroach
#abhijeethdipke
#cjp_पार्टी https://t.co/tuZZ8pNSvU",MonikaSkaushik,Fri Jul 24 17:04:29 +0000 2026,0,0,en
2080700430447972769,"So ,  CJP leaders are in ""talks "" with BJP 's ministers  , UP police  detained   family members of Junaid Bhai , who has become  famous for his unconditional support to CJP  ""led "" protest in Delhi  since the beginning  ! Muslims are repeatedly being  targeted more than others !",don_vulpine,Fri Jul 24 17:03:34 +0000 2026,8,1,en
2080699906608476367,"If you hear about anyone from army or paramilitary forces quit in solidarity with Cockroaches led CJP protest at Jantar Mantar Delhi and other places, it is likely to be a fake news.",VGuru123,Fri Jul 24 17:01:29 +0000 2026,0,0,en
2080699853085278545,"My prediction:

 Dharmendra Pradhan will resign tomorrow.

#resign #education #CJP #cjp_पार्टी #cjp #delhi #NEETLeakScam #NEET #neet #protest #TVK #TVKVijayHQ #congress https://t.co/cbwQA2naRi",Amjathpgm,Fri Jul 24 17:01:17 +0000 2026,3,0,en
2080699791827415366,"Delhi Police were just patrolling peacefully at Jantar Mantar, but behind them some protesters were trying to provoke them.

They were chanting ""Delhi Police hay hay,"" and some were even shouting that the police doing a lathi charge, even though they were not.

This is the https://t.co/EwgLd1XrB6",Tejashyy,Fri Jul 24 17:01:02 +0000 2026,2423,445,en
2080699551850414413,The day Karnataka gets BJP government I would love to see the live encounter of Goobear mulla Mohammad madarchod for being terrorist. We will be there. #cjp_पार्टी #cjp #Protest #Delhi #Resignation #pradhan,Purandar69,Fri Jul 24 17:00:05 +0000 2026,1,1,en
2080699298350829769,"Uproar at Delhi's Jantar Mantar: Nihangs warn CJP founder

New Delhi: The atmosphere heated up during the ongoing protest against the NEET Paper Leak at Delhi's Jantar Mantar when Nihangs warned CJP founder Abhijeet Deepak.

The video of this heated debate during the protest is https://t.co/ER2lhDx0J7",Sanatani_spiki,Fri Jul 24 16:59:04 +0000 2026,2,0,en
2080698412400623851,"Film Fraternity stands with students | CJP protest craw celebrity reactions

#StudentProtest #Education #Delhi #JantarMantar #NEETPaperLeakCase #NewsToday | @sardesairajdeep https://t.co/sdKtbnNnlP",IndiaToday,Fri Jul 24 16:55:33 +0000 2026,4,0,en
2080698384478843082,"Pakistan sponsored Khalistan terrorist group Sikhs for Justice (SFJ) — designated an unlawful association in India — has publicly announced $1 million in support for the CJP protest campaign.

SFJ chief Gurpatwant Singh Pannun, himself designated an individual terrorist, tied the https://t.co/pOXhOTOuCz",INSIGHTUK2,Fri Jul 24 16:55:27 +0000 2026,58,27,en
2080697365472875001,"Attention to this news ! 
While govt "" negotiating "" with CJP leaders in Delhi  , crack down is going on student organizers  in Bihar ! 

Yesterday, Bihar police fired 30 rounds of fire at the student protest in Jehanabad ! Talk more about Bihar !",don_vulpine,Fri Jul 24 16:51:24 +0000 2026,18,8,en
2080696568265511417,"47 NTA officials sacked amid nationwide student protests, more cleanup to follow https://t.co/1CENnp6TSV",CarlEdwinNxumal,Fri Jul 24 16:48:14 +0000 2026,0,0,en
2080696251625111928,"ACTION HAS STARTED MUCH BEFORE THAN ANTICIPATED🔥

Delhi Police has Identified 215 ""Bad Characters"" with Criminal records heading to join CJP protest &amp; have taken them into PREVENTIVE CUSTODY based on intelligence inputs to prevent any law &amp; order disruption.

Dipke must stay",MumbaichaDon,Fri Jul 24 16:46:58 +0000 2026,1104,326,en
2080695996368224538,"@archanakra @DelhiPolice Rather you should sent message to protestors, tag CJP guys and tell them not to instigate students in Delhi and avoid free food for peaceful protest.",sumitsavant,Fri Jul 24 16:45:57 +0000 2026,0,0,en
2080695961995857937,"🚨 Delhi Police used facial recognition at the CJP protest in Jantar Mantar.  

Sources say the system flagged 200+ wanted criminals who visited the site, many allegedly there to create violence.  

Police have registered multiple FIRs and are checking over 300 videos.  

The",InsightRadarX,Fri Jul 24 16:45:49 +0000 2026,72,19,en
2080695943356420547,Delhi High Court rejects PIL Seeking NIA Probe into CJP Protest at Jantar Mantar in New Delhi. https://t.co/FnMWGh6rJJ,AvinashKS14,Fri Jul 24 16:45:45 +0000 2026,0,0,en
2080695613881254043,"No food, no water? #DelhiPolice advisory asks app-based mobility, food delivery, quick-commerce and logistics companies to regulate or suspend services in #JantarMantar area, #CJP says govt wants to 'lay siege' to student protest site
https://t.co/suJPXuFB9H",NH_India,Fri Jul 24 16:44:26 +0000 2026,4,3,en
2080695251392766441,"‘30 pellets still inside my body’: Journalist hurt in CJP protest seeks compensation
https://t.co/aLDOCuY6en",plumbermushi,Fri Jul 24 16:43:00 +0000 2026,0,0,en
2080694330625581112,"Rahul Gandhi presents injured student protester, demands action over alleged pellet gun use
#cjp_पार्टी #PelletGun #RahulGandhi #CJPProtest 
https://t.co/POdjQEyMR2 #genzprotest",mathrubhumieng,Fri Jul 24 16:39:20 +0000 2026,0,0,en
2080693392284193081,"#Delhi NCR #protest #jantarmantarprotest
24/07/2026 #varal video #cjp https://t.co/x92LBCM4ba",ZahidAli786086,Fri Jul 24 16:35:36 +0000 2026,2,0,en
2080693155901669402,"#Delhi NCR #protest #jantarmantarprotest
24/07/2026 #varal video #cjp https://t.co/9DEMIEcGPZ",ZahidAli786086,Fri Jul 24 16:34:40 +0000 2026,1,0,en
2080692734315438221,"REPOST AS MUCH AS YOU CAN! 🇮🇳

🇮🇳The brutality and propaganda tactics of the Modi government and Delhi Police know no limits. Here is a list of everything they have done so far to crack down on the student protest.

- Using facial recognition systems to identify protesters in",TimelineWarsX,Fri Jul 24 16:32:59 +0000 2026,23,18,en
2080692477485564388,"Pellet gun controversy at the CJP protest | Protesters allege a pellet gun attack, while Delhi Police deny using pellet guns.

Who is accountable for the pellet injuries?

Tune in for more in this report.

#NEETPaperLeakCase #StudentProtest #Education #Delhi #JantarMantar https://t.co/obXZrrrNDc",IndiaToday,Fri Jul 24 16:31:58 +0000 2026,12,5,en
2080691254854353380,"'Govt sought time till tomorrow to decide on #DharmendraPradhan's resignation', CJP after meeting Union ministers

A meeting was held between Union Ministers #JPNadda (@JPNadda) and Dr Jitendra Singh (@DrJitendraSingh), and #CJP chief spokesperson #SauravDas (@SauravDassss) and https://t.co/dMvp5VNtwy",LokPoll,Fri Jul 24 16:27:07 +0000 2026,18,1,en
2080691013061153104,"Observations at CJP protest today around 4:30 PM: 

1- Hundreds of people are just walking in and out at all times. 
2- Generally the crowd is just chilling, bunking school/college for feels. 
3- There are clusters of the serious protesters who are raising slogans. 
4- That neem https://t.co/bwEj6b4sSv",ilah108,Fri Jul 24 16:26:09 +0000 2026,720,79,en
2080690847830704495,"2017 January : Jallikattu Protest. Tamilnadu m

2026 July : Cockroach Gen'zs Protest against NEET. New Delhi. 

Merely 10 years. 

Nothing changed. 

Fcuk you BJP, RSS, the coward TVK Chief &amp; his idiotic tharkuris. 

#NEETLeakScam
#CJP",KaadhaleAadhal,Fri Jul 24 16:25:30 +0000 2026,3,2,en
2080690707862609940,@GabbbarSingh People were literally abusing CJP protest from Chawri Bazar to new Delhi Railway station. Many of them have missed the train.,avi_77889900,Fri Jul 24 16:24:56 +0000 2026,0,0,en
2080690391020667123,"▶️ #WATCH | Spokesperson of CJP Saurav Das and Ashutosh Ranka briefed the media regarding meeting with BJP leadership i.e JP Nadda Jitendra Singh. 

They answered the questions raised by the media.

➡️ They have given a time for the next meeting tomorrow at 3:30 or 4 o'clock. We https://t.co/K2GBELQnOf",hnpnewz,Fri Jul 24 16:23:41 +0000 2026,30,7,en
2080689886382752253,"Delhi halts food deliveries at CJP protest site, shuts Metro stations, but crowds keep growing https://t.co/G7DuqXGLtV",FinancialXpress,Fri Jul 24 16:21:40 +0000 2026,0,0,en
2080689563216007562,"What does midnight at a Cockroach Janta Party protest look like in Delhi? 

We’ll be back tomorrow as we wait to see what happens to the CJP’s key demand, the education minister’s resignation. 

The PM has promised fast-track courts to hold those responsible for exam leaks https://t.co/FinO4gtCqp",Azadeh_Moshiri,Fri Jul 24 16:20:23 +0000 2026,113,31,en
2080688554938978598,"Delhi: On the CJP protest, CPI leader Annie Raja says, ""The movement has support from across the country, from Kashmir to Kanyakumari and from the Northeast to Gujarat. People are coming, especially young people and students. A very serious crime has taken place, and after that https://t.co/d9vJkwqm0B",ians_india,Fri Jul 24 16:16:23 +0000 2026,1,0,en
2080686706202947970,"@actorvijay 
Rangaraj Pandey Latest Interview On CJP Protest | PM Modi | Delhi | Abhi... https://t.co/xqoEWMcRHJ via @YouTube",raviraja5050,Fri Jul 24 16:09:02 +0000 2026,0,0,en
2080685259205820587,"Delhi Police officers must exercise restraint and act responsibly while dealing with student protests.

Any allegations of excessive force, misconduct, or inappropriate treatment of women protesters should be properly documented and addressed through lawful and transparent",vishramina,Fri Jul 24 16:03:17 +0000 2026,0,0,en
2080684226136137960,"Humble request to our corrupt education minister @dpradhanbjp 🙏😂

#JantarMantar #Delhi #cjp #protest #education https://t.co/YBF4Lpdpc8",vishramina,Fri Jul 24 15:59:11 +0000 2026,0,0,en
2080683973936902254,"While the unemployed Cockroaches were attending the CJP and abusing the PM, NEET student and AIR 2nd rank Piyush Bansal was studying hard. 

He says, ""I thought of the situation as an opportunity to improve my score. So I thought, why should I go to the protest ? Instead, I could https://t.co/TIIcl71RWj",PoornimaNimo,Fri Jul 24 15:58:11 +0000 2026,258,97,en
2080682632652931407,"All Wine and Liquor shops are closed after 8 PM in Delhi due to this so called protest.

Is something planned ? Or just a safety &amp; security measure?

#CJP #NEET #SonamWangchuk",sud2rock,Fri Jul 24 15:52:51 +0000 2026,1,1,en
2080682321678836194,"Foodbandi: Akhilesh Yadav on cops' food-delivery ops advisory near Jantar Mantar

Read more:
https://t.co/2ZnhYeqO7P

#JantarMantar #NEETProtest #DelhiProtest #YouthMovement #YouthProtesters https://t.co/AsW80BlSVq",IndiaToday,Fri Jul 24 15:51:37 +0000 2026,2,2,en
2080681839019090143,JANTAR MANTAR │ CJP │ DELHI LIVE NEWS │ GEN Z PROTEST │ VIRAL VIDEO │ ST... https://t.co/JxODogwLWX via @YouTube,mian_haque73423,Fri Jul 24 15:49:42 +0000 2026,0,0,en
2080681731460595752,Huhh that shows they are not in the mood of taking resignation from pradhan @abhijeet_dipke @AshutoshRanka @SauravDassss @Abhinav_Pan @ajitanjum #Neet #CJP #cjpprotest #jantarmantar #RahulGandhi @Cockroachisback #Protest #Mumbai #Delhi,himanshug_24,Fri Jul 24 15:49:16 +0000 2026,1,0,en
2080681087945343181,"🚨 #StudentMovement SPREADS ACROSS INDIA! | 🚨 #StudentMovement पूरे भारत में फैल रहा है! 🇮🇳

As #GenZProtest gains momentum beyond Delhi, fresh demonstrations are emerging across states while the #CentralGovernment seeks more time on the demand for #DharmendraPradhan's https://t.co/oC9rsjoMLN",Gyan_Junction,Fri Jul 24 15:46:43 +0000 2026,0,0,en
2080680050912030772,"Vijay Prashad on CounterPunch:

“The protesters call themselves the Cockroach Janta Party (CJP). The name arose after a derogatory judicial remark compared activists and unemployed young people to cockroaches and parasites. Rather than retreat before the insult, the young turned",libbyliberalnyc,Fri Jul 24 15:42:35 +0000 2026,3,2,en
2080679885186445404,"@zoo_bear @onkeyta_ They needed a forged letter to smear the CJP protest; the food-snatch needed only a phone camera. Delhi Police on tape, walking off with the strikers' food. Modi calls the youth's future sacred while his cops raid its plate. Farzi letter, asli masterstroke. https://t.co/I4aTfX1w5d",56inch_dhobi,Fri Jul 24 15:41:56 +0000 2026,2,0,en
2080679617078468909,"Left #Students Organisations, joined by members of the Cockroach Janta Party (#CJP ), held a massive protest rally in #Kolkata on Friday,  demanding the resignation of Union Education Minister Dharmendra Pradhan, over the alleged repeatedly NEET paper leaks [#NEETpaperleaks] and https://t.co/j5H5wcpSs5",jsuryareddy,Fri Jul 24 15:40:52 +0000 2026,13,6,en
2080678734848467289,"GenZs concerned about being profiled by Delhi Police in the CJP protest, leading to no job offers needn't worry.
Your amazing knowledge levels, respect for societal norms, colourful language &amp; sense of entitlement will ensure that you get no job offers to begin with.",ApoorvMisra,Fri Jul 24 15:37:22 +0000 2026,0,0,en
2080678492874915915,"@iAtulKrishan1 This is huge if the FRS data holds up.

250 wanted criminals showing up at the CJP protest site to create a riot-like situation is extremely serious. Peaceful student protests shouldn’t become cover for elements looking to fuel violence.

Looking forward to the full expose with",priyank_pb,Fri Jul 24 15:36:24 +0000 2026,0,0,en
2080677976111460743,"CJP Protest: Delhi Police Asks Swiggy, Blinkit, Uber &amp; Others To Limit Services In Restricted Areas

https://t.co/lFFE9touvD",TimesNow,Fri Jul 24 15:34:21 +0000 2026,61,11,en
2080675587027611954,"Nisarga Adhikary, the 19-year-old cybersecurity researcher whose disclosures about CBSE's On-Screen Marking (OSM) portal fed into this year's series of controversies around exams, on Friday join at the Cockroach Janata Party (CJP) protest at Jantar Mantar in Delhi.
#CJPProtest https://t.co/WYan58iLx5",yadavrinku2025,Fri Jul 24 15:24:51 +0000 2026,1,0,en
2080675479183618492,"Jantar Mantar Protest Live Updates: Centre airlifts 10 more CRPF companies to amp up security in Delhi

https://t.co/gK8cJm5tQS",moulync,Fri Jul 24 15:24:25 +0000 2026,3,3,en
2080675299445100648,BIG BULLITEN | Center Government | CJP Protest | Sonam Wangchuk Hunger Strike | Congress Delhi Protest | Rahul Gandhi | AAP Protest | PM Narendra Modi | Dharmendra Pradhan | DR GURPREET KAUR | CM Bhagwant Mann|punjab government schemes | women schemes in punjab  #CenterGovernment https://t.co/RPAv8uoSqo,LiPunjab,Fri Jul 24 15:23:43 +0000 2026,0,0,en
2080673657102418430,"Peaceful Protest and Civil Liberties Under Scrutiny
https://t.co/inBEniLDDH

Amnesty International has expressed concern over the Delhi Lieutenant Governor's decision to invoke powers under India's National Security Act (NSA).
 
According to Amnesty, the NSA permits preventive",AimPoojaind,Fri Jul 24 15:17:11 +0000 2026,0,1,en
2080673403233767901,"‘30 pellets still inside my body’: Journalist hurt in CJP protest seeks compensation
https://t.co/vBO9H1pspu",poonamjourno,Fri Jul 24 15:16:11 +0000 2026,111,39,en
2080672616797352114,"#WATCH | Delhi: On CJP protest in Kolkata, BJP WB President Samik Bhattacharya says, ""... The CPM has no presence in West Bengal today. After ruling for 34 years, the people have rejected it, and it is no longer seen as a relevant political force. Many are not even aware whether https://t.co/VUlwrGZ76B",ANI,Fri Jul 24 15:13:03 +0000 2026,201,20,en
2080672517803642908,"CJPயின் நோக்கம் என்ன?

#cjp#BJP4IND#BJPGovernment#DelhiPolice#delhi#SonamWangchuk#protest#JantarMantar https://t.co/SBbTFvjWzg",TAMIZHIANPULSE,Fri Jul 24 15:12:39 +0000 2026,0,0,en
2080670816866627905,"The Cockroach Janta Party (CJP) on Friday hardened its stand in talks with the Centre, declaring that Education Minister Dharmendra Pradhan's resignation remains a non-negotiable demand and warning that protests over the NEET paper leak would intensify if its demands are not met. https://t.co/xbCcTR3UU4",TeamNewsfy,Fri Jul 24 15:05:54 +0000 2026,5,1,en
2080670651707449421,"CJP spokesperson Saurav Das said the organisation will launch a website where injured protesters and those alleging police assault can upload details and pictures.

#CJP #SauravDas #Modi #JantarMantar #Protest #Delhi #AbhijitDeepak #Darar #BJP @CJP_for_India @CJP_2029 @CJP_2026_ https://t.co/jt6YoiIaAx",NewsTrail_India,Fri Jul 24 15:05:15 +0000 2026,1,0,en
2080669470469804033,"Delhi Police IDENTIFIED several ""BAD CHARACTERS"" with CRIMINAL records ahead of the CJP protest and took 215 people into PREVENTIVE CUSTODY based on intelligence inputs to PREVENT any law-and-order disruption.",SanjayC75784056,Fri Jul 24 15:00:33 +0000 2026,0,0,en
2080669158858162482,"Ikshana is not Delhi Police’s only surveillance tool at Jantar Mantar’s protest site. Read my story to know how the police is surveilling the protesters. 

✍🏻 @ThePrintIndia 

https://t.co/ss3esDpEG6",AlishaDutta_AD,Fri Jul 24 14:59:19 +0000 2026,14,4,en
2080668562252070994,"Chief Justice of India Surya Kant said he was ""misquoted"" in media reports amid the CJP protest controversy, reiterating that the Supreme Court is open to all and never refuses to hear cases, while stressing that judicial procedures must be followed.

Read more: https://t.co/9tmVSqox7n",IndiaToday,Fri Jul 24 14:56:56 +0000 2026,2,0,en
2080668398216974566,"Crackdown on NEET Paper leak Mafia and Riots at CJP Protest

While Sonam Wangchuk has ended his hunger strike after UM JP Nadda and Dr Jitendra Singh visited him at the hospital, CJP leader Abhijeet Dipke has announced that until Dharmendra Pradhan resigns the protest will https://t.co/2ghpFRbyS8",IndiaStrikes_,Fri Jul 24 14:56:17 +0000 2026,6,3,en
2080667677945954388,"- 3rd round of talks with the CJP guys tomorrow.
- NTA being overhauled.
- Neet suicides being compensated.
- Fast track courts announced.
- Pradhan still stays.

Why this govt will survive, coz they know when to swallow their pride, they know if they stay put, eventually the",GabbbarSingh,Fri Jul 24 14:53:26 +0000 2026,3083,279,en
2080667232418611559,"@HamidMadBoi @MattooShashank Number of deaths in CJP delhi protest: 0

Number of deaths in POK protest: 
42 civilians , 22 soldiers , 27 from police.
😂 https://t.co/5505B4WVAI",Nice1733286,Fri Jul 24 14:51:39 +0000 2026,1,0,en
2080666554782662828,"Here's the truth behind the viral video claiming to show a woman alleging that her son died during the CJP protest in Delhi: https://t.co/cba4wyIFGm

To verify such claims, send them to us on our WhatsApp tipline at +919999499044.",NewscheckerIn,Fri Jul 24 14:48:58 +0000 2026,2,2,en
2080666355440013456,"Global media’s Delhi bulletin: CJP protest a ‘Gen Z affair’, lays bare ‘limits of propaganda’ 

Vidhi Bhutra @VidhiBhutra reports 

ThePrint #GlobalPulse 

https://t.co/bsFZdIWMoH",ThePrintIndia,Fri Jul 24 14:48:10 +0000 2026,2,0,en
2080666226674774516,"Right to privacy claims at protest site ironic: Centre opposes PIL in Delhi High Court on surveillance of CJP protests

Read here: https://t.co/144x2H09tS

@CJP_for_India https://t.co/ZBiab1LckK",barandbench,Fri Jul 24 14:47:40 +0000 2026,10,6,en
2080666193372094627,"CJP Representatives Conclude Talks with Union Ministers, Reiterate Demands.

Following talks with Union Ministers, CJP representatives said they placed three key demands before the Centre.
According to the representatives:

The Centre responded positively to two of the three https://t.co/suFHwYqRVT",DigiPrimeNews,Fri Jul 24 14:47:32 +0000 2026,0,0,en
2080665724000039179,"Team Sumi Kiphimi Kuqhakulu Delhi (Sumi Students' Union Delhi) joined the student protest at the CJP protest site, Jantar Mantar, Delhi, in solidarity with the protesters, demanding a fair investigation into the exam paper leaks and justice for the students who died by suicide. https://t.co/WNBFLJ83X0",WeTheNagas,Fri Jul 24 14:45:40 +0000 2026,10,2,en
2080665457942818841,"Srinagar, Jammu and Kashmir: On the CJP protest, Chief Minister Omar Abdullah says, ""...Sonam Wangchuk has called off her protest, but the youth have not withdrawn theirs. Now, will the Central Government accept her demand or not? If not, how long will this continue? That will be https://t.co/NHBgzHrLeF",ians_india,Fri Jul 24 14:44:36 +0000 2026,2,0,en
2080665171362771091,"Areas Where the Central Government Could Have Handled the NEET-CJP Protests Better:

1. The concerns raised should have been addressed at a much earlier stage instead of allowing the issue to continue for several days.
2. The government should have anticipated large-scale",jayanth_updates,Fri Jul 24 14:43:28 +0000 2026,1,1,en
2080664272926019853,"Look at this chewtiya, when real students protest about NEET, it goes smooth without an hooligans creating ruckus and damaging public property. What happened in Delhi is responsibility of 3 idiots - so arrest Dickpe, Das and Dahiya along with their CJP goons.",Sandeep91723043,Fri Jul 24 14:39:54 +0000 2026,0,0,en
2080662730944782737,"Is Kolkata Police taking a cue from their Delhi counterparts ? Today, police personnel deployed in the protest march in Kolkata, called by CJP &amp; Left students unions, were being spotted without their name badges. https://t.co/pIkCu6VHeK",PhysicsArnab,Fri Jul 24 14:33:46 +0000 2026,57,17,en
2080662545468387725,"The Delhi HC refused to hear a plea seeking the National Investigation Agency probe into the CJP protest and the “Sansad Chalo"" march held on July 20.

The court observed that ordering an NIA investigation falls within the Centre’s domain and not that of the judiciary. - 1/4",png60,Fri Jul 24 14:33:02 +0000 2026,0,0,en
2080662380288319590,"Chikkaballapur: Congress General Secretary (Organisation) K.C. Venugopal said the country has only one demand: the resignation of  Education Minister Dharmendra Pradhan. He also called for an inquiry into the Delhi Police's actions during CJP Protest, withdrawal of cases against https://t.co/uSk9AoDMV1",DynamiteNews_,Fri Jul 24 14:32:22 +0000 2026,0,0,en
2080661688475377811,"@jack The Bitchat takedown was about timing, not the tech.
Delhi has seen repeated internet suspensions around the CJP protest sites since July 20. Protesters switched to Bluetooth mesh apps to keep coordinating. I4C’s order hit GitHub on July 23; GitHub complied.",urssiddhu,Fri Jul 24 14:29:38 +0000 2026,2,0,en
2080661075343847494,"Right to privacy claims at protest site ironic: Centre opposes PIL in Delhi HC on surveillance of CJP protests

report by @prashantjha996 

https://t.co/144x2H09tS",barandbench,Fri Jul 24 14:27:11 +0000 2026,30,9,en
2080661001054339073,"In this special report by Senior Special Correspondent Kanu Sarda (@sardakanu_law), former Delhi Police Commissioner Rakesh Asthana reflects on the lessons from the ongoing Jantar Mantar protests in New Delhi. Drawing on decades of policing experience, he argues that effective https://t.co/YgvSx2jTD7",TheWeekLive,Fri Jul 24 14:26:54 +0000 2026,0,0,en
2080660989889085737,Delhi High Court rejects PIL Seeking NIA Probe into CJP Protest at Jantar Mantar in New Delhi.,Devrajjoshi1947,Fri Jul 24 14:26:51 +0000 2026,0,0,en
2080659715776745786,"(ANALYSIS/@vishalarora_in) A huge, leaderless crowd of protesters has been gathering at Connaught Place in Delhi alongside the organized Cockroach Janta Party protest at a designated site at Jantar Mantar. By July 23, it looked at least four times the size of the CJP protest.",ReligionMag,Fri Jul 24 14:21:47 +0000 2026,1,1,en
2080658348027064608,"Mamata Banerjee will join CJP protest from next week in Delhi 

She should start indefinite fasting now 

@MamataOfficial do it 😹😹",bong_politics,Fri Jul 24 14:16:21 +0000 2026,393,28,en
2080658230720741771,"Anjali , an AISA activist and Delhi University student who has been part of the CJP protest since its early days, shares her account of the Parliament March and the events that followed. She describes the police response during the march, the injuries she says she sustained, and https://t.co/aU9pFlSxR8",DeKoderAI,Fri Jul 24 14:15:53 +0000 2026,164,51,en
2080657540044742692,"VIDEO | Delhi: Addressing the gathering at the CJP protest at Jantar Mantar, TMC leader Mahua Moitra says, ""The first day we came here, we told you that no politician could fight this battle because it is your battle, and only you can fight it. And you showed everyone that you https://t.co/0j2v23Rzlm",PTI_News,Fri Jul 24 14:13:08 +0000 2026,676,166,en
2080657378513707407,"I just heard a Genz say that the tear gas thrown on them on the famous 20th July attack was not expired, they were late in protesting! 😂
This #GenZ is killing it and how🤣

#jantarmantar #protest #delhi #cockroaches #cjp",parulnagpal,Fri Jul 24 14:12:30 +0000 2026,4,0,en
2080657245780721692,"VIDEO | Delhi: Addressing the gathering at the CJP protest at Jantar Mantar, TMC leader Kalyan Banerjee says, ""The people who are fighting are our nation's youth. We all stand by them in this fight. The issue at hand is the NEET paper leak, and as for your movement, we are https://t.co/vefYjhao2Q",PTI_News,Fri Jul 24 14:11:58 +0000 2026,353,76,en
2080657154529456404,"Talks continue as student protest representatives meet the Centre. 🇮🇳

Cockroach Janta Party (CJP) spokespersons Ashutosh Ranka and Saurav Das met Union Ministers JP Nadda and Jitendra Singh on Friday during the second high-level meeting between the Centre and representatives of https://t.co/rvkxjd1vLw",KalamCenter,Fri Jul 24 14:11:37 +0000 2026,15,1,en
2080656886798663770,"Amazing 😀😁👍
Protest against CJP 
Chanting- I stand with Delhi police 💓
How many Bollywoodians, liberals &amp; urban naxals will stand by them ?? 
None...as they can only stand with terrorists &amp; Gundas.. https://t.co/h6yJx5odGk",RajeswariAiyer,Fri Jul 24 14:10:33 +0000 2026,29,11,en
2080656506060767691,"🚨 BIG BREAKING

Delhi Police IDENTIFIED several ""BAD CHARACTERS"" with CRIMINAL records ahead of the CJP protest and took 215 people into PREVENTIVE CUSTODY based on intelligence inputs to PREVENT any law-and-order disruption.",MeghUpdates,Fri Jul 24 14:09:02 +0000 2026,5309,1119,en
2080656245774770390,"Sometimes the government doesn't respond.
Sometimes it goes quiet when the protest erupts.

There is always a reason.

To understand it, you have to travel 3000 years back.

Jarasandha attacked Mathura 17 times.
Krishna destroyed his army every time.

But he spared Jarasandha. https://t.co/dnYZ3EoZEP",md_deepesh,Fri Jul 24 14:08:00 +0000 2026,253,126,en
2080656198282645723,"CCTV footage shows protesters jumping off police barricades during the July 20 protest march to Parliament in New Delhi
.
.
.
.
#CJP #SansadChalo https://t.co/b2kWJSD3va",WIONews,Fri Jul 24 14:07:49 +0000 2026,4,3,en
2080655842941243837,"New Delhi: Sanatan Pandey, Samajwadi Party MP from Ballia, reached Jantar Mantar to extend his support to the ongoing CJP protest and strongly criticised the BJP. Watch his exclusive interview with Dynamite News to know what he said about the agitation and the government’s https://t.co/XcxMXlwyLW",DynamiteNews_,Fri Jul 24 14:06:24 +0000 2026,0,0,en
2080655552821252141,"CCTV footage shows protesters pelting stones and vandalising a police van during the July 20 NEET protest at Janpath Metro Station near Jantar Mantar in New Delhi
.
.
.
.
#CJP #JantarMantar #Janpath https://t.co/f4M4uc1VgP",WIONews,Fri Jul 24 14:05:15 +0000 2026,26,12,en
2080654893006909699,"#CockroachJantaParty Vows Legal Action Against #DelhiPolice, #RAF Over July 20 Crackdown

Cockroach Janta Party (#CJP) founders #AbhijeetDipke and #SaurabhDas held a press conference, strongly condemning the alleged actions of the Rapid Action Force (RAF) and Delhi Police during https://t.co/AaAOSm2xYU",Bavazir_network,Fri Jul 24 14:02:37 +0000 2026,1,1,en
2080654575993004289,"How dare you threaten a University?
Police to take stringent measures against individuals found directly involved in violence, rioting, damaging public property during protests at Jantar Mantar  Initiating proceedings to cancel the passports
https://t.co/rDy6D2P4S4",ShirshenduG80,Fri Jul 24 14:01:22 +0000 2026,0,0,en
2080654476118249813,"How dare you threaten a University?
Police to take stringent measures against individuals found directly involved in violence, rioting, damaging public property during protests at Jantar Mantar  Initiating proceedings to cancel the passports
https://t.co/9rytWgaHhI",Shiri8580,Fri Jul 24 14:00:58 +0000 2026,0,0,en
2080654448494596203,"@RahulGandhi How dare you threaten a University?
Police to take stringent measures against individuals found directly involved in violence, rioting, damaging public property during protests at Jantar Mantar  Initiating proceedings to cancel the passports
https://t.co/9rytWgaHhI",Shiri8580,Fri Jul 24 14:00:51 +0000 2026,0,0,en
2080654361462771818,Ek Akela Modi sabke uper bhaari hai..A midnight video message from Prime Minister Narendra Modi has emerged as a key moment in the ongoing CJP protest in Delhi and the debate around NEET 2026 paper leak allegations 💯 https://t.co/NuEg6S563k,Itsmahicasm1,Fri Jul 24 14:00:31 +0000 2026,17,6,en
2080653722989060395,"New political perceptions across states in the Delhi protest.

UP Samajwadi Party Dimple Yadav's presence at the Jantar mantar has left a positive perception on the party's approach.

In Mumbai, Aditya thakarey seems to lead the march of younsgters.

In Tamil Nadu, TVK missed a",rahsherry,Fri Jul 24 13:57:58 +0000 2026,0,0,en
2080653083194052965,"Kapil Sibal Seeks Independent Probe Into Delhi Police Action During CJP Students’ Protects

https://t.co/hKUpz03m4B https://t.co/h5aNjilyAa",DesiKaanoon,Fri Jul 24 13:55:26 +0000 2026,0,0,en
2080652458695795017,"Police Conduct Searches in Connection with CJP Protest Violence. 

Videos showing police visiting the homes of suspects linked to alleged violence during the CJP protests are circulating widely on social media. According to reports, police are collecting fingerprints and https://t.co/4UEb8vsb6U",DigiPrimeNews,Fri Jul 24 13:52:57 +0000 2026,0,0,en
2080651938887323871,"A day after Sonam Wangchuk ended his 26-day hunger strike, the protest at Delhi's Jantar Mantar continues.

Protesters remain gathered at the site, as the CJP presses ahead with its demands, including the resignation of Union Education Minister Dharmendra Pradhan.

#JantarMantar https://t.co/nDx60jDInL",DeccanHerald,Fri Jul 24 13:50:53 +0000 2026,3,1,en
2080651679775826360,"CJP Protest: Delhi Police has released CCTV footages showing incidents of stone pelting &amp; vandalism at multiple locations across the national capital during the July 20 protest. 

The videos capture damage to public property and clashes at several sites. https://t.co/48XbTuGcYd",kumarsubodh_,Fri Jul 24 13:49:51 +0000 2026,0,0,en
2080651649383813427,"A day after Sonam Wangchuk ended his 26-day hunger strike, the protest at Delhi's Jantar Mantar continues.

Protesters remain gathered at the site, as the CJP presses ahead with its demands, including the resignation of Union Education Minister Dharmendra Pradhan.

#JantarMantar https://t.co/2Yu78gVj4u",DeccanHerald,Fri Jul 24 13:49:44 +0000 2026,2,0,en
2080651340196528157,"After Delhi University, JNU has advised students and staff to avoid Jantar Mantar, where the Cockroach Janta Party is protesting over the NEET paper leak and other issues. The university also warned about responsible social media use.

https://t.co/bgcG0dtB5M",TelanganaToday,Fri Jul 24 13:48:30 +0000 2026,0,0,en
2080651122042368392,"@FltLtAnoopVerma To dismantle CJP protest.
1. Send gundas to beat the protester
2. All transport were shut down forcefully
3. Metro is closed
4. Tandav by Delhi Police.
5. 21 student died by suicide
6. Women were assaulted at protest site.
7. Till date Modi  didn't forced DP for resignation.",MrinalSinha3678,Fri Jul 24 13:47:38 +0000 2026,0,0,en
2080651027737670031,"Delhi: Uttarakhand Police constable Sher Singh reached Jantar Mantar and announced his support for the student movement. He claimed to have submitted his resignation to CJP leader Abhijeet Dipke. During the gathering, he openly expressed his support for the protesting students. https://t.co/aEKxLpjeHA",InvestMoneyMag,Fri Jul 24 13:47:16 +0000 2026,0,0,en
2080650462672429446,"Delhi Police used AI-powered cameras, facial recognition systems, and video analytics to identify individuals involved in the violent clashes during the July 20, 2026, CJP (Cockroach Janta Party) protest march towards Parliament. 
Surveillance and Investigation Method
AI and Faci https://t.co/ib4eyLGSs2",BollyWindow,Fri Jul 24 13:45:01 +0000 2026,0,0,en
2080650427553775653,"Defiance, demands, deadlock | India Today's @PreetiChoudhry speaks to @abhijeet_dipke from the CJP protest site at Jantar Mantar.

Listen in.

#NEETPaperLeakCase #StudentProtest #Education #Delhi #JantarMantar #TTP https://t.co/FiKlsrz8p5",IndiaToday,Fri Jul 24 13:44:53 +0000 2026,1,2,en
2080649512591442111,"@RSSorg @BajrangDalOrg @VHPDigital should create anti CJP protest in Delhi but where is young brigade of @BJP4India 
@NitinNabin",satishpand31161,Fri Jul 24 13:41:15 +0000 2026,1,1,en
2080649175050731522,"Protest, defiance, showdown | India Today inside the CJP protest epicentre 

@PreetiChoudhry brings you details from ground zero

#NEETPaperLeakCase #StudentProtest #Education #Delhi #JantarMantar #TTP https://t.co/FZOvXlGgnf",IndiaToday,Fri Jul 24 13:39:54 +0000 2026,3,1,en
2080648912294326765,"Govt supports plea seeking NIA probe into CJP protest, Delhi High Court refuses to entertain it 

Ruchi Bhattar @ruchichic reports 

#ThePrintLaw 

https://t.co/mIAfpVQiPQ",ThePrintIndia,Fri Jul 24 13:38:51 +0000 2026,3,2,en
2080648870007349566,"Rahul Gandhi accuses Centre of denying pellet use during CJP protest, demands action   KNOW MORE:  https://t.co/kDLzWgmqtH

@RahulGandhi @CJP_2029 

Rahul Gandhi alleges pellet use during the CJP protest in Delhi and demands accountability over injuries suffered by students,",yespunjab,Fri Jul 24 13:38:41 +0000 2026,0,0,en
2080648254664953937,"#WATCH | Delhi: Rashtriya Loktantrik Party MP Hanuman Beniwal says, ""The government's strategy is to try to end every protest with sweet words. If the CJP people get misled by this government, then the youth of this country will not forgive them either because this is not just a https://t.co/mI3f2gp8wP",ANI,Fri Jul 24 13:36:15 +0000 2026,85,35,en
2080646929613283395,"@AmanTweets31 @AnkushDey_ @jagtar201 simple question, how many kawarias or Bajrang Dal walas are at the CJP protest in Delhi?",Bandapunjabi1,Fri Jul 24 13:30:59 +0000 2026,1,0,en
2080646906234208401,"Police Cop Sher Singh announces resignation at CJP's Jantar Mantar protest, Extends Support to Students' Protest
#delhi #JantarMantar #CJP #viralreelsシ #NewsInsider24x7 https://t.co/nPB57jiOi1",newsinsider24x7,Fri Jul 24 13:30:53 +0000 2026,0,0,en
2080646881068421219,"What is the harm in a peaceful #protest? If it is not legal, then Mahatma #Gandhi was not correct. Unfortunately, many Indian educational institutions are issuing severe advisories against students participating in protests. What kind of #democracy do we have? #CJP #delhi",rakeshnest,Fri Jul 24 13:30:47 +0000 2026,3,2,en
2080646789485769170,"Nisarga Adhikary, the 19-year-old cybersecurity researcher whose disclosures about CBSE's On-Screen Marking (OSM) portal fed into this year's series of controversies around exams, on Friday join at the Cockroach Janata Party (CJP) protest at Jantar Mantar in Delhi.

Swipe 👈to https://t.co/orizo9AY2b",htTweets,Fri Jul 24 13:30:25 +0000 2026,250,8,en
2080646736733958315,"CJP Submits Demand Charter to Union Minister J.P. Nadda | WNN

➡️ CJP has submitted a formal letter to Union Minister J.P. Nadda regarding the ongoing Jantar Mantar protest.

➡️ The organisation has demanded Education Minister Dharmendra Pradhan's resignation, ₹1 crore https://t.co/uD3Md2Xw99",WaliaNewsNet,Fri Jul 24 13:30:13 +0000 2026,1,1,en
2080646687157317999,"CJP Submits Demand Charter to Union Minister J.P. Nadda | WNN

➡️ CJP has submitted a formal letter to Union Minister J.P. Nadda regarding the ongoing Jantar Mantar protest.

➡️ The organisation has demanded Education Minister Dharmendra Pradhan's resignation, ₹1 crore https://t.co/JYllg3WDd4",ManmeenWalia,Fri Jul 24 13:30:01 +0000 2026,1,1,en
2080645150737674736,"New Delhi: Legal services organisation #Software Freedom Law Center, India on Friday moved the Delhi High Court against the suspension of mobile internet services in parts of Central Delhi amid the ongoing #CJP-led protest at #JantarMantar against #NEET paper leak and alleged",DeccanChronicle,Fri Jul 24 13:23:55 +0000 2026,0,0,en
2080645116533133485,"@MeghUpdates @Sanjay_Dixit CJP is there to protest in Delhi.
But all leaders of @BJP4Karnataka are adjusted with Khan-Gress. Corrupt blood @RAshokaBJP  @BYVijayendra will only Tweet nothing else.",JrJrgirish1970,Fri Jul 24 13:23:46 +0000 2026,1,0,en
2080644887670669381,"Several people who said they were returning from the Cockroach Janta Party (CJP)-led protest at Jantar Mantar have alleged that Delhi Police detained them, checked their mobile phones, collected personal details and questioned them for hours as part of an exercise to identify https://t.co/aXaZSUOFRA",TheObserverPost,Fri Jul 24 13:22:52 +0000 2026,8,4,en
2080644063397810406,"Delhi: A student who participated in the CJP protest says, ""It always comes down to the same thing you're saying, that politicians are being dragged into the middle. We are students, part of the student community; we've come here to make our point. Now the issue is what's https://t.co/1NQ6N59GjZ",ians_india,Fri Jul 24 13:19:35 +0000 2026,1,0,en
2080641665518461317,"#NEW: 🇮🇳
Delhi Police inspector Deepak Sharma told Caravan that 163 BNS IS ACTIVE all across Delhi 

Cops nicking folk miles from Jantar Mantar including minors to stop overcrowding at the student protest

––The Caravan

#India #JantarMantar #CJP #GenZWithBharat https://t.co/Ci2Oo8ohLm",TwilightDewy,Fri Jul 24 13:10:04 +0000 2026,0,0,en
2080641395883417870,"STORY | DMRC opens entry gates of Mandi House, Central Secretariat metro stations; rest 15 still shut

Entry gates at Mandi House and Central Secretariat metro stations were reopened on Friday evening, but 15 other stations in central Delhi continued to remain closed for the https://t.co/puGAHrNCUY",PTI_News,Fri Jul 24 13:08:59 +0000 2026,7,1,en
2080641097865564235,"What you're seeing is not Delhi's Jantar Mantar—it's the streets of Kota, Rajasthan.

Thousands of young people have joined the protest. What began as a student movement is now growing into a broader people's movement demanding accountability.

Kota has made one thing clear: this https://t.co/XBSC8qBRJE",CJP_is_back,Fri Jul 24 13:07:48 +0000 2026,21,11,en
2080639615615283556,"#Quickplainers | On July 20, police used lathis and tear gas on those who marched from Jantar Mantar toward Parliament over NEET exam paper leaks. At least 3 people showed pellet wounds, including one who may lose his eyesight. Delhi Police has denied using pellet guns, but a https://t.co/LbQN6xm7lI",TheFederal_News,Fri Jul 24 13:01:55 +0000 2026,2,1,en
2080639328003535336,"@Cockroachisback 📢 The Prime Minister is standing with students.

》NEET Topper backs PM Modi’s (@narendramodi) assurance and expresses confidence in reforms to safeguard the integrity of NEET

》The real NEET QUALIFIED Students who shown there support protest against paper leak now they saying https://t.co/S4zP1NWIUp",NileshHW,Fri Jul 24 13:00:46 +0000 2026,8,3,en
2080639316708270175,"The more I look at this photo, the heavier my heart feels. The Delhi Police and the Rapid Action Force should be ashamed of themselves.

The Education Minister should resign, and the person seen in the photo should be compensated.

#JantarMantar #CJP #Protest #Neet https://t.co/ks6kU1XDEc",Shhhiv____,Fri Jul 24 13:00:44 +0000 2026,8,0,en
2080639068699070957,"No foreign funding behind CJP led student protest in DELHI.

Media kuchh toh Sharm karo!
#GodiMedia",KC_dada_Patil,Fri Jul 24 12:59:45 +0000 2026,1,1,en
2080639045064065231,"Breaking || Protest Outside DU Arts Faculty Despite Advisory by Delhi University

  - CJP and AAP to hold a protest at DU.

@_kritika_tiwari shares more details with @SwatiJ14 https://t.co/RxDsarMugV",TimesNow,Fri Jul 24 12:59:39 +0000 2026,11,6,en
2080638418611233221,"Cockroach Janta Party (CJP) supporters, and Volunteers protest seeking resignation of Union Education Minister Dharmendra Pradhan over alleged examination irregularities and NEET paper leak in New Delhi on July 24, 2026.

📸  : Shashi Shekhar Kashyap https://t.co/uTO7lc5ZKo",the_hindu,Fri Jul 24 12:57:10 +0000 2026,263,17,en
2080638216403820855,"Delhi CJP Protest: PM Modi Mimicry by Student Goes Viral at Jantar Mantar | WATCH

#Delhi #CJPProtest #PMModi #NarendraModi #StudentProtest #JantarMantar #NEET2026
#GenZWithBharat
#OperationMeritUP https://t.co/sKjDT1rdPv",Vayamdelhi,Fri Jul 24 12:56:21 +0000 2026,0,0,en
2080637474326319368,"Will Millions of citizens who are Aware..just Watch it Happening ! 
#protest #cjpprotests #jantarmantar #paperleak #delhi #cjp #congress #bsp #tmc #aap #bjp #students #farmers https://t.co/huAOTEzdRb",GauravShridhr,Fri Jul 24 12:53:24 +0000 2026,0,0,en
2080637357863354622,@Cockroachisback Kim Jong Un got beaten by Delhi Police at CJP Protest. https://t.co/5adhFhSuzH,Narang07K,Fri Jul 24 12:52:57 +0000 2026,11,0,en
2080635175839691204,"@sathyashrii For organizing a protest? As an individual/group, they have every right to do it peacefully. 

And when it comes to dealing with the anti national elements, it is the job of the government to put them down via ED, CBI, RAW, IB, NIA and EOW. 

When it comes to opposition parties",shashi_uchiha_9,Fri Jul 24 12:44:16 +0000 2026,0,0,en
2080634907970457814,"The Students Islamic Organisation of India (SIO) held a protest at #Hyderabad’s #Charminar after Friday prayers, expressing solidarity with students in Delhi. The demonstration condemned the alleged police action against students and called for accountability. #JantarMantar https://t.co/5lu4vqs4UM",tajkeproperties,Fri Jul 24 12:43:13 +0000 2026,3,1,en
2080634870460830053,"The Students Islamic Organisation of India (SIO) held a protest at #Hyderabad’s #Charminar after Friday prayers, expressing solidarity with students in Delhi. The demonstration condemned the alleged police action against students and called for accountability. #JantarMantar https://t.co/p1YRZhYpTj",tajkeproperties,Fri Jul 24 12:43:04 +0000 2026,2,0,en
2080634760284778735,"The Students Islamic Organisation of India (SIO) held a protest at #Hyderabad’s #Charminar after Friday prayers, expressing solidarity with students in Delhi. The demonstration condemned the alleged police action against students and called for accountability. #JantarMantar https://t.co/DjGqn3Dp0P",tajkeproperties,Fri Jul 24 12:42:37 +0000 2026,1,0,en
2080634667892650089,"The Students Islamic Organisation of India (SIO) held a protest at #Hyderabad’s #Charminar after Friday prayers, expressing solidarity with students in Delhi. The demonstration condemned the alleged police action against students and called for accountability. #JantarMantar https://t.co/fJitlFOt3q",tajkeproperties,Fri Jul 24 12:42:15 +0000 2026,1,0,en
2080634443304419826,"The Role of Delhi Police Special Cell Raises Grave Concerns

#cjp #protest #jantarmantar #students 

@SauravDassss @AshutoshRanka @abhijeet_dipke https://t.co/sGMlZjVHkD",rencho79130,Fri Jul 24 12:41:22 +0000 2026,1,0,en
2080634150097178950,"CJP protest: ❗️
215 taken into preventive custody as Delhi Police flags 'bad characters'; ‼️
intelligence inputs prompt action‼️",Shibananda_M,Fri Jul 24 12:40:12 +0000 2026,0,0,en
2080632926375743799,@ANI Supporter of Umar Khalid doing CJP protest in delhi and Uddhav Ji attend that protest . Here in Mumbai they are doing Tiranga Rally. Why are they so confused,modi2024againYO,Fri Jul 24 12:35:20 +0000 2026,0,0,en
2080632662222631099,"Hundreds of students gathered at Hyderabad’s Indira Park with KTR to protest over the NEET paper leak issue, demanding accountability and support for students facing alleged police action in Delhi.

#hyderabadnews #ktr #bjp #brs #cjp https://t.co/j1mekn3mff",wt_Englishdaily,Fri Jul 24 12:34:17 +0000 2026,3,0,en
2080631766394786238,"Delhi CJP Protest: JP Nadda &amp; Jitendra Singh Hold Second Round Meeting with CJP Spokesperson Saurav Das, Places 3 Key Demands.

Sonam Wangchuk | #CJPProtest
 https://t.co/dSQlljSeYR",RexShadeX,Fri Jul 24 12:30:44 +0000 2026,0,0,en
2080631543186505794,"Dhruv Rathee joined the Jantar Mantar protest🗿

#jantarmantar #protest #cjp #dhruvrathee #ANI #cjpprotest #paperleak #news #dhruvratheeprostest #cjp_पार्टी 
#arpitspeaks #delhi #vijeta #sonam #ashutoshrana #dharmendrapradhan https://t.co/NsWX1UT0JO",Ashutos54719533,Fri Jul 24 12:29:50 +0000 2026,2,2,en
2080631317079941463,CJP is the main organizer of protest to highlight NEET (UG) paper leak. So the cause of genesis of CJP is the root cause of the intensive protest at Jantar Mantar Delhi. https://t.co/GEcVAo18st,soni_saty,Fri Jul 24 12:28:56 +0000 2026,0,0,en
2080630898014458089,"#WATCH | Kochi, Keralam | On the CJP protest in Delhi, BJP leader KVS Haridas says, ""The Modi government has done its best on the ongoing student agitation in Delhi. Now, it is time for the students to call off their agitation. The government has made it very clear that it has https://t.co/ijp0cLJGJ2",ANI,Fri Jul 24 12:27:16 +0000 2026,10,1,en
2080630724995227918,"Despite Advisory By Delhi University

Protest Outside DU Arts Faculty At 6 PM

CJP And AAP To Hold Protest At DU",TimesNow,Fri Jul 24 12:26:35 +0000 2026,197,10,en
2080630432580984959,"Delhi High Court Declines to Entertain PIL Seeking Criminal Action Against CJP Protestors
The Delhi High Court has declined to entertain a Public Interest Litigation (PIL) that sought criminal action against individuals associated with protests organized by the Campaign for https://t.co/K7M99j6IfW",LawFilesLive,Fri Jul 24 12:25:26 +0000 2026,0,0,en
2080629779414519949,"Delhi CJP Protest: Ashish Chanchlani's Viral Video Divides Social Media

#Delhi #CJPProtest #AshishChanchlani #StudentProtest #NEET2026
#GenZWithBharat
#OperationMeritUP https://t.co/xAvHfDYDlp",Vayamdelhi,Fri Jul 24 12:22:50 +0000 2026,0,0,en
2080629495053341008,"‘Walking Is The New Commute’: Delhi Office-Goers Feel The Heat Of Jantar Mantar Protest

#jantarmantarprotest #delhi #cjp 

https://t.co/tSG30wR63H",CNNnews18,Fri Jul 24 12:21:42 +0000 2026,1,0,en
2080628011930640407,Delhi HC Rejects Plea Seeking NIA Probe Into CJP Protest https://t.co/6aKjkThoDT via @Live India #DelhiHighCourt #CockroachJantaParty #CJP #ChaloSansad #NIA #SatishKumarAggarwal #DKUpadhyaya #TejasKaria #TusharMehta #NEETUG #JantarMantar #DharmendraPradhan #StudentProtest,LIVEINDIA_En,Fri Jul 24 12:15:48 +0000 2026,0,0,en
2080627328825381367,"CJP protest: 215 taken into preventive custody as Delhi Police flags ‘history-sheeters’; intelligence inputs prompt action
 
https://t.co/sC2Q6hq7zp",EconomicTimes,Fri Jul 24 12:13:06 +0000 2026,10,4,en
2080627307681894527,"'Can't Substitute Our Satisfaction For Centre's': Delhi HC Junks NIA Probe Plea Into Jantar Mantar Protest

#highcourt #NIA #cjp 

https://t.co/AFCytfOdOZ https://t.co/tphcR6SIr3",CNNnews18,Fri Jul 24 12:13:00 +0000 2026,0,0,en
2080625318491271222,"Rahul Gandhi shows student's wounds on camera, claims pellet guns used during Jantar Mantar protest
https://t.co/ySuME2oJUh",htTweets,Fri Jul 24 12:05:06 +0000 2026,4,2,en
2080625310492430358,Delhi Police sets the record straight: no passport cancellations linked to the CJP protest violence. Stay informed and avoid rumors! #DelhiPolice #CJPProtest https://t.co/aUk0qHSv6Z,DumtikaMedia,Fri Jul 24 12:05:04 +0000 2026,3,0,en
2080625237415334214,"@anuragdhanda @DelhiPolice @HelleLyngSvends Watch this, Now Delhi Police has started arresting Gen Z girls accusing them as they participated in #CJP Protest.",critic_03,Fri Jul 24 12:04:47 +0000 2026,0,0,en
2080624618285457872,"Godi media will place Delhi into the storm of an intensified protest. Just one hour ago, CJP spokesperson Saurabh Das had a meeting with Nadda where he said that the government will decide and inform us by tomorrow. 

But, look at the headlines of AajTak. When will these pricks https://t.co/8AmQ6Yfh6e",Simpu_SinghIND,Fri Jul 24 12:02:19 +0000 2026,0,0,en
2080624013177692354,"FACT CHECK: Delhi Police Calls Two Viral Jantar Mantar Claims 'Fake And Misleading'
https://t.co/Mcs0psex98",abplive,Fri Jul 24 11:59:55 +0000 2026,0,0,en
2080623762987417782,"Sources — @MamataOfficial 
will be in Delhi on Monday…
Likely to attend CJP Protest…",ravi27kant,Fri Jul 24 11:58:55 +0000 2026,161,12,en
2080623377522508108,"▶️ #WATCH | A Policeman Resigned from the Police Force and Removed his Badge at the Stage of CJP Protest

Distressed and emotional following the government's violent crackdown on the protest against the NEET paper leak, policeman Sher Singh resigned from his job. At Jantar https://t.co/lGIuCEJvih",hnpnewz,Fri Jul 24 11:57:23 +0000 2026,26,6,en
2080622813841596474,Delhi High Court rejects PIL Seeking NIA Probe into CJP Protest at Jantar Mantar in New Delhi.,UnitedPOI,Fri Jul 24 11:55:09 +0000 2026,0,0,en
2080622380955861421,"Mobocracy Not Protest: 
Arnab Unpacks The Foreign Hand &amp; Hidden Motive Of Jantar Mantar Violence

Arnab raises questions over the presence of foreign nationals at the CJP protest in Delhi and examines allegations of foreign influence, overseas funding and the broader political https://t.co/qlpecIPtVV",AugadhBhudeva,Fri Jul 24 11:53:26 +0000 2026,60,52,en
2080622026877006093,Mamata Banerjee will be in Delhi on Monday. Likely to attend CJP Protest: sources,Vasudha156,Fri Jul 24 11:52:01 +0000 2026,135,6,en
2080622006089966067,"Delhi CJP Protest: JP Nadda &amp; Jitendra Singh Hold Second Round Meeting, CJP Places 3 Key Demands

#Delhi #CJPProtest #JPNadda #JitendraSingh #StudentProtest #NEET2026 #ExamReforms
#ModiFails
#Cabinet https://t.co/2gi7DVdTgr",Vayamdelhi,Fri Jul 24 11:51:56 +0000 2026,0,0,en
2080621982325096849,"More than two months after CJI Surya Kant's ""cockroach"" remark inadvertently gave rise to the #CJP, Supreme Court agrees to hear two petitions alleging police excesses against students protesting #NEET paper leak and other irregularities
https://t.co/bAhZLvmKzU",NH_India,Fri Jul 24 11:51:51 +0000 2026,1,0,en
2080621184618811708,"At Cockroach Janta Party's protest in Delhi’s Jantar Mantar a parallel digital campaign redefined how a generation mobilizes.

Explore on Ivide Live → https://t.co/j1Oq83G482

#IvideLive #CockroachJantaParty #CJPProtest #Delhi #CJP #JantarMantar #Memes #Art #Slogans",IvideLIVE,Fri Jul 24 11:48:41 +0000 2026,0,0,en
2080619957130580385,"#DelhiHighCourt declines plea seeking #NIA probe into #CJP #protest

https://t.co/iMZV09OFFJ

#CockroachJantaParty #ChaloSansad #NationalInvestigationAgencyAct",indialegalmedia,Fri Jul 24 11:43:48 +0000 2026,1,0,en
2080618188941967397,"CJP says RAF, Delhi Police must apologise, protest to escalate if Pradhan does not resign

Live updates: https://t.co/9MiFsaawxj https://t.co/At1AIC9H4C",thewire_in,Fri Jul 24 11:36:46 +0000 2026,287,50,en
2080618020020637995,"Did A Woman Cop Suffer Miscarriage During Jantar Mantar Protest? Delhi Police Fact-Check Viral Claim

#cjp #cjpprotest #viral 

https://t.co/pyd2lVRvpG",CNNnews18,Fri Jul 24 11:36:06 +0000 2026,0,0,en
2080617864122540048,"CJP, BJP பேச்சுவார்த்தை தோல்வியா? Modi Resign Demand? CJP's Explosive Announcement Over NEET Protest | CM Vijay | Journalist Kavitha interview 

#NEET #JantarMandar #CJPProtest #CJP #Modi #delhi #JPNadda #delhiprotest #BANNEET #CMVijay‌ #TVKVijay‌Fails #Arakalagam https://t.co/d7RQ1Znen0",ThavamOfficial,Fri Jul 24 11:35:29 +0000 2026,16,11,en
2080617723181383903,"#InPics | People gathered in Kolkata in solidarity with the Cockroach Janta Party's (CJP) protest at Jantar Mantar in New Delhi, demanding the resignation of Union Education Minister Dharmendra Pradhan over alleged examination paper leaks https://t.co/YeR3RxqtTH",ttindia,Fri Jul 24 11:34:55 +0000 2026,8,1,en
2080617629107278158,"VIDEO | Delhi: Speaking on the CJP protest, RLP MP Hanuman Beniwal says, ""It is extremely unfortunate that our children, carrying the Tricolour, were protesting at Jantar Mantar, which has been designated as a protest site. The way the police resorted to lathi-charge, tore https://t.co/nGlAcTSyzs",PTI_News,Fri Jul 24 11:34:33 +0000 2026,202,92,en
2080617446394794370,"From pellet guns to advanced surveillance, the methods of control developed for Srinagar come home to Delhi https://t.co/iwkJFPU6xb",NicDawes,Fri Jul 24 11:33:49 +0000 2026,2,2,en
2080616731869880778,"#BREAKING ;  Police constable Sher Singh handed over his resignation to Abhijeet Deepakat Jantar Mantar, Extends Support to Students' Protest

Uttarakhand Police constable Sher Singh handed over his resignation to Abhijeet Deepak expressing solidarity with the ongoing student https://t.co/aQ9emMoLWl",newsinsider24x7,Fri Jul 24 11:30:59 +0000 2026,1,1,en
2080616485731336675,In any other serious country Yogendra Yadav aka YOYA would be live target for shoot to kill. Yogendra yadav has been trying to do colour revolution since years. Put him under NSA in tihar. @AmitShah @HMOIndia @NIA_India @narendramodi #cjp_पार्टी #cjp #protest #sonam #delhi https://t.co/Lz8ET72JiH,Purandar69,Fri Jul 24 11:30:00 +0000 2026,3,3,en
2080615721852404124,"The use of pellet guns in the heart of New Delhi revived a question that many believed belonged only to Kashmir: can a democratic republic deploy such a weapon for policing anywhere at all? Zain Haider &amp; Bhanu Pathania write.
Read: https://t.co/QgMTde5WjM",TheQuint,Fri Jul 24 11:26:58 +0000 2026,1,0,en
2080615565350293718,"A Petition was filed in Delhi High Court to stop NIA investigating the funding behind the CJP protest.

Delhi HC firmly denied any intervention citing national security,

Now

NIA can investigate the funding and most probably many prominent NG0's name will come up.

Govt wil get",IndianSinghh,Fri Jul 24 11:26:21 +0000 2026,4472,1081,en
2080615133894877331,"To all my fellow Anils who think CJP protest in Delhi is misguided, pls take a look here. Namma oorla namma Anna campaign la nadantha scene thane ithu. Namaku vantha ratham avanuku vantha tomato chutney ah? 

Think 🙏",TimonPumba__,Fri Jul 24 11:24:38 +0000 2026,2,1,en
2080614888796455093,"The Centre on Friday held a second round of talks with Cockroach Janta Party (CJP) spokespersons Ashutosh Ranka and Saurav Das, who met Ministers JP Nadda and Jitendra Singh in New Delhi. The nearly two-hour meeting focused on the CJP's demands, including education reforms and https://t.co/fkq43mw69E",IndiaTodayPods,Fri Jul 24 11:23:40 +0000 2026,2,0,en
2080614812430778416,"@TravelSpace9 @Farrhana_bhatt Delhi police detaining large number of youngsters, CJP delegation tells govt
If Pradhan does not leave his seat within the next 1-2 days, then one more national call for protest will be given CJP insists on govt withdrawing all FIRs https://t.co/wnh3tqWwlO",LONPANCHAL,Fri Jul 24 11:23:21 +0000 2026,2,0,en
2080614502396227855,"Delhi High Court rejects PIL Seeking NIA Probe into CJP Protest.

It is upto Govt to decide on these matters.",suryasodhi,Fri Jul 24 11:22:07 +0000 2026,1,0,en
2080614373962527043,"Twenty-six days in, the last 48 hours showed how far this protest has spread-from the streets into digital infrastructure, and now toward a possible turning point.

Supporters across India and abroad had been sending food to protesters through Zomato and Swiggy in such large https://t.co/b1dssvS0zi",_shivamsharma1_,Fri Jul 24 11:21:37 +0000 2026,2,0,en
2080614273613443441,"Government Accepts CJP's Request for Neutral-Venue Talks on NEET Protest

New Delhi, July 24, 2026

The ongoing protest over the alleged NEET paper leak has entered a new phase after the government agreed to hold discussions with the Cockroach Janta Party (CJP) at a neutral https://t.co/zEwvyEi13B",YugvartaNews,Fri Jul 24 11:21:13 +0000 2026,0,0,en
2080614141698736508,"CJP Keeps Pressure on Centre, Seeks Education Minister's Resignation

New Delhi, July 24, 2026

The Cockroach Janta Party (CJP) has intensified its campaign over the NEET paper leak issue, maintaining that Education Minister Dharmendra Pradhan must resign or be removed from https://t.co/91c20Ur1YG",YugvartaNews,Fri Jul 24 11:20:41 +0000 2026,0,0,en
2080614109742297316,"23 July Ground Report
 After Sonam Wangchuk, CJP's Protest
 An Eyewitness Report from Jantar Mantar

#Parliament #DelhiPolice #StudentsProtest #JantarMantar #NEETProtest #StudentRights #JusticeForStudents #WomenSafety #YouthVoice  #LathiCharge #Delhi #SonamWangchuk #HungerStrike https://t.co/FEV9DgEq9i",NewDelhiPost,Fri Jul 24 11:20:34 +0000 2026,1,0,en
2080613769495871888,"What started as a joke has become one of India's biggest youth-led protest movements.

The ""Cockroach Protest"" began after comments comparing unemployed young people to ""cockroaches"" sparked outrage. Instead of rejecting the label, thousands embraced it as a symbol of resilience.",ItsTheIroko,Fri Jul 24 11:19:13 +0000 2026,0,0,en
2080613593855463627,"CCTV Footage Shows Barricades Being Breached Before Parliament March

Delhi Police has released CCTV footage from 20 July that it says shows CJP supporters breaking through barricades while attempting to march towards Parliament.

According to the police, the breach led to a https://t.co/GA4qJngFlY",GarudEyeIntel,Fri Jul 24 11:18:31 +0000 2026,1,1,en
2080613534992400486,"@poggamingg People were getting beating up in chennai too but not to the extend delhi police acted. It seems chennai CJP got granted permission to conduct a protest in a certain spot,I'm thinking of going this weekend",dorutoxd,Fri Jul 24 11:18:17 +0000 2026,0,0,en
2080613508803351014,"#SupremeCourt agrees to hear on July 27 two petitions alleging police excesses on students protesting #NEET paper leak and other exam irregularities. 

#Protest #Delhi #AbhijeetDipke #CJP",MMMPAWAN,Fri Jul 24 11:18:11 +0000 2026,0,0,en
2080612811219370153,"Delhi Police Deploys Face Recognition at CJP Protest 
#cjp #GenZWithBharat #jantarMantarprotes #Genz #protest #jantarmantar #delhi
https://t.co/fIQwGEXrPb",Smiledigitalsol,Fri Jul 24 11:15:24 +0000 2026,0,0,en
2080612577059758128,"Clashes between CJP supporters and Nihang Sikhs at Jantar Mantar raise serious questions about the real purpose of this protest.

This is no longer a NEET or student protest.
The real face is out in the open.
#Sikh #Nihang #Delhi #DelhiNews #CJP https://t.co/HjQQNc2d5D",DEVIKA12327912,Fri Jul 24 11:14:28 +0000 2026,8,1,en
2080612493312000283,"#BREAKING: Delhi High Court rejects PIL Seeking NIA Probe into CJP Protest at Jantar Mantar in New Delhi.
#delhihighcourt #CJP #Jantarmantar #NEETExamProtest #delhi #news #Trending 
@ViksitKashi",ViksitKashi,Fri Jul 24 11:14:08 +0000 2026,1,0,en
2080611914602914280,"🚨 Delhi traffic and CJP protest almost made me pay ₹24,000 today.

Not tax. Not a challan. Just for being stuck on a highway.

Here’s the wild 2 hours it took to go from Noida to CP, and how one guy saved all 4 of us ₹24,000. 

Woke up early for my VFS Global visa appointment. https://t.co/bLeQO6BT6r",theswapnilsri,Fri Jul 24 11:11:50 +0000 2026,22,3,en
2080610146678628770,A video shared online claiming to show a CJP protester throwing back a tear gas shell fired by the Delhi Police during the 'Chalo Sansad' protest in New Delhi. The PTI Fact Check Desk found the video was recorded during Nepal's Gen Z movement &amp; was falsely linked to CJP protest. https://t.co/t97zAPpEa1,ptifactcheck,Fri Jul 24 11:04:49 +0000 2026,0,0,en
2080609035171106850,"🇧🇩 Bangladeshi students: Winner 
🇱🇰 Sri Lankan students: Winner 
🇳🇵 Nepali students: Winner 
🇮🇳 Indian students: Loading...
Gen-G is Unstoppable 🔥
You keep going, victory is certain. 
Dharmendra Pradhan  Should Resign Now...
#Delhi #Protest #CJP",RealMaazKhalid,Fri Jul 24 11:00:24 +0000 2026,0,0,en
2080608648309477698,"@prakashraaj @prakashraaj rice b@g, why r u sitting at home? U got a chance to free the terr0®i$t um@r, sh@rjeel &amp; t@hir etc from jail, so that northe@st can be cut from india &amp; delhi like hiπdu gen0cide can happen again. Common protest at CJP..... They r waiting for ur support..... https://t.co/vhT43BL2vf",satyavachan1992,Fri Jul 24 10:58:52 +0000 2026,2,1,en
2080608408252960848,"CJP Protest Gets ‘VIP’ Internet? Free Wi-Fi at Jantar Mantar as Delhi mobile services stay suspended amid violence

via @eOrganiser 
https://t.co/PAhOkflFfi",eOrganiser,Fri Jul 24 10:57:55 +0000 2026,1,1,en
2080607997945163865,Latest: The Delhi High Court has declined to hear a PIL seeking an NIA probe into the CJP protest at Jantar Mantar. The court said the decision on such an investigation rests with the Central Government.,BharatKaDevansh,Fri Jul 24 10:56:17 +0000 2026,6,0,en
2080607883293774112,"Delhi CJP Protest: JP Nadda Holds 2-Hour Meeting, Government to Decide on Student Demands &amp; Exam Reforms Tomorrow

#Delhi #CJPProtest #JPNadda #StudentProtest #NEET2026 #ExamReforms #DelhiNews
#Cabinat
#ModiFalls https://t.co/Vwsjr6rMP4",Vayamdelhi,Fri Jul 24 10:55:49 +0000 2026,0,0,en
2080607864561999883,"A rally was taken out from Sealdah Station to Dharmatala to protest against the unjust lathi-charge and assault on students by the Delhi Police, and to demand the resignation of the incompetent Education Minister, Dharmendra Pradhan.
#Cjp #WestBengal @Cockroachisback https://t.co/YmnNtZCKgx",PoliticalGyie,Fri Jul 24 10:55:45 +0000 2026,7,3,en
2080607708403896695,"The CJP and the Union government held talks at the Constitution Club of India in Delhi as protests over irregularities in Neet continued in the national capital.
https://t.co/sGK2tJXCcP",firstpost,Fri Jul 24 10:55:08 +0000 2026,3,0,en
2080606699975839745,"Amid the ongoing protest at Jantar Mantar, the Cockroach Janata Party has submitted a letter to Union Minister J.P. Nadda detailing its demands.

#CockroachJantaParty | #CJP | #JPNadda | #JantarMantar | #Protest | #Delhi | #UnionMinister | #UNI https://t.co/yctJ7200cQ",uniindianews,Fri Jul 24 10:51:07 +0000 2026,0,0,en
2080606424338743333,"Delhi High Court rejects PIL Seeking NIA Probe into CJP Protest.

It is upto Govt to decide on these matters.",FrontalForce,Fri Jul 24 10:50:02 +0000 2026,403,39,en
2080606392566587512,@AITCofficial @BJP4Bengal Can you just unite with cjp and protest in Delhi?,ch0d0nchudi,Fri Jul 24 10:49:54 +0000 2026,0,0,en
2080603983518040189,"Delhi High Court Refuses To Entertain PIL Seeking Criminal Action Against Protestors Who 'Assaulted' Police

@Cockroachisback @DelhiPolice #JantarMantar 
https://t.co/XE9azyMXIf",LiveLawIndia,Fri Jul 24 10:40:20 +0000 2026,43,9,en
2080603777002869054,"- Delhi police detaining large number of youngsters, CJP delegation tells govt

- ""If Pradhan does not leave his seat within the next 1-2 days, then one more national call for protest will be given"" - CJP's Ashutosh Ranka (@AshutoshRanka) 

- CJP insists on govt withdrawing all https://t.co/Tf1WNVvMan",thewire_in,Fri Jul 24 10:39:30 +0000 2026,664,158,en
2080603555057332354,"""Shards Stuck To Skin"": Hospital Report Shows Pellet Guns Used At CJP Protest

https://t.co/cGO1ZrJyQU",scoutdesk,Fri Jul 24 10:38:37 +0000 2026,2,0,en
2080603379613806914,"Delhi Protest News | Suspended Uttarakhand Constable Sher Singh Controversy
#SherSingh #UttarakhandPolice #DelhiProtest #CJP #UttarakhandNews #BreakingNews #PoliticalNews #HindiNews #LatestNews #NewsUpdate #IndiaNews #TrendingNews #ViralNews #CurrentAffairs #Samachar4U https://t.co/Ak679p56FV",samachar4u,Fri Jul 24 10:37:56 +0000 2026,0,0,en
2080603269920149584,"JP Nadda, Jitendra Singh Meet CJP Spokespersons
Union ministers hold talks with CJP representatives Saurav Das and Ashutosh Ranka.

#CJP #JPNadda #IndiaNews #BreakingNews #SauravDas #AshutoshRanka #Protest #JantarMantar #Delhi https://t.co/jQ5KlUsqkT",indiafocusdaily,Fri Jul 24 10:37:29 +0000 2026,0,0,en
2080603082707312752,"🚨 Delhi High Court rejects plea demanding an NIA investigation into the CJP protest at Jantar Mantar, New Delhi.",ShashiSimply,Fri Jul 24 10:36:45 +0000 2026,1,0,en
2080603012830318867,#BREAKING: Delhi High Court rejects PIL Seeking NIA Probe into CJP Protest at Jantar Mantar in New Delhi.,Govindarajan67,Fri Jul 24 10:36:28 +0000 2026,0,0,en
2080602869179593182,"Delhi: On the demand for Union Education Minister Dharmendra Pradhan's resignation, CJP Chief Spokesperson Saurav Das said the party held discussions with Union Ministers J.P. Nadda and Jitendra Singh regarding the ongoing students' protest. https://t.co/ctcpvREBoe",gcnewsindia,Fri Jul 24 10:35:54 +0000 2026,0,0,en
2080601875477569660,"#InPhotos | Passengers face travel disruptions outside New Delhi Railway Station after the closure of the New Delhi Metro station amid heightened security arrangements due to the ongoing CJP-led protest in the national capital. 

(📷: @rajkraj_ht)

Stay updated with all the https://t.co/tsvKzHlo9d",htTweets,Fri Jul 24 10:31:57 +0000 2026,27,2,en
2080601033550798995,"‘That is the job of Centre’: Delhi HC dismisses plea seeking NIA probe into CJP NEET protest

READ: https://t.co/FZlSE4Cjj8

https://t.co/FZlSE4Cjj8",WIONews,Fri Jul 24 10:28:36 +0000 2026,2,0,en
2080600941854933480,"#BREAKING: Delhi High Court rejects PIL Seeking NIA Probe into CJP Protest at Jantar Mantar in New Delhi.

#cjp #cjp_पार्टी #cjp_ही_aap_है",rajani1203,Fri Jul 24 10:28:14 +0000 2026,0,0,en
2080600757175226654,"Taking to Instagram, the man who goes by @adiespoems on the platform shared that he felt sad for not being able to join the ongoing Cockroach Janta Party (CJP) protest in Delhi. So, to show his support, he ordered 150 Domino's Farmhouse Cheese Burst pizzas worth ₹67,734 and https://t.co/xqgKFBaNay",newsinsider24x7,Fri Jul 24 10:27:30 +0000 2026,0,0,en
2080600755166462269,"The Students Islamic Organisation of India (SIO) staged a protest after Friday prayers near Charminar expressing solidarity with students protesting in Delhi over the NEET Paper Leak issue. 

#Hyderabad #Charminar #OldCity #HussainiAlam #NEETPaperLeak #SIO #JantarMantar #CJP https://t.co/cup0qjtL9U",MunsifNews24x7,Fri Jul 24 10:27:30 +0000 2026,4,3,en
2080600669111898433,"Abhinay Sir; JP Nadda himself is health minister. He is not able to handle his own department. From where did he get audacity to comment on education 😅

#CJP #Protest #Delhi https://t.co/qFc6sdwmHo",realveeru_,Fri Jul 24 10:27:09 +0000 2026,28,3,en
2080600000590229604,"Govt sought time till tomorrow to decide on #DharmendraPradhan's resignation', CJP after meeting Union ministers

A meeting was held between Union Ministers #JPNadda and Jitendra Singh, and #CJP chief spokesperson #SauravDas and national spokesperson #AshutoshRanka, amid the https://t.co/Fc9JTYnirj",Govindarajan67,Fri Jul 24 10:24:30 +0000 2026,1,0,en
2080599784646398401,"Delhi: On demand for the resignation of Education Minister Dharmendra Pradhan, CJP's Chief Spokesperson Saurav Das says, ""We spoke with them (Union Ministers JP Nadda and Jitendra Singh). We told them that this is non-negotiable. It's not about the CJP, Sonam ji, or any one https://t.co/u8fHMU0WXX",kashmirdotcom,Fri Jul 24 10:23:38 +0000 2026,11,1,en
2080599393808662586,#BREAKING: Delhi High Court rejects PIL Seeking NIA Probe into CJP Protest at Jantar Mantar in New Delhi.,NEWSWALApy,Fri Jul 24 10:22:05 +0000 2026,0,0,en
2080598129645347287,"🚨 BREAKING | Delhi High Court Rejects PIL
The Delhi High Court has dismissed a Public Interest Litigation (PIL) seeking an NIA investigation into the CJP protest at Jantar Mantar in New Delhi.",ShastraStrategy,Fri Jul 24 10:17:04 +0000 2026,2,2,en
2080598100637601870,"India Orders GitHub to Block Jack Dorsey's Bitchat App Amid #Delhi Protest Crackdown

https://t.co/GAzaadS1gr",News9Tweets,Fri Jul 24 10:16:57 +0000 2026,0,0,en
2080598085265453374,"VIDEO | Delhi: On demand for the resignation of Education Minister Dharmendra Pradhan, CJP's Chief Spokesperson Saurav Das says, ""We spoke with them (Union Ministers JP Nadda and Jitendra Singh). We told them that this is non-negotiable. It's not about the CJP, Sonam ji, or any https://t.co/qnL1bAISc9",PTI_News,Fri Jul 24 10:16:53 +0000 2026,666,121,en
2080598003384222021,Delhi Police reaction after Lathi Charge at Jantar Mantar for CJP Protest https://t.co/kvekTe04Hk,voicesindians,Fri Jul 24 10:16:34 +0000 2026,15,1,en
2080597991052980300,"The Cockroach Janta Party (CJP) has announced it will launch a website for injʉred prøtesters and those alleging police assⱥult during the ongoing prøtests in New Delhi to upload photographs of police personnel involved. 

👉🏽 CJP said it would use the submissions to file https://t.co/ceXxrZgs2g",LogicalIndians,Fri Jul 24 10:16:31 +0000 2026,0,0,en
2080597718259634246,"VIDEO | Delhi: Speaking on the CJP protest, CJP spokesperson Ashutosh Ranka says, ""Our meeting with the government lasted around two hours and was crisp and to the point. We had made it clear that we no longer want assurances, we want concrete action. The government has given a https://t.co/uLkLOBNH0l",PTI_News,Fri Jul 24 10:15:26 +0000 2026,527,79,en
2080597503473283232,"Jantar Mantar Live : CJP Protest में Puneet Superstar से खास बातचीत #jantarmantar #puneetsuperstar
Social media sensation @PuneetSuper  joined the ongoing students' protest at Jantar Mantar, Delhi, to show his solidarity. In this exclusive ground report by News Were, Puneet https://t.co/SRvjHdlSVS",NewsWareTruth,Fri Jul 24 10:14:35 +0000 2026,0,0,en
2080597286556680414,"JP Nadda, Jitendra Singh Hold Talks with CJP Delegation Amid Ongoing Paper Leak Protest in Delhi https://t.co/FE2shMm4FM",BindusmitaBhow4,Fri Jul 24 10:13:43 +0000 2026,0,0,en
2080596702206066914,"JP Nadda shared details of the meeting between the Centre and the Cockroach Janata Party (CJP) over the NEET paper leak issue, confirming that both sides have agreed to meet again tomorrow. The discussions are aimed at addressing the protesters' demands and finding a way forward. https://t.co/oWXeMrmDou",TheDailyJagran,Fri Jul 24 10:11:24 +0000 2026,0,0,en
2080596357916594339,"#BreakingNews | CJP member Abhijeet Dipke has reiterated the demand for Union Education Minister Dharmendra Pradhan’s resignation, saying the protest movement will continue until accountability is addressed.  

The statement comes amid the ongoing Delhi protest, where https://t.co/C4QYsZgpJy",CNNnews18,Fri Jul 24 10:10:01 +0000 2026,2,2,en
2080596148763717910,"Delhi HC Allows Withdrawal Of PIL On CJP Protest 

PIL Sought NIA Probe Into 'Chalo Sansad' March 

HC: Authorities Will Take Action As Required",TimesNow,Fri Jul 24 10:09:12 +0000 2026,119,4,en
2080594561018270171,"Delhi University has issued an official advisory urging students and faculty to stay away from unlawful assemblies or demonstrations at Jantar Mantar.
The advisory cites safety, legal compliance, academic impact, and warns against fake and misleading content
#protest #cjp #resign https://t.co/MVQglIg0HO",ObservedIndia,Fri Jul 24 10:02:53 +0000 2026,1,0,en
2080594349948309682,"@amitmalviya They are the goons of CJP, planted by corrupt ex delhi liquor CM Arvind Kejriwal. Govt should take strict action against these goons. Who want to do Chaos in the name of student protest.",Jaipalsiyag,Fri Jul 24 10:02:03 +0000 2026,1,0,en
2080593581396447313,CJP spokesperson Saurav Das left for a crucial meeting with the Centre at the Constitution Club of India in New Delhi to discuss the NEET paper leak issue. The talks come amid nationwide protests and growing demands for examination reforms and greater accountability in the https://t.co/Exrvit7QBl,TheDailyJagran,Fri Jul 24 09:59:00 +0000 2026,0,0,en
2080593214395002892,"🚨 TALKS BEGIN, BUT QUESTIONS REMAIN | 🚨 बातचीत शुरू, लेकिन सवाल बरकरार 🇮🇳

📍 Constitution Club &amp; Jantar Mantar, New Delhi
📅 24 July 2026
⏰ As of 3:15 PM IST

🤝 The first formal meeting between the #CentralGovernment and CJP is underway after both sides agreed on a neutral https://t.co/A3MnRtj2KJ",Gyan_Junction,Fri Jul 24 09:57:32 +0000 2026,0,0,en
2080593156907901038,"The Delhi High Court on Friday refused to entertain a PIL seeking directions for an investigation by the National Investigation Agency into the July 20 “Sansad Chalo” protest over the NEET paper leak

#NEET #CJP #StudentProtest 

Read more: https://t.co/tmxvmZ8nfS https://t.co/QdsEA7R957",LiveLawIndia,Fri Jul 24 09:57:18 +0000 2026,26,10,en
2080592794394243446,"In any true democracy, when a massive failures like the NEET paper leak happens, the minister should accept responsibility and resign. 
Forcing lakhs of students to protest on the streets is not a sign of healthy democracy. Take accountability. #NEETScam 
#CJP #Delhi #NEET",chandubali6,Fri Jul 24 09:55:52 +0000 2026,0,0,en
2080592783849783701,"CJP protest: Delhi Police cancels all routine leaves amid rising law and order concerns https://t.co/E9Z2WqfbJc 
#DelhiPolice #DelhiProtests #NEETRow #LawAndOrder #DelhiNews",mathrubhumieng,Fri Jul 24 09:55:49 +0000 2026,0,0,en
2080592310627405898,"@RDXThinksThat The attempt to liken the Delhi Police’s lathi charge on CJP protesters at Jantar Mantar to General Dyer’s atrocity at Jallianwala Bagh is both abhorrent and irresponsible. 

Such comparisons trivialize a historic massacre and dishonor its victims.

To claim we can speak and",PT3790,Fri Jul 24 09:53:57 +0000 2026,0,1,en
2080592114124271869,"CJP protest LIVE Updates: CJP says govt has asked for time till Saturday afternoon on demand for Pradhan’s resignation

https://t.co/ZeMFRcwF0b",thetribunechd,Fri Jul 24 09:53:10 +0000 2026,1,1,en
2080591976794308778,"New Delhi Metro Station Closed, No Interchange Facility Amid CJP Protest; Here’s When Services May Resume

https://t.co/Tdd0vk8Exu https://t.co/qSLvG9s2St",NewsX,Fri Jul 24 09:52:37 +0000 2026,2,1,en
2080591612552552658,"@UN @UN_HRC @hrw @CIJ_ICJ @IntlCrimCourt @USCIRF @rashtrapatibhvn @indSupremeCourt @DelhiHighCourt @PMOIndia @LtGovDelhi @RekhaGuptaCM @CPDelhi @DelhiPolice
thequint ""These protestors want to turn India into Bangladesh and Nepal,"" and ""We'll beat them black and blue,” are some of",Helpways1,Fri Jul 24 09:51:10 +0000 2026,0,0,en
2080591336932065675,"New Delhi metro station closed amid protest by CJP, interchange facility also suspended https://t.co/cfKQlyz8kf #india #news https://t.co/XQeSr5fmwY",InqalabNewsIN,Fri Jul 24 09:50:04 +0000 2026,0,0,en
2080591162537304196,"Bitchat is one of the most interesting protocols I’ve come across.

When internet services were suspended around Jantar Mantar in Delhi, one of my first thoughts was that this is exactly the kind of scenario decentralized, peer-to-peer communication protocols are designed for.",Prem_deep_pd,Fri Jul 24 09:49:23 +0000 2026,0,0,en
2080590369637679447,"#BREAKING 'It Is For Centre To Decide': Delhi High Court Rejects PIL Seeking NIA Probe Into Students Protest At Jantar Mantar

#JantarMantar #NEETProtests @NIA_India 
https://t.co/St4XoP0znz",LiveLawIndia,Fri Jul 24 09:46:14 +0000 2026,141,42,en
2080590234446864516,"Talks between the central government and Cockroach Janta Party representatives concluded at Constitution Club, Delhi on Wednesday, ending without a resolution on the demand for Education Minister Dharmendra Pradhan's resignation. Senior ministers JP Nadda and Jitendra Singh asked https://t.co/abaumrNc95",JioNews,Fri Jul 24 09:45:42 +0000 2026,0,0,en
2080590210396827875,"Sonum Wangchuk has ended fast 

CJP protest LIVE: Sonam Wangchuk ends fast, delegation meets Centre today | Students Jantar Mantar Protest live news updates | Delhi Metro Stations closed for 3rd day | CJP- Nadda meet LIve news https://t.co/bHDDY4owUh
@Atmojoarjalojo",PratikAgniMusic,Fri Jul 24 09:45:36 +0000 2026,0,0,en
2080590187906949582,"Who Entered The NEET Protest Crowd?

#jantarmantar #cjpprotest #cjp #delhi #delhiprotest #jantarmantarprotest #neet #dharmendrapradhan #sonamwangchuk #paperLeak #studentprotest #rahulgandhi https://t.co/4ToPXWEwjp",itskadak,Fri Jul 24 09:45:30 +0000 2026,0,0,en
2080589465576182265,"Dr @Swamy39
CJP Jantar Mantar Protest Live Updates: 'Heard their demands, will get back to them' - Nadda after 2-hour meet with CJP🔴🔴
@jagdishshetty @ArvindChaturved
 https://t.co/Lto1DKkGkW",ArtiSharma001,Fri Jul 24 09:42:38 +0000 2026,0,1,en
2080588925337502163,"Union Cabinet Passes Bill To Provide Stricter Punishments For Paper Leaks: Sources

#PaperLeak #UnionCabinet #NEET #CJPProtest

https://t.co/sQkOB25J8Z",ETVBharatEng,Fri Jul 24 09:40:29 +0000 2026,0,0,en
2080588785763635669,@PadmajaJoshi Ajit Dipke claims to be head of CJP should also resign from his post taking moral responsibility for absenting himself during protest and directing his followers to mercilessly thrash Police officials and security personnel during Parlment Chalo in Delhi,ravi_kushalappa,Fri Jul 24 09:39:56 +0000 2026,0,0,en
2080588702112526519,"CJP Protest Delhi Live Updates, NEET Protest: Cabinet nod to paper leak bill; CJP continues protest at Jantar Mantar
https://t.co/vH6yPTswKt",ETNOWlive,Fri Jul 24 09:39:36 +0000 2026,5,0,en
2080588685402345473,"Delhi Police and protest group CJP are locked in a dispute over food meant for demonstrators at Jantar Mantar. CJP spokesperson Saurav Das alleged on X that three boys were detained at Nizamuddin Police Station while carrying food for protesters, accusing police of targeting Gen",GouravGKRepots,Fri Jul 24 09:39:32 +0000 2026,0,0,en
2080588673851232664,"She is Instagram influencer Sunita Bhatt with over 200K+ followers. She has been making anti-BJP videos for a long time and has been covering the CJP protest since day one.

Now yesterday, she was threatening the Delhi Police to beat them with lathis.
#GenZWithBharat 
#PMModi https://t.co/ClmFHNS6fZ",therock194693,Fri Jul 24 09:39:29 +0000 2026,15,2,en
2080588163295359033,"@TheQuint Delhi police to probe violence against police in CJP protest, 11 FIRs filed so far | India News https://t.co/vD37sPaS8N

All your demands you call as ""met"" seems to have ZERO significance on ground.",Saurabh71068071,Fri Jul 24 09:37:28 +0000 2026,2,0,en
2080588038518854019,"#BreakingNews | JP Nadda says government will respond tomorrow after discussing CJP's three demands and five exam reform suggestions following a two-hour meeting.

@JamwalNews18   | #SonamWangchuk #PMModi #Hungerstrike #Protest #Delhi #AbhijeetDipke #CJP 

Watch: https://t.co/pqiiElGezS",CNNnews18,Fri Jul 24 09:36:58 +0000 2026,3,2,en
2080587997863669838,"CJP Delegation, Union Ministers Hold Talks to Resolve Student Protest

Union Ministers @JPNadda and @DrJitendraSingh  met a delegation of the Central Joint Platform (CJP) at the Constitution Club in New Delhi as both sides held discussions to find a resolution.

#GenZWithBharat https://t.co/BhJGxaEHDZ",JehlamTimes,Fri Jul 24 09:36:48 +0000 2026,0,0,en
2080587721836462340,"#WATCH | Delhi | LoP, Lok Sabha, Rahul Gandhi says, ""Dharmendra Pradhan is a criminal education minister. He has to be removed. He is a symbol of the collapse of our education system. He has to go. He is the reason why thousands of people are outside. He has to go."" 
🪳✊ #CJP https://t.co/pW5xpTj10S",EconomicTimes,Fri Jul 24 09:35:42 +0000 2026,17,2,en
2080587709874106437,"▶️ #WATCH | Amidst speculation regarding the arrest of CJP chief Abhijeet Dipke, spokespersons, and members, Abhijeet Dipke @abhijeet_dipke addressed the gathering at Delhi's Jantar Mantar and spoke clearly about the future course of action.

Dipke said:

➡️ I have received an https://t.co/uLquPWdNzL",hnpnewz,Fri Jul 24 09:35:40 +0000 2026,13,2,en
2080587235489960411,"Chief Justice of India Surya Kant has clarified that no petition related to the CJP protest was formally filed before the Supreme Court, rejecting media reports that claimed he had refused an urgent hearing. He said the reports created a false impression, as no petition had been https://t.co/xLDki9CLsS",newsinsider24x7,Fri Jul 24 09:33:47 +0000 2026,0,0,en
2080587004908371971,"Cockroach Janta Party (CJP) Protest, Delhi 

NEET Paper Leak issue

PM Narendra Modi announces Fast Track Court for Paper Leak Cases
https://t.co/JnVHje4JS2 https://t.co/vWRf8OvddB",shashank2991,Fri Jul 24 09:32:52 +0000 2026,0,0,en
2080586822992695568,"#BreakingNews | Rahul Gandhi slams centre for violence during July 20th protest violence

@JamwalNews18   | #SonamWangchuk #PMModi #Hungerstrike #Protest #Delhi #AbhijeetDipke #CJP 

Watch: https://t.co/aNIieODGVs https://t.co/TtbSz88JTd",CNNnews18,Fri Jul 24 09:32:08 +0000 2026,3,2,en
2080586580235018650,"#WATCH | Delhi | After meeting with the government, Cockroach Janta Party's National Spokesperson Ashutosh Ranka says, ""The government has asked for time till tomorrow afternoon on our demand for Dharmendra Pradhan's resignation. We hope the govt will remove him soon. The https://t.co/YR3SdaQqhY",EconomicTimes,Fri Jul 24 09:31:10 +0000 2026,137,19,en
2080586509564944826,"Watch | 'Govt sought time till tomorrow to decide on #DharmendraPradhan's resignation', CJP after meeting Union ministers

A meeting was held between Union Ministers #JPNadda and Jitendra Singh, and #CJP chief spokesperson #SauravDas and national spokesperson #AshutoshRanka, amid https://t.co/EtwnjdMhj1",timesofindia,Fri Jul 24 09:30:53 +0000 2026,839,35,en
2080586376748441794,"Anti National CJP protest attempts has been handled superbly by Bihar, UP,MP &amp; Bengal police. Honestly with due respects I am disappointed with Delhi police again. Good to see protest getting exposed &amp; losing value day by day @sreeramjvc @VijayTrichy06 @vyasa1968 @ashokbala72",desikan78,Fri Jul 24 09:30:22 +0000 2026,0,0,en
2080586340119548015,"@Krishan10_ Delhi Police ACP Vivek Bhagat (Connaught Place) was injured during violence linked to a CJP (Citizens for Justice and Peace, or related protest group) demonstration.
The clash occurred around 8:30 PM on July 22/23, 2026, near Jantar Mantar/Tolstoy Marg/Connaught Place.
Reports",Krishnananda101,Fri Jul 24 09:30:13 +0000 2026,0,0,en
2080586130005860662,GenZ going crazy 🤪 in India 🇮🇳 CJP protest 🪧 at Jantar Mantar Delhi. https://t.co/h4lq2WDHo6,saddyrao,Fri Jul 24 09:29:23 +0000 2026,0,0,en
2080585677104710075,"CJP Demands Resignation of Education Minister Amid Ongoing Protests and Compensation Calls

@SimranBabbar_05   @Arunima24  with @GrihaAtul   | #SonamWangchuk #PMModi #Hungerstrike #Protest #Delhi #AbhijeetDipke #CJP 

Watch: https://t.co/aNIieODGVs https://t.co/VardKNAXNq",CNNnews18,Fri Jul 24 09:27:35 +0000 2026,2,1,en
2080585435911262580,Peaceful people from Malappuram are the main supporters of CJP in Delhi. And peaceful people think they can overthrow Narendra Modi through this protest.,Simonchattambi,Fri Jul 24 09:26:37 +0000 2026,1,0,en
2080585336531607552,"VIDEO | Delhi: CJP delegation meets Union Ministers JP Nadda, Jitendra Singh. CJP spokesperson Saurav Das speaks to media after the meeting. He says, ""Another issue we raised was that the Delhi Police has been detaining a large number of young men and women since last night, https://t.co/KY6koivNQc",PTI_News,Fri Jul 24 09:26:14 +0000 2026,105,16,en
2080584928404951374,He's not wrong. The protest by CJP in Delhi have very little to do with student issues and mostly to do with politics. The entire show was run by AAP + professional andolanjeevis. The fact that no one uttered a word about similar issues happening in KA and PB said it all.,Akash10j,Fri Jul 24 09:24:36 +0000 2026,0,0,en
2080584868803539147,"#BreakingNews | CJP says they want resignation of Dharmendra Pradhan. CJP claims Govt Ministers said they will reply on this by Saturday afternoon

@SimranBabbar_05   @Arunima24  with @GrihaAtul   | #SonamWangchuk #PMModi #Hungerstrike #Protest #Delhi #AbhijeetDipke #CJP 

Watch: https://t.co/wS0JNlwsg5",CNNnews18,Fri Jul 24 09:24:22 +0000 2026,3,1,en
2080584707755102686,The future of India!!! Delhi poljce journalists were attacked who and why in CJP protest?,ThakuriaUm83222,Fri Jul 24 09:23:44 +0000 2026,0,0,en
2080584508945187163,"From a Maharaja's passion project to India's address for democratic dissent.
How #JantarMantar transformed from an observatory into a protest site that has repeatedly shaken the seat of government.
#CJP #delhi #Students

I write for @PTI_News 

read: https://t.co/zbFF0ChyQi https://t.co/41lpQkWeHC",Varsha_Sagi,Fri Jul 24 09:22:56 +0000 2026,5,5,en
2080583757820821841,"""When I went to the CJP protest, I never expected I'd be shot [by a pellet gun]. I thought pellet guns were used only in Kashmir. I had gone to take part in the march to Parliament. Amid the tear gas shelling during the clash between protesters and police near Jantar Mantar, I https://t.co/330g23FFnV",IndiaToday,Fri Jul 24 09:19:57 +0000 2026,10,5,en
2080583616589889905,"Can carrying food to a protest become a reason to be stopped?

The CJP has alleged that people bringing food for protesters from Nizamuddin were detained by police, claiming an officer told them they were stopped because they were ""carrying food.""

In a separate post, the party https://t.co/hXSdi0MYlT",DeccanHerald,Fri Jul 24 09:19:24 +0000 2026,7,0,en
2080583133481640383,"CJP Delegation Engages with Government Amidst Ongoing Protests at Jantar Mantar

@SimranBabbar_05   @Arunima24  with @GrihaAtul   | #SonamWangchuk #PMModi #Hungerstrike #Protest #Delhi #AbhijeetDipke #CJP 

Watch: https://t.co/aNIieODGVs https://t.co/vGaL4Y3dfv",CNNnews18,Fri Jul 24 09:17:29 +0000 2026,1,2,en
2080582495104540842,"Dr @Swamy39
CJP Jantar Mantar Protest Live Updates: Round 2 of talks, Centre, CJP representatives meet amid student protests🔴🔴
@jagdishshetty
 https://t.co/Lto1DKleau",ArtiSharma001,Fri Jul 24 09:14:56 +0000 2026,0,0,en
2080581655404924983,"Delhi | Jantar Mantar | CJP Protest

This is extremely disturbing.

A woman is being intimidated and harassed by a mob in broad daylight during the CJP protest.

You can easily identify these people. https://t.co/AUj37KzDkz",mksh_kgp,Fri Jul 24 09:11:36 +0000 2026,2,2,en
2080581645191790682,"Rajat Bhai always stands for the respect of girls.... students protest mai rajat bhai 
#rajatdalal #JantarMandar #jantarmantar #StudentsProtests #cjp #government #gorillagang #delhiprotest #delhi https://t.co/8r0WXxavIU",Avinash00279613,Fri Jul 24 09:11:34 +0000 2026,13,1,en
2080581087781339409,"Watch | Delhi: A meeting was held between Union Ministers JP Nadda and Jitendra Singh and Cockroach Janta Party’s Chief Spokesperson Saurav Das and National Spokesperson Ashutosh Ranka. 

@JPNadda | @DrJitendraSingh | @abhijeet_dipke | @SauravDassss | @AshutoshRanka | #Delhi | https://t.co/rdmvnVghfA",uniindianews,Fri Jul 24 09:09:21 +0000 2026,2,0,en
2080580925818277978,"CJP PROTEST

NO ONE TALKING ABOUT POLICE
#DELHI POLICE",Opinionated2812,Fri Jul 24 09:08:42 +0000 2026,0,0,en
2080580590428975513,"#BreakingNews | First visuals of meeting between Union Ministers JP Nadda and Dr Jitendra Singh and Cockroach Janta Party (CJP) representatives, including Chief Spokesperson Saurav Das and National Spokesperson Ashutosh Ranka

@SimranBabbar_05   @Arunima24  with @poonam_burde  | https://t.co/ZPS1XHwTpY",CNNnews18,Fri Jul 24 09:07:22 +0000 2026,0,2,en
2080580370060505516,"CJP Protest LIVE Updates: हाथ लगा बड़ा सबूत..! CJP पर तगड़ा Action शुरू! | Delhi Police Action | FIR
https://t.co/NfuNzSGa4k

By Republic Bharat Video via Dailyhunt",RatanchandraJ15,Fri Jul 24 09:06:30 +0000 2026,0,0,en
2080580142837977223,"Amid the ongoing Cockroach Janta Party (CJP) protest at Delhi's Jantar Mantar, a viral social media post claimed that Delhi Police had decided to cancel the passports of people allegedly involved in violence during the demonstrations. However, the Delhi Police has dismissed the https://t.co/q9pBOuAnNO",dna,Fri Jul 24 09:05:36 +0000 2026,4,0,en
2080579721033875604,"Tamilnadu #NEET protest at Balan house is a utter flop..
All credits go to kothadimais and their paod influencers.....
I hope genuine protest by CJP at delhi will be successful protest unlike Tamilnadu...
#BanNeet
#TVKVijay‌ 
#CJP",HaathimTvk,Fri Jul 24 09:03:55 +0000 2026,0,0,en
2080579698715951126,"Ministers meet CJP leaders in fresh round of talks

LIVE updates: https://t.co/dJVoYVNsDo https://t.co/Sw4NscEdK3",IndianExpress,Fri Jul 24 09:03:50 +0000 2026,130,10,en
2080579645171253587,"Dr @Swamy39
Talks between CJP representatives and Union Ministers are underway at the Constitution Club amid the ongoing Delhi protest over the NEET paper leak issue and demands for examination reforms🔴🔴
@jagdishshetty

https://t.co/ixsfoDAgxw",ArtiSharma001,Fri Jul 24 09:03:37 +0000 2026,0,0,en
2080579111488209120,"CJP Organisers elaborate on demands, causes and the Protest of 20th July at the Parliament in New Delhi 

Reported by Shoaib Tadvi and Piryanshu Banerjee

#CJP #StudentProtest #ParliamentProtest #DelhiProtest #JantarMantar #Education #NEET #PuneNews #PunekarNews https://t.co/GkiZVgljdV",punekarnews,Fri Jul 24 09:01:30 +0000 2026,34,9,en
2080578636940546504,@loveena_joshi06 ...  Delhi se ghar aaya tha mai v exam dene.. but ab wapas kese loutuuu wha railway station pe id card check kr rhe h police wale ki kahi CJP protest me to nhi Aaa rha 😭,RajputSargam1,Fri Jul 24 08:59:36 +0000 2026,0,0,en
2080578621232890140,"STORY | 18 metro stations closed in Delhi

Eighteen metro stations were closed in Delhi on Friday, amid the ongoing Cockroach Janta Party (CJP) protest near Jantar Mantar here, the DMRC said.

READ: https://t.co/P2YPFwpc5F https://t.co/NvXXIcNFTI",PTI_News,Fri Jul 24 08:59:33 +0000 2026,27,6,en
2080578050392236250,"@Joydas CJP as an organization may not be strong &amp; it's leaders look immature, yet they have become really popular

Miles away from Delhi, I see curiosity and enthusiasm for Delhi protest. Everone knows CJP

Media used to paint any protest as anti national, urban naxal etc. Not pssbl now",DeepakK55429438,Fri Jul 24 08:57:17 +0000 2026,2,0,en
2080577762494964168,"#BreakingNews | Abhijeet Dipke slams government amid centre-CJP talks, says government is rewarding corruption

@SimranBabbar_05   with @poonam_burde  | #SonamWangchuk #PMModi #Hungerstrike #Protest #Delhi #AbhijeetDipke #CJP 

Watch: https://t.co/aNIieODGVs https://t.co/63mCH9Crjx",CNNnews18,Fri Jul 24 08:56:08 +0000 2026,1,0,en
2080577124469993821,"CJP Protest Continues Amid Ongoing Government Negotiations

@SimranBabbar_05   with @poonam_burde  | #SonamWangchuk #PMModi #Hungerstrike #Protest #Delhi #AbhijeetDipke #CJP 

Watch: https://t.co/aNIieODGVs https://t.co/yYIS76ZedS",CNNnews18,Fri Jul 24 08:53:36 +0000 2026,2,1,en
2080577012209684763,"Ground Report
Who is sending food, medicines, sanitary pads to Jantar Mantar?

#bhaskaroriginals #cjp #JantarMantar #protest #delhi #neetexam #pmmodi #AmitShah #fooddeliveryservice #SwiggyZomato #GroundReport https://t.co/nB2wJDj8cK",BhaskarEnglish_,Fri Jul 24 08:53:09 +0000 2026,3,0,en
2080576813634650216,"@abhijeet_dipke 🚨 BREAKING: Govt decides to set up fast track courts to try paper leak cases.

》PM Narendra Modi (@narendramodi) announces via tweet. Says those who try to harm future of youth won’t be spared.

》Action Begins: Delhi Police Commissioner, can order Preventive Detention under https://t.co/IyDGLJi2T7",NileshHW,Fri Jul 24 08:52:22 +0000 2026,21,4,en
2080576565075697863,"#BreakingNews | Vande Mataram bill tabled in Rajya Sabha, amid opposition's sloganeering Rajya Sabha adjourned

@payalmehta100 with @poonam_burde  | #SonamWangchuk #PMModi #Hungerstrike #Protest #Delhi #AbhijeetDipke #CJP 

Watch: https://t.co/aNIieODGVs https://t.co/opkLGNWDwa",CNNnews18,Fri Jul 24 08:51:23 +0000 2026,3,2,en
2080576283080061356,"Telugu State vallu CJP ki support cheyatledhu ani gudha chimpukuntunnaru. We clearly know This  protest is not  for students  andhuke involve ithalem..
Mem Protest  chesthe 2 States a form inay.
Telangana ollali galli nunchi Delhi dhaka ucha ela poinchalo. thelusu Time vasthe 👍 https://t.co/cAU2wWtxZH",Absolute_Vodka_,Fri Jul 24 08:50:15 +0000 2026,5,0,en
2080576137550582099,"Delhi Metro Update 🚨

New Delhi Metro Station has been closed until further notice amid the ongoing CJP protest near Jantar Mantar.

❌ No entry or exit
❌ No interchange facility at New Delhi Metro Station

#DelhiMetro #Delhi #JantarMantar #CJPProtest #DMRC https://t.co/Oq4xIgyXvh",vishal_juggler,Fri Jul 24 08:49:41 +0000 2026,1,1,en
2080575532702548370,"🚨 FROM PROTESTS TO CAMPUS SHOWDOWN: THE MOVEMENT ENTERS A NEW PHASE | 🚨 प्रदर्शन से कैंपस तक: आंदोलन नए दौर में 🇮🇳

📍 Jantar Mantar, New Delhi
📅 24 July 2026
⏰ As of 2:00 PM IST

The movement has entered a decisive new phase.

🤝 After days of nationwide protests, the Centre https://t.co/UzWPGYKw1J",Gyan_Junction,Fri Jul 24 08:47:16 +0000 2026,0,0,en
