source_index,tweet_id,topic,original_text,cleaned_text
0,2080061556470006042,-1,"Such uncouth language for a PM, their grandfather's age. CJP protest has unleashed wasted sperms who need well-σiled lathis. https://t.co/XygU27CTC1","Such uncouth language for a PM, their grandfather's age. CJP protest has unleashed wasted sperms who need well-σiled lathis."
1,2080034061612150883,-1,"Midnight visuals from Allahabad 

If Delhi, Patna &amp; Mumbai was not enough, Allahabad has also joined the students protest in wild style 😭🔥 https://t.co/GPpVttEgqI","Midnight visuals from Allahabad If Delhi, Patna & Mumbai was not enough, Allahabad has also joined the students protest in wild style 😭🔥"
2,2080029445231177783,6,CJP terrorists and Umar Khalid’s illegal sons attacked a Delhi Police officer. He is now in the ICU. https://t.co/H85icK6hPe,CJP terrorists and Umar Khalid’s illegal sons attacked a Delhi Police officer. He is now in the ICU.
3,2080027408116441090,0,"“Govt must simply remove Dharmendra Pradhan from his post so that CJP ends its protest.”

- AAP's Saurabh Bharadwaj

BJP supporters question - 

“If tomorrow BJP holds protest and demands Bhagwant Mann’s resignation case will you oblige?” https://t.co/Uc4H3bLolg",“Govt must simply remove Dharmendra Pradhan from his post so that CJP ends its protest.” - AAP's Saurabh Bharadwaj BJP supporters question - “If tomorrow BJP holds protest and demands Bhagwant Mann’s resignation case will you oblige?”
4,2080019140706971950,12,"You think Modi Govt is a Joke 💀💀

Delhi Police’s newest crowd control tool includes a pair of Meta Ray-Bans AI glasses.

Meta AI smart glasses debuted for VIP security back on Republic Day? Fast forward to today, and they are being worn by officers right on the frontlines to https://t.co/KFGkLZCbT4","You think Modi Govt is a Joke 💀💀 Delhi Police’s newest crowd control tool includes a pair of Meta Ray-Bans AI glasses. Meta AI smart glasses debuted for VIP security back on Republic Day? Fast forward to today, and they are being worn by officers right on the frontlines to"
5,2080017463853318413,3,ADCP removed from Jantar Mantar after video of him slapping female protester goes viral https://t.co/UZgR3tU1xM,ADCP removed from Jantar Mantar after video of him slapping female protester goes viral
6,2080008850628035056,-1,"At the CJP protest, a truck suddenly arrived at night loaded with blankets, bedsheets, mats, and mattresses, which are being distributed to the protesters. Every possible facility is being provided so that the protesters stay in Delhi and do not leave.

Preparations are being https://t.co/lo1oYHYXNh","At the CJP protest, a truck suddenly arrived at night loaded with blankets, bedsheets, mats, and mattresses, which are being distributed to the protesters. Every possible facility is being provided so that the protesters stay in Delhi and do not leave. Preparations are being"
7,2079997621330944374,28,"Standing in solidarity with the students staging protest against their government in Delhi, India. The news channels are Modi’s b!tch, the police who is killing you all in the name of law &amp; order is only doing their “job” &amp; the most consequential figures in politics, bollywood &amp;","Standing in solidarity with the students staging protest against their government in Delhi, India. The news channels are Modi’s b!tch, the police who is killing you all in the name of law & order is only doing their “job” & the most consequential figures in politics, bollywood &"
8,2079991580807860473,-1,CJP protest has been hijacked ....total lawlessness! https://t.co/iZmS2u7qD7,CJP protest has been hijacked ....total lawlessness!
9,2079989656238866572,-1,"If you are outside Delhi and worrying about the scale of protest, let me tell you as a Delhi resident who has to travel extensively daily, that the anarchy is limited to only couple of areas, not even 2-3 KM stretch 

For rest of Delhi, you won't even know something is happening","If you are outside Delhi and worrying about the scale of protest, let me tell you as a Delhi resident who has to travel extensively daily, that the anarchy is limited to only couple of areas, not even 2-3 KM stretch For rest of Delhi, you won't even know something is happening"
10,2079988283770282009,27,"A delivery boy shares shocking details of the crowd present at the CJP protest, at Jantar Mantar.

He states that he delivered at least 10 food orders in a single day, to cockroaches supporting the CJP. Each and everyone was ordered and funded from a foreign country like Germany, https://t.co/hwS5eNn7At","A delivery boy shares shocking details of the crowd present at the CJP protest, at Jantar Mantar. He states that he delivered at least 10 food orders in a single day, to cockroaches supporting the CJP. Each and everyone was ordered and funded from a foreign country like Germany,"
11,2079983438531269101,-1,"Video shows Abhijeet Dipke standing on top of a police vehicle at the CJP protest.

The policeman requests him to get down. He refuses and asks the policeman to show registry.

The crowd moves forward to lynch the police....

This is how at every step, he provoked the crowd to https://t.co/RmIvsvkRkd","Video shows Abhijeet Dipke standing on top of a police vehicle at the CJP protest. The policeman requests him to get down. He refuses and asks the policeman to show registry. The crowd moves forward to lynch the police.... This is how at every step, he provoked the crowd to"
12,2079975604846485588,3,"🚨 Another failed Muslim actor Imran Khan joined the CJP protest in Mumbai.

After Ayesha Khan, Sonakshi Sinha, and Urfi Javed, Imran Khan also joined the protest.

Just listen to the background chants: ""Jab Jab Modi darta hai, police ko aage karta hai.""

Why have Muslim actors https://t.co/G0EA1ZlcZj","🚨 Another failed Muslim actor Imran Khan joined the CJP protest in Mumbai. After Ayesha Khan, Sonakshi Sinha, and Urfi Javed, Imran Khan also joined the protest. Just listen to the background chants: ""Jab Jab Modi darta hai, police ko aage karta hai."" Why have Muslim actors"
13,2079974024126636200,6,"Shameful!

CJP Goons attacked Delhi Police https://t.co/gFvoqJuq9w",Shameful! CJP Goons attacked Delhi Police
14,2079970846127599696,6,"A Delhi Police officer was attacked by a crowd of 200–300 people at Jantar Mantar.

For the last two days, attacks like this have continued. These CJP protesters are the ones creating chaos and disturbing the law and order situation.

Shame on Abhijeet Dipke 🤬 https://t.co/u71Z9pz8NW","A Delhi Police officer was attacked by a crowd of 200–300 people at Jantar Mantar. For the last two days, attacks like this have continued. These CJP protesters are the ones creating chaos and disturbing the law and order situation. Shame on Abhijeet Dipke 🤬"
15,2079970714074132847,6,Reports of fresh mob violence by the CJP mob near Jantar Mantar. They are trying to lynch security personnel including RAF and Delhi Police officials https://t.co/tkdPS17m9C,Reports of fresh mob violence by the CJP mob near Jantar Mantar. They are trying to lynch security personnel including RAF and Delhi Police officials
16,2079964696439042207,26,"If you still think these are students, then you're the biggest fool in the world.

The CJP protest has been completely hijacked now. https://t.co/dwG4VLe5QJ","If you still think these are students, then you're the biggest fool in the world. The CJP protest has been completely hijacked now."
17,2079963647158411772,6,#BREAKING: Several cops injured in fresh violence near Jantar Mantar protest site in New Delhi. Mob snatched baton sticks of cops and RAF and attacked police personnel. Situation not fully under control yet. https://t.co/V2jbF14ogF,BREAKING: Several cops injured in fresh violence near Jantar Mantar protest site in New Delhi. Mob snatched baton sticks of cops and RAF and attacked police personnel. Situation not fully under control yet.
18,2079956804117934558,28,"Just one question from Anand Ranganathan Sir and both the hypocritical Congress and AAP were exposed on air.

This is the real truth behind their fake support for the CJP protest. Well done Sir! 👏👏 https://t.co/H0yuLO3nRd",Just one question from Anand Ranganathan Sir and both the hypocritical Congress and AAP were exposed on air. This is the real truth behind their fake support for the CJP protest. Well done Sir! 👏👏
19,2079955206138405236,4,My blood is boiling This CJP protest is about NEET students yet they are literally disrespecting Shri Ram. Do they really think they'll win by doing this https://t.co/C8RH1D43wh,My blood is boiling This CJP protest is about NEET students yet they are literally disrespecting Shri Ram. Do they really think they'll win by doing this
20,2079952554063179927,20,"Today, the Hon'ble High Court of Delhi, issued notice to the Delhi Police, seeking its response within 4 weeks, and further directed that all relevant CCTV footage be preserved in PIL (CRL.) No. 2146/2026 – Umesh Kumar v. Delhi Police We express our sincere gratitude to the https://t.co/Fc1YekChGn","Today, the Hon'ble High Court of Delhi, issued notice to the Delhi Police, seeking its response within 4 weeks, and further directed that all relevant CCTV footage be preserved in PIL (CRL.) No. 2146/2026 – Umesh Kumar v. Delhi Police We express our sincere gratitude to the"
21,2079950258772263258,3,"Ritika (@RitikaChandola) covered the CJP protest from the ground. When she met some Ambedkarite, she asked them how they were against casteism if they were pro reservations. 

Watch them go speechless https://t.co/EKn53X4zNT","Ritika () covered the CJP protest from the ground. When she met some Ambedkarite, she asked them how they were against casteism if they were pro reservations. Watch them go speechless"
22,2079947660434509922,2,"Reality of CJP leaders and the Protest! 
#cjp https://t.co/WEsezf35lh",Reality of CJP leaders and the Protest! cjp
23,2079944160715702306,11,CJP Activist and Spokesperson Vijeta Dahiya in this video says his teammates have made him a “Bali Ka Bakra” (Scapegoat) after Abhijit Dipke called him and asked not to come to Jantar Mantar protest venue because the burger video had gone viral. https://t.co/xHoDHIQkLn,CJP Activist and Spokesperson Vijeta Dahiya in this video says his teammates have made him a “Bali Ka Bakra” (Scapegoat) after Abhijit Dipke called him and asked not to come to Jantar Mantar protest venue because the burger video had gone viral.
24,2079941366352900494,-1,"After CJP protest, do you still support  @narendramodi Narendra modi ji?🥹
I support Modi ji🇮🇳.
Repost Yes or No. https://t.co/cgxCdOoWpO","After CJP protest, do you still support Narendra modi ji?🥹 I support Modi ji🇮🇳. Repost Yes or No."
25,2079939178574283007,-1,"Ezhilan today vs Ezhilan 4 days back 
But protest was happening for 20 days in Delhi 
Opportunitist  DMK https://t.co/lmYWfsLW8O",Ezhilan today vs Ezhilan 4 days back But protest was happening for 20 days in Delhi Opportunitist DMK
26,2079938007034126802,6,"Yesterday, when these Nihang Sikhs arrived at the CJP protest, they said they had come to Delhi only for one day to support the protest and would return afterward.

Today, they are now saying that they will stay in Delhi as long as the CJP protest continues and that they will not https://t.co/BLnV56CSGf","Yesterday, when these Nihang Sikhs arrived at the CJP protest, they said they had come to Delhi only for one day to support the protest and would return afterward. Today, they are now saying that they will stay in Delhi as long as the CJP protest continues and that they will not"
27,2079934945930473831,-1,"For these South Delhi G-ndu Generation, CJP Protest is nothing but a tool to get Viral on Social Media!! https://t.co/ndtaBSNpRm","For these South Delhi G-ndu Generation, CJP Protest is nothing but a tool to get Viral on Social Media!!"
28,2079931932880605597,24,"BREAKING 

Complaint filed by Delhi Police Inspector against influencer Amit Kilhorfor falsely identifying him in a viral video from recent protests (related to CJP/NEET issues)",BREAKING Complaint filed by Delhi Police Inspector against influencer Amit Kilhor for falsely identifying him in a viral video from recent protests (related to CJP/NEET issues)
29,2079929458606395727,-1,"Cockroach Janta Party Explained: Protest, Politics or Revolution? | Akhand Savdhaan

#cjp #bjp #jantarmantar #cjpprotest #sonamwangchuk https://t.co/vCtrE9mX0g","Cockroach Janta Party Explained: Protest, Politics or Revolution? | Akhand Savdhaan cjp bjp jantarmantar cjpprotest sonamwangchuk"
30,2079927190448447623,-1,"If the students protest in Delhi was like Tsunami, the Gen-Z protest in Patna was no lesser than Tornado 

Powerful visuals. Goosebumps 🔥🔥🔥 https://t.co/OPPDssCv7l","If the students protest in Delhi was like Tsunami, the Gen-Z protest in Patna was no lesser than Tornado Powerful visuals. Goosebumps 🔥🔥🔥"
31,2079911331873042854,-1,"🚨 EXPOSED! FCRA Amendment hits. 
— One lady. One foundation. Multiple protests within 72 Hours🤯

Govt announces Doon-Rishikesh road expansion.

Manavi Anusha of ""Aumana Foundation"" begins IG campaign.

Shaves her head BALD on camera, floods Instagram with CRYING reels, https://t.co/02pyULHuXr","🚨 EXPOSED! FCRA Amendment hits. — One lady. One foundation. Multiple protests within 72 Hours🤯 Govt announces Doon-Rishikesh road expansion. Manavi Anusha of ""Aumana Foundation"" begins IG campaign. Shaves her head BALD on camera, floods Instagram with CRYING reels,"
32,2079906502555697400,-1,"Wild card entry has been made for the CJP protest at Jantar Mantar! 

Sikh Nihang brothers challenge the Delhi Police: ""Now kill our mothers and sisters."" https://t.co/apHqddMgAM","Wild card entry has been made for the CJP protest at Jantar Mantar! Sikh Nihang brothers challenge the Delhi Police: ""Now kill our mothers and sisters."""
33,2079902548454998526,18,"American terrorist Gurpatwant Singh Pannun claims that he had a zoom meeting with cockroach Janata party leaders.

""SFJ will provide nearly ₹10 crore to CJP to help break India into smaller pieces.""

He further said that the fall of Delhi and Modi is invitable.

He said that the https://t.co/R0DIIEhJiP","American terrorist Gurpatwant Singh Pannun claims that he had a zoom meeting with cockroach Janata party leaders. ""SFJ will provide nearly ₹10 crore to CJP to help break India into smaller pieces."" He further said that the fall of Delhi and Modi is invitable. He said that the"
34,2079871852889981041,-1,If Virat Kohli had joined the CJP protest https://t.co/Te5fKUbjbL,If Virat Kohli had joined the CJP protest
35,2079871425947787498,-1,CJP protesters are threatening to rape this girl just because she opposed the illegal protest. https://t.co/4I6KqDtAki,CJP protesters are threatening to rape this girl just because she opposed the illegal protest.
36,2079871058140918088,8,"Video from Nepal goes viral, saying they want to cross border and join Cockroaches in Protest in Delhi. Let's topple the government of India like we did in Nepal, they are feeling hot after watching scenes at Jantar Mantar. https://t.co/YqWog3kNUu","Video from Nepal goes viral, saying they want to cross border and join Cockroaches in Protest in Delhi. Let's topple the government of India like we did in Nepal, they are feeling hot after watching scenes at Jantar Mantar."
37,2079854160858820864,3,"I am disturbed because every protest in India seems to have the same script.

1. Abuse Lord Ram.

2. Abuse Bharat Mata.

3. Abuse PM Modi.

4. Abuse PM Modi’s late mother.

5. Abuse Brahmins.

6. Abuse Hindutva.

No discussion.

No solutions.

Only slogans, abuse, and chaos.

The","I am disturbed because every protest in India seems to have the same script. 1. Abuse Lord Ram. 2. Abuse Bharat Mata. 3. Abuse PM Modi. 4. Abuse PM Modi’s late mother. 5. Abuse Brahmins. 6. Abuse Hindutva. No discussion. No solutions. Only slogans, abuse, and chaos. The"
38,2079848082032959518,3,"SHOCKING - CJP protestors abusing the Prime Minister's mother.

Preity Zinta is right. The protest is hijacked by Anti-Social elements. https://t.co/ywtsTeSH6n",SHOCKING - CJP protestors abusing the Prime Minister's mother. Preity Zinta is right. The protest is hijacked by Anti-Social elements.
39,2079845674938716432,1,"Historic Scenes in Delhi.

Modi’s Police blocked Metro Stations to stop people from going to the protest site, but this started troubling regular commuters too.

All of them started chanting Vande Matram and Modi teri Taanashahi nahi chalegi in front of his thullas.

This nation","Historic Scenes in Delhi. Modi’s Police blocked Metro Stations to stop people from going to the protest site, but this started troubling regular commuters too. All of them started chanting Vande Matram and Modi teri Taanashahi nahi chalegi in front of his thullas. This nation"
40,2079841999088476605,-1,"""Mere Pass Puja Karne Ka Time Nahi Hain""

""Ram Mare huye""

-These are phrases being used in protest that was being portrayed and presented as student's protest!

Anti-hindu face of CJP protest is now for everyone to see. https://t.co/Tpz3J6SQFu","""Mere Pass Puja Karne Ka Time Nahi Hain"" ""Ram Mare huye"" -These are phrases being used in protest that was being portrayed and presented as student's protest! Anti-hindu face of CJP protest is now for everyone to see."
41,2079840278425542908,3,"Harsh Yadav who promoted CJP has been thrown out of Protest Site

He asked a question about slogans raised in CJP Protest.

Ranka told his men to throw Harsh Yadav out. https://t.co/JF7PjwniDQ",Harsh Yadav who promoted CJP has been thrown out of Protest Site He asked a question about slogans raised in CJP Protest. Ranka told his men to throw Harsh Yadav out.
42,2079837136237600915,11,"CJP Protest: Arnab Exposes Abhijeet Dipke's Deep State Riots At Jantar Mantar | Delhi

Tune in to LIVE TV for all the fastest #BREAKING alerts - https://t.co/sd02M7w7Fp

#CJP #CJPProtest #JantarMantar https://t.co/n9uQC9FpmD",CJP Protest: Arnab Exposes Abhijeet Dipke's Deep State Riots At Jantar Mantar | Delhi Tune in to LIVE TV for all the fastest BREAKING alerts - CJP CJPProtest JantarMantar
43,2079834108105208193,3,"THIS EPIC GRILLING : 🤣🤣

Journalist : We were assaulted by CJP protesters.

Kalyan Banerjee : Then why did you go there to cover the protest ? You are Godi Media. https://t.co/46fx0FXOO9",THIS EPIC GRILLING : 🤣🤣 Journalist : We were assaulted by CJP protesters. Kalyan Banerjee : Then why did you go there to cover the protest ? You are Godi Media.
44,2079826187493474747,3,Shocking! Govt is paying influencers to defame CJP protest. https://t.co/b30rtft7mV,Shocking! Govt is paying influencers to defame CJP protest.
45,2079822111326245125,8,#WATCH | Delhi: Maratha reservation activist Manoj Jarange Patil arrives at Cockroach Janta Party (CJP) protest site at Jantar Mantar. https://t.co/FB5TgzFH9L,WATCH | Delhi: Maratha reservation activist Manoj Jarange Patil arrives at Cockroach Janta Party (CJP) protest site at Jantar Mantar.
46,2079819643808809179,3,"To every journalist who was stopped from reporting objectively from #CJP Protest at Jantar Mantar: Stay fearless.
The loudest advocates of “freedom of expression” often seem least comfortable with objective reporting. https://t.co/xpbprIUg2d",To every journalist who was stopped from reporting objectively from CJP Protest at Jantar Mantar: Stay fearless. The loudest advocates of “freedom of expression” often seem least comfortable with objective reporting.
47,2079818235243876687,-1,"🚨‼️This is very dangerous.

CJP protests in London are supported by “Hindus for Human rights” - an organisation backed by Pakistan’s ISI.

In London CJP protests HFHR Rajiv Sinha participated and changed the entire rhetoric. He is seen pushing his “Muslisms and Christians https://t.co/SuGBGb4PEb",🚨‼️This is very dangerous. CJP protests in London are supported by “Hindus for Human rights” - an organisation backed by Pakistan’s ISI. In London CJP protests HFHR Rajiv Sinha participated and changed the entire rhetoric. He is seen pushing his “Muslisms and Christians
48,2079815540017942653,6,"Delhi Police &amp; Child Welfare Committee must ACT NOW.

Woman publicly drags her two children into a CJP protest, screams “I’ve brought my kids — kill them too!” &amp; uses them as human shields against cops.

https://t.co/xGBRh4WAH7","Delhi Police & Child Welfare Committee must ACT NOW. Woman publicly drags her two children into a CJP protest, screams “I’ve brought my kids — kill them too!” & uses them as human shields against cops."
49,2079814624741073089,2,This image is the symbol of CJP protest https://t.co/UVsOmgoG1b,This image is the symbol of CJP protest
50,2079812038725906812,-1,"Arvind Kejriwal's daughter and son,

Sanjay Singh's daughter participated in CJP Protest on Julu 20th

Manish Sisodia's son participated in Protest in Canada https://t.co/0b5En9cNkT","Arvind Kejriwal's daughter and son, Sanjay Singh's daughter participated in CJP Protest on Julu 20th Manish Sisodia's son participated in Protest in Canada"
51,2079809845868523878,1,"Big Big Expose 

Congress leaders including Rahul Gandhi did not want to raise Jantar Mantar CJP/Student Protest in Parliament.

They were pressurised by opposition parties to take up this issue because it was all over social media.

Students /GenZ should know about these behind https://t.co/W5mUVuGHp3",Big Big Expose Congress leaders including Rahul Gandhi did not want to raise Jantar Mantar CJP/Student Protest in Parliament. They were pressurised by opposition parties to take up this issue because it was all over social media. Students /GenZ should know about these behind
52,2079804500714696978,2,CJP Protest Full video Delhi CP #viralreels #delhi #viral #viralpost  #cjp #bjp https://t.co/gJhm1FqEgd,CJP Protest Full video Delhi CP viralreels delhi viral viralpost cjp bjp
53,2079799988415332403,6,"Watch this video.

The police repeatedly announced, ""Please do not throw stones, or we will be forced to carry out a lathi charge.""

Even after those warnings, the CJP protesters kept throwing stones and brandishing swords. Yet this biased media guy still claims that the police https://t.co/O9Pjzw2Zmu","Watch this video. The police repeatedly announced, ""Please do not throw stones, or we will be forced to carry out a lathi charge."" Even after those warnings, the CJP protesters kept throwing stones and brandishing swords. Yet this biased media guy still claims that the police"
54,2079785088686916013,-1,"Beauty with Brains 👏👏

She is saying is Loud and clear about the CJP protest https://t.co/IZsrZBVfug",Beauty with Brains 👏👏 She is saying is Loud and clear about the CJP protest
55,2079777346052317204,-1,"The students' protest in New Delhi has now captured the attention of the entire country.

We were the first to warn that #NEET was designed to enable large-scale irregularities. That is why the DMK has opposed NEET from the very beginning, consistently pointing out the the https://t.co/HIoXWLIvwR","The students' protest in New Delhi has now captured the attention of the entire country. We were the first to warn that NEET was designed to enable large-scale irregularities. That is why the DMK has opposed NEET from the very beginning, consistently pointing out the the"
56,2079773837000855730,14,"🚨 BIG BREAKING 

Delhi Police has registered 6 FIRs over the CJP Parliament march violence and is probing whether there was a LARGER CONSPIRACY behind the unrest.
— CCTV footage, including facial recognition cameras, mobile phone recordings, and social media posts are being","🚨 BIG BREAKING Delhi Police has registered 6 FIRs over the CJP Parliament march violence and is probing whether there was a LARGER CONSPIRACY behind the unrest. — CCTV footage, including facial recognition cameras, mobile phone recordings, and social media posts are being"
57,2079771007305568560,6,"People at the CJP protest are now showing up wearing protective gear like security forces, and they're telling other protesters to buy the same equipment.

One of them is saying that protesters shouldn't be the ones getting injured - the police should. He's urging everyone to buy https://t.co/jrvkt5GAeU","People at the CJP protest are now showing up wearing protective gear like security forces, and they're telling other protesters to buy the same equipment. One of them is saying that protesters shouldn't be the ones getting injured - the police should. He's urging everyone to buy"
58,2079763204440572345,6,"A Nihang at the CJP protest is saying - If we start attacking, we'll beat everyone until their bodies are covered in bruises. We won't spare anyone, whether it's the police or anyone else. 

This protest is being presented as a students' protest, so where did these Nihangs https://t.co/MCKsBqrUc6","A Nihang at the CJP protest is saying - If we start attacking, we'll beat everyone until their bodies are covered in bruises. We won't spare anyone, whether it's the police or anyone else. This protest is being presented as a students' protest, so where did these Nihangs"
59,2079760934818476187,18,"Prime Minister Modi should be assassinated. If it were up to me, I would do it myself: A Peaceful Cockroach at CJP Protest

Imagine the audacity: calling PM Modi a dictator while openly issuing assassination threats, and than walking free https://t.co/3REFwJk4Cp","Prime Minister Modi should be assassinated. If it were up to me, I would do it myself: A Peaceful Cockroach at CJP Protest Imagine the audacity: calling PM Modi a dictator while openly issuing assassination threats, and than walking free"
60,2079755216258580495,-1,"“DCP - @abhijeet_dipke” Interaction 

Police ignored basics of peaceful protest management. When u Isolate leadership of protestors, the crowd becomes directionless. 

Then Internet was shutdown and protestors stopped getting any information from organisers. This added to chaos. https://t.co/sLYj17rQEL","“DCP - ” Interaction Police ignored basics of peaceful protest management. When u Isolate leadership of protestors, the crowd becomes directionless. Then Internet was shutdown and protestors stopped getting any information from organisers. This added to chaos."
61,2064242271579525380,18,"A remark made by a participant at the recent Cockroach Janta Party (CJP) protest in Delhi has triggered widespread outrage online. 

In a viral video, a man identifying himself as a Delhi High Court lawyer was asked whether he would object if India were broken into seven pieces. https://t.co/IQims1egri","A remark made by a participant at the recent Cockroach Janta Party (CJP) protest in Delhi has triggered widespread outrage online. In a viral video, a man identifying himself as a Delhi High Court lawyer was asked whether he would object if India were broken into seven pieces."
62,2079684550926671878,1,"🚨Beware India !!  Deep State Conspiracy ! 
George Soros has Destroyed 40+Countries in the World ! 

🚨Now He wants to Destroy India And Some Traitors of India are Helping him in his Project ! 

➡️ 2019 -  Anti-CAA Riots ! 
➡️ 2020 - Delhi Riots ! 
➡️ 2021 -  Farmer Protests ! https://t.co/mzaaBHJEZE",🚨Beware India !! Deep State Conspiracy ! George Soros has Destroyed 40+Countries in the World ! 🚨Now He wants to Destroy India And Some Traitors of India are Helping him in his Project ! ➡️ 2019 - Anti-CAA Riots ! ➡️ 2020 - Delhi Riots ! ➡️ 2021 - Farmer Protests !
63,2079682721769722287,24,"There is a video of Delhi police personnel assaulting a Woman Protester. Soon after the video went viral, A few started claiming that the name of the police personnel is Inspector Prakash Meena. 

Fact : He is NOT Prakash Meena, But some other Police personal. Prakash Meena was https://t.co/KWQa5TQ9Gu","There is a video of Delhi police personnel assaulting a Woman Protester. Soon after the video went viral, A few started claiming that the name of the police personnel is Inspector Prakash Meena. Fact : He is NOT Prakash Meena, But some other Police personal. Prakash Meena was"
64,2079642380115063049,-1,"CJP protesters were chasing and attacking RAF personnel in Delhi's Connaught Place.

Will Abhijeet Dipke still call this a peaceful protest?

What kind of students are these if all they seem to want is violence? https://t.co/yUvmz8dDyw",CJP protesters were chasing and attacking RAF personnel in Delhi's Connaught Place. Will Abhijeet Dipke still call this a peaceful protest? What kind of students are these if all they seem to want is violence?
65,2079639896919330902,-1,Prakash Raj Sir Emotional Words on the Delhi Protest ❤️ https://t.co/kxBMSpSCcJ,Prakash Raj Sir Emotional Words on the Delhi Protest ❤️
66,2079638300026138755,-1,"The CJP protesters showed a sword to the police at Jantar Mantar today and chased them away.

Are these NEET students or rioters?

What will Abhijeet Dipke and Sonam Wangchuk have to say about this?

The CJP protesters have come to create chaos across Delhi. https://t.co/fIZgryZ7fN",The CJP protesters showed a sword to the police at Jantar Mantar today and chased them away. Are these NEET students or rioters? What will Abhijeet Dipke and Sonam Wangchuk have to say about this? The CJP protesters have come to create chaos across Delhi.
67,2079635051248243135,1,"Shocking!

The Congress’s false narrative is beginning to unravel.

Videos have now surfaced showing Congress MPs from Kerala, who were detained by the Delhi Police during the protest march towards Prime Minister Narendra Modi’s residence, attacking police personnel from inside https://t.co/XonJxa7xIY","Shocking! The Congress’s false narrative is beginning to unravel. Videos have now surfaced showing Congress MPs from Kerala, who were detained by the Delhi Police during the protest march towards Prime Minister Narendra Modi’s residence, attacking police personnel from inside"
68,2079630070348718588,-1,"15000 + GenZ crowd at Connaught Place right now because Jantar Mantar is packed . Naturally without any call of protest. 

#CJP https://t.co/bO0AGuLH4k",15000 + GenZ crowd at Connaught Place right now because Jantar Mantar is packed . Naturally without any call of protest. CJP
69,2079629691494060368,0,"Just recieved this interesting stuff on WhatsApp but the writer is anonymous.
**🪳protests is a major issue funded from abroad and will cripple many not only abroad but here in India as well.
'People want Dharmendra Pradhan, Education minister,) to resign. The agenda for CJP is","Just recieved this interesting stuff on WhatsApp but the writer is anonymous. **🪳protests is a major issue funded from abroad and will cripple many not only abroad but here in India as well. 'People want Dharmendra Pradhan, Education minister,) to resign. The agenda for CJP is"
70,2079615865918775769,-1,"Just received this from a friend. An interesting take that looks beyond the immediate controversy and asks whether the battle is really about an education minister, or about far larger interests. Worth a read and an informed debate.

🪳 protests major issue funded from abroad","Just received this from a friend. An interesting take that looks beyond the immediate controversy and asks whether the battle is really about an education minister, or about far larger interests. Worth a read and an informed debate. 🪳 protests major issue funded from abroad"
71,2079609952512155959,-1,#WATCH | Delhi | Shiv Sena (UBT) chief Uddhav Thackeray reaches the protest site at Jantar Mantar. https://t.co/wkPrhCvq7k,WATCH | Delhi | Shiv Sena (UBT) chief Uddhav Thackeray reaches the protest site at Jantar Mantar.
72,2079608994029580615,8,"IMPORTANT ANNOUNCEMENT 

Cockroach Janta Party has not given a call to assemble anywhere but at Jantar Mantar, where our peaceful protest is on. 

We received reports that some goons may have been sent to other parts of Delhi to create nuisance. They are NOT with CJP.

- https://t.co/2jY0luT4CE","IMPORTANT ANNOUNCEMENT Cockroach Janta Party has not given a call to assemble anywhere but at Jantar Mantar, where our peaceful protest is on. We received reports that some goons may have been sent to other parts of Delhi to create nuisance. They are NOT with CJP. -"
73,2079603610888135046,1,"“Modi Government has not seen protests of this kind in Delhi in it’s 12 years in power”

Shaheen Bagh was 100× larger than the CJP protest, and it lasted for over 100 days. https://t.co/yo8ONfrJP4","“Modi Government has not seen protests of this kind in Delhi in it’s 12 years in power” Shaheen Bagh was 100× larger than the CJP protest, and it lasted for over 100 days."
74,2079602965426713068,-1,"Huge victory for our movement!

The Police has now released all detainees just before one hour ago. They had illegally been detained for peacefully protesting for over a day, but the Police has had to bow down to public pressure. 

The CJP is no longer conducting its dharna at","Huge victory for our movement! The Police has now released all detainees just before one hour ago. They had illegally been detained for peacefully protesting for over a day, but the Police has had to bow down to public pressure. The CJP is no longer conducting its dharna at"
75,2079600201174749303,3,"Only person in CJP Protest who talked sense and idiot youtubers like Sarthak are sharing it as a Joker.

Sarthak had no answer to his arguments so just laughed and moved away.

He calls himself a Journalist. https://t.co/qEsutSM3UY",Only person in CJP Protest who talked sense and idiot youtubers like Sarthak are sharing it as a Joker. Sarthak had no answer to his arguments so just laughed and moved away. He calls himself a Journalist.
76,2079599588730929472,1,Democracy in India is happening right now! The Leader of India’s Opposition is being dragged by Narendra Modi’s cops away from a peaceful sit-in protest. Delhi is under siege by Modi’s police. https://t.co/3Zvrb1xsi3,Democracy in India is happening right now! The Leader of India’s Opposition is being dragged by Narendra Modi’s cops away from a peaceful sit-in protest. Delhi is under siege by Modi’s police.
77,2079598720132501738,24,"FAKE NEWS ALERT! 
The 'Fact Check' of @zoo_bear's video by @DelhiPolice is FALSE. 
Here is Fact Check of the False 'Fact Check' by the @DelhiPolice,  @PIBFactCheck &amp; @DDNewslive 

Claim : Delhi Police claims this videoof police carrying batons fitted with nails is not related to https://t.co/3SnNDR8fix","FAKE NEWS ALERT! The 'Fact Check' of 's video by is FALSE. Here is Fact Check of the False 'Fact Check' by the , & Claim : Delhi Police claims this videoof police carrying batons fitted with nails is not related to"
78,2079594808683979109,3,"Ground reporters, including female journalists, faced intimidation and heckling while attempting to report from CJP protest sites yesterday.

=&gt; First harass male and female journalists, then blame the media for not covering your protest. https://t.co/YgKqHFUykM","Ground reporters, including female journalists, faced intimidation and heckling while attempting to report from CJP protest sites yesterday. => First harass male and female journalists, then blame the media for not covering your protest."
79,2079593915859304684,2,"#DeepStateDipke | Did the US know about the Delhi protests before they happened? Arnab puts the timeline, the alleged toolkit, and the questions surrounding the Delhi protests under the scanner tonight.

Watch #NationsSharpestOpnion now, on-air, and online. Tune in and fire in https://t.co/bYIwiqRuhG","DeepStateDipke | Did the US know about the Delhi protests before they happened? Arnab puts the timeline, the alleged toolkit, and the questions surrounding the Delhi protests under the scanner tonight. Watch NationsSharpestOpnion now, on-air, and online. Tune in and fire in"
80,2079591176232218918,4,"What CJP protest ? Kaun hai yeh CJP ? This was started as student protest for education. To protect education system. 370 wapas lana, umar khaleed, Ram- Sita, etc etc… yeh kaisa education protest hai ? Dont make yourselves fools, kyunki aise lomdi aur bhediye tumhe khana banakar","What CJP protest ? Kaun hai yeh CJP ? This was started as student protest for education. To protect education system. 370 wapas lana, umar khaleed, Ram- Sita, etc etc… yeh kaisa education protest hai ? Dont make yourselves fools, kyunki aise lomdi aur bhediye tumhe khana banakar"
81,2079587770717323603,27,"According to a top YouTube journalist who has been covering the CJP protest,

Around 8,000 food orders were delivered at the CJP protest today. Most of the orders were for pizza, burgers, chole bhature, and biryani - all expensive food items.

Even if we assume the average cost","According to a top YouTube journalist who has been covering the CJP protest, Around 8,000 food orders were delivered at the CJP protest today. Most of the orders were for pizza, burgers, chole bhature, and biryani - all expensive food items. Even if we assume the average cost"
82,2079579354343039195,3,"BREAKING : Times Now journalist Dev Kotak mob-Iynched and brutally beaten by CJP goons today.

They even looted his mobile, watch and specs.

CJP is NOT a student's protest, but run by a bunch of Anarchists and Hooligans.

Abhijeet Dipke is directly responsible for this. https://t.co/F34wFekGBP","BREAKING : Times Now journalist Dev Kotak mob-Iynched and brutally beaten by CJP goons today. They even looted his mobile, watch and specs. CJP is NOT a student's protest, but run by a bunch of Anarchists and Hooligans. Abhijeet Dipke is directly responsible for this."
83,2079578299752435981,2,What was a Gunda doing in CJP Protest?! https://t.co/EeCX7YEf73,What was a Gunda doing in CJP Protest?!
84,2079572422710395199,21,"She is the same woman who was targeting Modi ji during rishikesh protest.

After gov accepted the protesters demands now she went to support CJP. https://t.co/Qpyil36GKY",She is the same woman who was targeting Modi ji during rishikesh protest. After gov accepted the protesters demands now she went to support CJP.
85,2079570839981453795,18,"Prime Minister Modi should be assassinated. If it were up to me, I would do it myself ~ A Peaceful Protestor at CJP Protest 

This shows the level of retardation of these cockroaches

Disgusting https://t.co/Wwq4MudI72","Prime Minister Modi should be assassinated. If it were up to me, I would do it myself ~ A Peaceful Protestor at CJP Protest This shows the level of retardation of these cockroaches Disgusting"
86,2079568617566576894,4,Global CJP 🪳 Protest of Indian Students Studying Abroad. https://t.co/N1Aj3VZnhB,Global CJP 🪳 Protest of Indian Students Studying Abroad.
87,2079568090363527589,-1,"London CJP 🪳 Protest

Probably the Largest NRI Protest against Modi Govt in the last 12 years.

The World Is Waking Up To Reality. https://t.co/a0DTwaJi6u",London CJP 🪳 Protest Probably the Largest NRI Protest against Modi Govt in the last 12 years. The World Is Waking Up To Reality.
88,2079566386482041097,12,Finger print bureau and FSL units of delhi police have taken the finger print of all those involved in  vandalising the police vehicle and also at jantar mantar protest yesterday. https://t.co/9xymbcseie,Finger print bureau and FSL units of delhi police have taken the finger print of all those involved in vandalising the police vehicle and also at jantar mantar protest yesterday.
89,2079565288841076838,4,"Without Doing His Graduation He Managed To Appear For NEET Exam 😅

A viral interview from the CJP protest has sparked widespread discussion online after a participant was questioned about NEET. One can make out what’s really happening there 😂

According to information https://t.co/mUWz54vN4m",Without Doing His Graduation He Managed To Appear For NEET Exam 😅 A viral interview from the CJP protest has sparked widespread discussion online after a participant was questioned about NEET. One can make out what’s really happening there 😂 According to information
90,2079562512089985311,-1,"Arnab dismantles Abhijeet Dipke, Sonam Wangchuk and fraud CJP protest 🔥 https://t.co/y2HgPu279A","Arnab dismantles Abhijeet Dipke, Sonam Wangchuk and fraud CJP protest 🔥"
91,2079547447324656027,1,"Also very interesting: the same Delhi Police that was not allowing CJP to move even 100 metres towards Parliament, allowed Rahul Gandhi to reach right outside PM Residence! 

Do we need any more evidence that Congress-BJP is one unit? 

#BJPCongressEkHain","Also very interesting: the same Delhi Police that was not allowing CJP to move even 100 metres towards Parliament, allowed Rahul Gandhi to reach right outside PM Residence! Do we need any more evidence that Congress-BJP is one unit? BJPCongressEkHain"
92,2079544491372134410,6,"Must Watch and Share :

A female CJP protestor pushes Delhi Police officer on ground, without any provocation.

Then the lady officer lathi charges her.

This video perfectly explains the turn of events yesterday at the CJP protest. https://t.co/7NGQs79mZq","Must Watch and Share : A female CJP protestor pushes Delhi Police officer on ground, without any provocation. Then the lady officer lathi charges her. This video perfectly explains the turn of events yesterday at the CJP protest."
93,2079538836024201676,-1,"Hostel Daze fame actor Nikhil Vijay joined the CJP protest at Jantar Mantar.

Listen to what he has to say. https://t.co/IkG3VOBiV5",Hostel Daze fame actor Nikhil Vijay joined the CJP protest at Jantar Mantar. Listen to what he has to say.
94,2079538515529105807,1,"This is amazing! 

CJP and Sonam Wangchuk: One month protest at Jantar Mantar. Modi govt refuses to talk to them

Rahul Gandhi: Allowed to protest outside PM residence. In one hour Modi Govt starts dialogue 

Wah! Kya jugalbandi hai!",This is amazing! CJP and Sonam Wangchuk: One month protest at Jantar Mantar. Modi govt refuses to talk to them Rahul Gandhi: Allowed to protest outside PM residence. In one hour Modi Govt starts dialogue Wah! Kya jugalbandi hai!
95,2079532630262042849,-1,"#WATCH | Delhi | AAP National Convenor Arvind Kejriwal visits the Jantar Mantar protest site. He says, ""Modi ji doesn't have his own children, so he doesn't know what it is to have children. All these are our children. It is not right to beat up children. FIRs have been https://t.co/651V1Cn6ng","WATCH | Delhi | AAP National Convenor Arvind Kejriwal visits the Jantar Mantar protest site. He says, ""Modi ji doesn't have his own children, so he doesn't know what it is to have children. All these are our children. It is not right to beat up children. FIRs have been"
96,2079524087131705533,11,Abhijeet Dipke has removed Senior Cockroach Vijeta Dahiya from CJP following internal rift and eating burger without permission during protest  https://t.co/PVWPPG4UBs,Abhijeet Dipke has removed Senior Cockroach Vijeta Dahiya from CJP following internal rift and eating burger without permission during protest
97,2079516801554330087,3,"Anti-BJP Youtuber Arfa Khanum embarassed at CJP protest.

ARFA (smiling) :  ""Today I am meeting some Real Hindus"" 😳

MAN : ""Are you a Hindu? Do you support or oppose Cow Sl*ughter?""

AFRA : I am Indian.
 https://t.co/j0L6XYYdXa","Anti-BJP Youtuber Arfa Khanum embarassed at CJP protest. ARFA (smiling) : ""Today I am meeting some Real Hindus"" 😳 MAN : ""Are you a Hindu? Do you support or oppose Cow Sl*ughter?"" AFRA : I am Indian."
98,2079514948141568473,3,"This BKL is Ghazal Alagh 

Owner of Mama earth- Products you use for your kids daily

She supports Richa Chadha on anti national issues

She supports CJP protest

She and her company has always been in controversy 

A JUDGE ON SHARK TANK AS WELL- JOIN THE DOTS

THESE MFS Shark https://t.co/YSRP2FS7bh",This BKL is Ghazal Alagh Owner of Mama earth- Products you use for your kids daily She supports Richa Chadha on anti national issues She supports CJP protest She and her company has always been in controversy A JUDGE ON SHARK TANK AS WELL- JOIN THE DOTS THESE MFS Shark
99,2079513986719215998,2,Best scene from yesterday’s CJP protest. 🤣 https://t.co/nI6hRfoXr0,Best scene from yesterday’s CJP protest. 🤣
100,2079511159066263697,4,Vijata Dahiya (CJP spokesperson) skips the student protest: “Why join? People didn’t elect me I’m not accountable.” https://t.co/VuLRXNChvq,Vijata Dahiya (CJP spokesperson) skips the student protest: “Why join? People didn’t elect me I’m not accountable.”
101,2079508991638708622,1,"Mother Teresa is Reborn!

Btw, Delhi Police must thank Dimple Bhabhi to prove Samajwadi Party's involvement in this political protest. Investigation angle opened by her with her over enthusiasm. https://t.co/0Z3PR5WJau","Mother Teresa is Reborn! Btw, Delhi Police must thank Dimple Bhabhi to prove Samajwadi Party's involvement in this political protest. Investigation angle opened by her with her over enthusiasm."
102,2079508594375245937,-1,"I created a fresh account today to check if all these hues and cries over meta deliberately promoting cjp protest and anarchist agenda against india is true or not.

And just look at this bruh, they started flooding my feed with all the emotionally appealing videos of their https://t.co/oVWY6Jsgvw","I created a fresh account today to check if all these hues and cries over meta deliberately promoting cjp protest and anarchist agenda against india is true or not. And just look at this bruh, they started flooding my feed with all the emotionally appealing videos of their"
103,2079506629612261444,6,"Delhi police was standing peacefully.

A guy used pepper spray on Police.

When police started beating him, CJP Supporters started making videos to show police brutality.

Nobody will show the reality. https://t.co/qJiM0sWCOs","Delhi police was standing peacefully. A guy used pepper spray on Police. When police started beating him, CJP Supporters started making videos to show police brutality. Nobody will show the reality."
104,2079500608709738790,-1,"Around 1 lakh farmers are coming to Delhi to protest against the India-US trade deal. 

There is already a student protest going on in Delhi, Modi is no longer able to handle the country, he should resign now. https://t.co/kJLc2u15Fb","Around 1 lakh farmers are coming to Delhi to protest against the India-US trade deal. There is already a student protest going on in Delhi, Modi is no longer able to handle the country, he should resign now."
105,2079500071968846230,2,"This is the Reality of CJP Protest 👇

#AAPHelplineForStudents #DelhiProtest #CJPProtestUpdate https://t.co/qAeCkVMLVg",This is the Reality of CJP Protest 👇 AAPHelplineForStudents DelhiProtest CJPProtestUpdate
106,2079498386731110853,1,"BJP is again letting a Small Protest become a Monster just like Shaheen Bagh and Farmers Protest 

Delhi Police should be given a free hand 

Finish this Nonsense in name of Student Protest once and for all",BJP is again letting a Small Protest become a Monster just like Shaheen Bagh and Farmers Protest Delhi Police should be given a free hand Finish this Nonsense in name of Student Protest once and for all
107,2079498292212453842,-1,"MAMATA BANERJEE : I will go to CJP protest.

This protest is by Opposition, for Opposition, of Opposition 😭😂 https://t.co/0qOVhTWGFB","MAMATA BANERJEE : I will go to CJP protest. This protest is by Opposition, for Opposition, of Opposition 😭😂"
108,2079494564709064924,-1,"Brace for another protest!

Punjab's ann-daatas are marching to Delhi against the proposed India–US trade deal. They claim that the deal will flood the Indian market with American agricultural products, which will reduce the demand for their own produce. https://t.co/sYz6W7oXc2","Brace for another protest! Punjab's ann-daatas are marching to Delhi against the proposed India–US trade deal. They claim that the deal will flood the Indian market with American agricultural products, which will reduce the demand for their own produce."
109,2079480078048862343,4,"CJP Protester at Jantar Mantar -

""Muslims are a hundred thousand times better than Hindus. It’s better to have Muslim friends than these Hindu friends"" 

""Her mother gives me food. Making Temple won't help"" 😳

CJP protest has nothing to do with NEET https://t.co/zWxC1SzizA","CJP Protester at Jantar Mantar - ""Muslims are a hundred thousand times better than Hindus. It’s better to have Muslim friends than these Hindu friends"" ""Her mother gives me food. Making Temple won't help"" 😳 CJP protest has nothing to do with NEET"
110,2079478986049253820,27,"It's a full-on celebration at the CJP protest today.

900 pizzas, 650 plates of chhole bhature, and 1,300 burgers have already been served.

In a little while, chicken lollipops from Karim's and grilled chicken from KFC are also expected to arrive. 🥳🥳 https://t.co/t9jhfvMt5i","It's a full-on celebration at the CJP protest today. 900 pizzas, 650 plates of chhole bhature, and 1,300 burgers have already been served. In a little while, chicken lollipops from Karim's and grilled chicken from KFC are also expected to arrive. 🥳🥳"
111,2079471277426029033,-1,If Modi ji appoints me as officer in CJP protest https://t.co/I0qpxG7p6e,If Modi ji appoints me as officer in CJP protest
112,2079471053555056745,1,"The CJP protest was illegal, held without permission and under active Sec 163, BNSS. Even so, the state might have overlooked the defiance had it stopped there.

But then came the violence, arson, and assaults on security personnel. It will be a shame if the state fails to hunt https://t.co/dA8AmF4y0H","The CJP protest was illegal, held without permission and under active Sec 163, BNSS. Even so, the state might have overlooked the defiance had it stopped there. But then came the violence, arson, and assaults on security personnel. It will be a shame if the state fails to hunt"
113,2079459188250734619,-1,"🚨 Just IN 🚨 

Bangladesh's Jamaat-e-Islami has extended its support to the ongoing CJP protest in India. https://t.co/yosKpFIOQj",🚨 Just IN 🚨 Bangladesh's Jamaat-e-Islami has extended its support to the ongoing CJP protest in India.
114,2079443179527684502,6,The Delhi Police slapping and hitting a 10 year old boy during the protest. https://t.co/OpKVRWg7oS,The Delhi Police slapping and hitting a 10 year old boy during the protest.
115,2079442277190230100,4,"Vijata Dahiya

""why should I join CJP protest, People didn't elect me, I am not accountable for anything""

He is also calling all the students stupid and shamelessly boasting about eating burgers while students were being lathicharged

This is what Shamelessness looks like https://t.co/LdXIzIYYaK","Vijata Dahiya ""why should I join CJP protest, People didn't elect me, I am not accountable for anything"" He is also calling all the students stupid and shamelessly boasting about eating burgers while students were being lathicharged This is what Shamelessness looks like"
116,2079440813281673390,-1,"Sad News: A 21-year-old girl from Uttam Nagar injured during yesterday's protest in Delhi is in critical condition and on ventilator support at RML Hospital.

 #JantarMantar",Sad News: A 21-year-old girl from Uttam Nagar injured during yesterday's protest in Delhi is in critical condition and on ventilator support at RML Hospital. JantarMantar
117,2079439811312754787,18,"Cockroach protest reaches London!

Indians in London demonstrated to show solidarity with the students who were lathicharged in Delhi yesterday. https://t.co/n3TuPbdZpI",Cockroach protest reaches London! Indians in London demonstrated to show solidarity with the students who were lathicharged in Delhi yesterday.
118,2079439799988203738,1,"#WATCH | Delhi | On the CJP protest outside Parliament yesterday, BJP MP Kangana Ranaut says, ""All parliamentarians were inside the Parliament. We all were scared, thinking that the mob might attack us. I appreciate Delhi Police for playing the role of a shield, not letting https://t.co/Oop3B29PKw","WATCH | Delhi | On the CJP protest outside Parliament yesterday, BJP MP Kangana Ranaut says, ""All parliamentarians were inside the Parliament. We all were scared, thinking that the mob might attack us. I appreciate Delhi Police for playing the role of a shield, not letting"
119,2079437208294174961,24,"Several social media posts have claimed that a girl died on spot during the protests in Delhi

#PIBFactCheck

❌ This claim is #FAKE 

✅ No protest related death has occurred in Delhi 

📢 Stay alert, and report suspicious content to @PIBFactCheck

📲 WhatsApp: +91 8799711259 https://t.co/BwiWu0EFgW","Several social media posts have claimed that a girl died on spot during the protests in Delhi PIBFactCheck ❌ This claim is FAKE ✅ No protest related death has occurred in Delhi 📢 Stay alert, and report suspicious content to 📲 WhatsApp: +91 8799711259"
120,2079435723103674558,2,Joining CJP Protest https://t.co/Cfal5mhNAU,Joining CJP Protest
121,2079432456659476866,-1,"Delhi police needs to clearly tell how many people are still under detention from yesterday's protest.

All the detainees should be released immediately.

@DelhiPolice",Delhi police needs to clearly tell how many people are still under detention from yesterday's protest. All the detainees should be released immediately.
122,2079431011973369922,2,CJP founder giving  Reality check to the protestors on why he was away from the protest site after instigating them https://t.co/4jnmVBT5VX,CJP founder giving Reality check to the protestors on why he was away from the protest site after instigating them
123,2079428633551392784,6,Another video shows CJP members attacking security forces and Delhi Police personnel. https://t.co/KPDQ2l3aEZ,Another video shows CJP members attacking security forces and Delhi Police personnel.
124,2079425052462948642,-1,"I pay 40% Tax in this country, I am here because I want to help fix India's education system. 

A powerful voice from a young woman at the CJP protest. 👇 https://t.co/qb31xSOKEr","I pay 40% Tax in this country, I am here because I want to help fix India's education system. A powerful voice from a young woman at the CJP protest. 👇"
125,2079417974205845743,-1,"This is Haji Afzal from Seelampur, a history-sheeter and the first person in Delhi to be convicted under MCOCA. His wife is an Aam Aadmi Party councillor. Afzal arrived at the protest accompanied by a large group of people. https://t.co/63DVxz176y","This is Haji Afzal from Seelampur, a history-sheeter and the first person in Delhi to be convicted under MCOCA. His wife is an Aam Aadmi Party councillor. Afzal arrived at the protest accompanied by a large group of people."
126,2079415027233415416,2,Rare video of Delhi Police throwing Flowers at Students during yesterday's Protest !! https://t.co/WpY7o0jgeC,Rare video of Delhi Police throwing Flowers at Students during yesterday's Protest !!
127,2079414971600105889,-1,"Corruption is in blood of this government, imagine throwing expiry tear gas ? 

Bhai babus aur neta logo ne iss desh ka satyanash kar diya hai, iss government ne corruption itna legalized kar diya hai ki ab human value kuch rahi hi nahi hai, CJP protest jantar mantar mein expiry https://t.co/TLnJuqNIeb","Corruption is in blood of this government, imagine throwing expiry tear gas ? Bhai babus aur neta logo ne iss desh ka satyanash kar diya hai, iss government ne corruption itna legalized kar diya hai ki ab human value kuch rahi hi nahi hai, CJP protest jantar mantar mein expiry"
128,2079411039972851894,3,"Man mistakenly joins CJP protest thinking it was about Sonam Bajwa, not Sonam Wangchuk. 😂

MAN : ""Who is Sonam Wangchuk? I don't know about him""

https://t.co/yF39aK14Ft","Man mistakenly joins CJP protest thinking it was about Sonam Bajwa, not Sonam Wangchuk. 😂 MAN : ""Who is Sonam Wangchuk? I don't know about him"""
129,2079403803548529114,-1,"Meet my Cockroach 🪳 friend 💀

&gt; I warned her 100 times not to go to the protest
&gt; She said she'd get ""generational content"" &amp; joined anyway
&gt; Now she got ""generational trauma"" from getting beaten
&gt; Doesn't know the full form of NEET
&gt; In fact, she thought NEET was spelled NEAT https://t.co/OlUEGYj3pb","Meet my Cockroach 🪳 friend 💀 > I warned her 100 times not to go to the protest > She said she'd get ""generational content"" & joined anyway > Now she got ""generational trauma"" from getting beaten > Doesn't know the full form of NEET > In fact, she thought NEET was spelled NEAT"
130,2079403203695964526,-1,"I can see a lot of BJP supporters disappointed and upset over yesterday's protest and how Instagram is flooded with anti-BJP content, so read this carefully:

1) Trust Modi-Shah. They're seasoned politicians who have dealt with far bigger challenges and keep 100s of such","I can see a lot of BJP supporters disappointed and upset over yesterday's protest and how Instagram is flooded with anti-BJP content, so read this carefully: 1) Trust Modi-Shah. They're seasoned politicians who have dealt with far bigger challenges and keep 100s of such"
131,2079403156010873311,25,"Listen to this video which explains the chain of hands of the NEET paper leak , stems from Maharashtra .. price &amp; money earned 5 lac , 10 lac , 15 lac - could be even more. Do the students know this ? Ever seen any of these names in the CJP protest ? 
CBI have arrested them 2 https://t.co/7SK5we0S59","Listen to this video which explains the chain of hands of the NEET paper leak , stems from Maharashtra .. price & money earned 5 lac , 10 lac , 15 lac - could be even more. Do the students know this ? Ever seen any of these names in the CJP protest ? CBI have arrested them 2"
132,2079402277132202088,18,"So, the former AAP MLA from Delhi openly admitted that they brought goons to the protest to mingle with the goons gathered by cockroach leaders, and now believes that Modi will not be able to do anything? https://t.co/eVXzXPwdB0","So, the former AAP MLA from Delhi openly admitted that they brought goons to the protest to mingle with the goons gathered by cockroach leaders, and now believes that Modi will not be able to do anything?"
133,2079400004553166946,28,"""Were their kids not affected by NEET??"" He praises Delhi Police for their relentless duty during CJP protest. Full support and respect to Delhi Police! 🙏🏼 https://t.co/gpkZ4Ge2kZ","""Were their kids not affected by NEET??"" He praises Delhi Police for their relentless duty during CJP protest. Full support and respect to Delhi Police! 🙏🏼"
134,2079390993535934880,-1,"After CJP Protest, do you still support Modi Ji ?? https://t.co/33h0hmWsDo","After CJP Protest, do you still support Modi Ji ??"
135,2077015228366078041,-1,"▶️ #WATCH | Former Bombay Hight Court judge B G Kolse Patil came at Jantar Mantar, Delhi to extend solidarity with the CJP protest and protesting students.

🗣️Kolse Patel : 

➡️ We don't want to let die Sonam Wangchuk at like this. 

➡️ We are coming to join Parliament March on https://t.co/jsYF44q0sy","▶️ WATCH | Former Bombay Hight Court judge B G Kolse Patil came at Jantar Mantar, Delhi to extend solidarity with the CJP protest and protesting students. 🗣️Kolse Patel : ➡️ We don't want to let die Sonam Wangchuk at like this. ➡️ We are coming to join Parliament March on"
136,2074451326726234415,27,"Rain in Delhi and fun at the CJP protest go hand in hand.

Junaid Bhai came with 1,500 Garma Garam Samosas for everyone, along with 100 dozen Bananas.

Only Sonam Wangchuk won't be able to enjoy the taste of all these things. 😢😢 https://t.co/a1vWPAI0R5","Rain in Delhi and fun at the CJP protest go hand in hand. Junaid Bhai came with 1,500 Garma Garam Samosas for everyone, along with 100 dozen Bananas. Only Sonam Wangchuk won't be able to enjoy the taste of all these things. 😢😢"
137,2074330591601029207,9,"Meet Mohammed Junaid

&gt; He comes from Delhi.

&gt; He calls himself a social worker.

&gt; He is playing an active role in the CJP protest at Jantar Mantar, Delhi.

&gt; He is running a community kitchen at Jantar Mantar, Delhi.

&gt; He is providing free food and drinks to people attending https://t.co/MizX8mrxcl","Meet Mohammed Junaid > He comes from Delhi. > He calls himself a social worker. > He is playing an active role in the CJP protest at Jantar Mantar, Delhi. > He is running a community kitchen at Jantar Mantar, Delhi. > He is providing free food and drinks to people attending"
138,2062568257488585085,8,"Cockroach Janta Party: Protest या Planned Chaos? | 6 June Delhi | CJP Protest

https://t.co/tt1qRVCvuD https://t.co/LMzwqoyCkG",Cockroach Janta Party: Protest या Planned Chaos? | 6 June Delhi | CJP Protest
139,2062446889178710523,-1,Delhi Police reply to CJP Protest😂 https://t.co/T5PFz7kucF,Delhi Police reply to CJP Protest😂
140,2080441976147865862,1,"CJP supporters stopped a poor auto driver and harrased him. They have crossed every limit 

This won’t go viral because the Delhi Police aren’t the ones who did this https://t.co/sfDw01kVGK",CJP supporters stopped a poor auto driver and harrased him. They have crossed every limit This won’t go viral because the Delhi Police aren’t the ones who did this
141,2080439154643472596,1,CJP protest: The youth movement India's Modi didn't see coming https://t.co/RwIlrVx89C,CJP protest: The youth movement India's Modi didn't see coming
142,2080416721379512361,28,BIG NEWS 🚨 Mayawati says CJP protest has been politicised and it is affecting normal public life. https://t.co/byT3Yatag7,BIG NEWS 🚨 Mayawati says CJP protest has been politicised and it is affecting normal public life.
143,2080402213806223579,22,"Delhi Police is blatantly lying that no students are being illegally detained while they are on their way to, or returning from, the protest at Jantar Mantar.

They detained 20–25 students at Lodhi Colony Police Station. The SHO lied both on camera and in writing, claiming they https://t.co/m44f6j8BVs","Delhi Police is blatantly lying that no students are being illegally detained while they are on their way to, or returning from, the protest at Jantar Mantar. They detained 20–25 students at Lodhi Colony Police Station. The SHO lied both on camera and in writing, claiming they"
144,2080363489512886679,1,"Very proud of us young people! Human chains to prevent conflict.

All those creating violence are not CJP supporters. They are RSS-BJP goons sent to infiltrate the protest and derail it. Beware.",Very proud of us young people! Human chains to prevent conflict. All those creating violence are not CJP supporters. They are RSS-BJP goons sent to infiltrate the protest and derail it. Beware.
145,2080360250260275659,12,"🚨 JANTAR MANTAR IS A PROTEST SITE, NOT A DIGITAL OPEN-AIR PRISON! 🛑

Delhi Police has stationed Facial Recognition Vans to live-scan peaceful protesters. They are harvesting biometrics and extracting personal data on the spot—and we have three direct questions for the https://t.co/zCcLg3uxOE","🚨 JANTAR MANTAR IS A PROTEST SITE, NOT A DIGITAL OPEN-AIR PRISON! 🛑 Delhi Police has stationed Facial Recognition Vans to live-scan peaceful protesters. They are harvesting biometrics and extracting personal data on the spot—and we have three direct questions for the"
146,2080350521219797037,3,"This brave lady has reprimanded a Muslim reporter at CJP Protest 🚨🫡

Reporter: Do you think this protest will end the politics of BJP's Sanatan Dharma propaganda? 

She replied: ""First of all, Mind Your language before saying anything about Sanatan Dharma, and second if BJP is https://t.co/3QMltLdq18","This brave lady has reprimanded a Muslim reporter at CJP Protest 🚨🫡 Reporter: Do you think this protest will end the politics of BJP's Sanatan Dharma propaganda? She replied: ""First of all, Mind Your language before saying anything about Sanatan Dharma, and second if BJP is"
147,2080342506873720970,2,Go to the CJP Protest ONLY IF You Have STRONG BALLS 😂😂 https://t.co/7hmBOntkkJ,Go to the CJP Protest ONLY IF You Have STRONG BALLS 😂😂
148,2080332498492649643,24,"#WATCH | Delhi Police DCP Sumit Jha says, ""We have noticed that some attempts are being made to spread misinformation on social media. So far, more than 400 Pakistani social media handles have been identified, which are taking advantage of this situation and spreading fake https://t.co/0ghX5AQzjo","WATCH | Delhi Police DCP Sumit Jha says, ""We have noticed that some attempts are being made to spread misinformation on social media. So far, more than 400 Pakistani social media handles have been identified, which are taking advantage of this situation and spreading fake"
149,2080330799073873968,1,"Incredible. @RitikaChandola tracks a CJP protestor at Jantar Mantar who was a part of the Nepal Gen Z regime change. He has travelled all the way from Nepal to Delhi to be a part of the CJP mob. Is ready to camp out in Delhi for weeks. 

Ground report 👇 

cc @DelhiPolice",Incredible. tracks a CJP protestor at Jantar Mantar who was a part of the Nepal Gen Z regime change. He has travelled all the way from Nepal to Delhi to be a part of the CJP mob. Is ready to camp out in Delhi for weeks. Ground report 👇 cc
150,2080317517474496899,-1,BJP has sealed the deal for 2029 elections. Thanks to CJP protest! 🥳 https://t.co/u5MFETVOkh,BJP has sealed the deal for 2029 elections. Thanks to CJP protest! 🥳
151,2080313518969307494,1,"Passports will be cancelled for all who were involved in Hooliganism at CJP protest.

Great step by government 😂🔥 https://t.co/8Qze11SG8z",Passports will be cancelled for all who were involved in Hooliganism at CJP protest. Great step by government 😂🔥
152,2080309101314310394,22,"We're receiving multiple reports of students being randomly picked up from the streets while heading to or returning from Jantar Mantar and being detained.

We urge Delhi Police to stop these arbitrary detentions and the harassment of young students. Joining peaceful protest",We're receiving multiple reports of students being randomly picked up from the streets while heading to or returning from Jantar Mantar and being detained. We urge Delhi Police to stop these arbitrary detentions and the harassment of young students. Joining peaceful protest
153,2080307891094147240,1,"Ali Amjad, a deeply religious Muslim from Kerala who joined the protest at Jantar Mantar, said that seeing CJP is exactly how Islam describes the signs of the end of the world.

He is not just devout; he is a geopolitical expert too. According to him, Modi committed a blunder by https://t.co/wiErv2eqMr","Ali Amjad, a deeply religious Muslim from Kerala who joined the protest at Jantar Mantar, said that seeing CJP is exactly how Islam describes the signs of the end of the world. He is not just devout; he is a geopolitical expert too. According to him, Modi committed a blunder by"
154,2080299188030689417,1,"A genuine question for you

After the Delhi protest, will you still vote for BJP and Modi ji in 2029? https://t.co/wbcAo3NCDs","A genuine question for you After the Delhi protest, will you still vote for BJP and Modi ji in 2029?"
155,2080295635597893901,21,"Hello, @DelhiPolice this woman at the CJP protest is threatening to turn Delhi into Nepal. 

She looks suspicious. Please investigate her links. https://t.co/X4re3USenC","Hello, this woman at the CJP protest is threatening to turn Delhi into Nepal. She looks suspicious. Please investigate her links."
156,2080289320439816580,-1,Retired Major reacted on Army videos on CJP protest - https://t.co/dpnQKld1AR,Retired Major reacted on Army videos on CJP protest -
157,2080286824858267893,2,Best reel from the CJP Protest till date 😭😭 https://t.co/Jtdp4GPb3t,Best reel from the CJP Protest till date 😭😭
158,2080285626922893517,22,"We're receiving multiple reports of students being randomly picked up from the streets while heading to or returning from Jantar Mantar and being detained.

We urge Delhi Police to stop these arbitrary detentions and the harassment of young students. Joining peaceful protest",We're receiving multiple reports of students being randomly picked up from the streets while heading to or returning from Jantar Mantar and being detained. We urge Delhi Police to stop these arbitrary detentions and the harassment of young students. Joining peaceful protest
159,2080277559606964456,3,"Indira Jaisingh -

-Fought for Yakub Memon
-Wanted to lower the age of consent from 18 to 16
-Asked Nirbhaya’s mother to forgive her daughter’s rapists
-Defended anti-nationals eg Teesta Setalvad

And now she's supporting the CJP protest

Pathetic creature! https://t.co/cdYQd7SZJv",Indira Jaisingh - -Fought for Yakub Memon -Wanted to lower the age of consent from 18 to 16 -Asked Nirbhaya’s mother to forgive her daughter’s rapists -Defended anti-nationals eg Teesta Setalvad And now she's supporting the CJP protest Pathetic creature!
160,2080277067514671492,4,"Arijit Singh on CJP protest : ""I do not support CJP. They are not genuine students. If you disagree with my opinion, you are free to delete my songs from your playlists and forget that I exist.""

After viral graphics claimed he backed the group, he clarified that he does not https://t.co/8PTIHeS0xl","Arijit Singh on CJP protest : ""I do not support CJP. They are not genuine students. If you disagree with my opinion, you are free to delete my songs from your playlists and forget that I exist."" After viral graphics claimed he backed the group, he clarified that he does not"
161,2080274011532284212,1,"Delhi Police dropping the hammer🔥

PTI reports: Passports of those DIRECTLY involved in vi0£ence during CJP protest may be CANCELLED. 

CCTV, videos &amp; evidence being used to identify ri0ters. No more hiding abroad after creating chaos at home.

Actions have consequences. And pls","Delhi Police dropping the hammer🔥 PTI reports: Passports of those DIRECTLY involved in vi0£ence during CJP protest may be CANCELLED. CCTV, videos & evidence being used to identify ri0ters. No more hiding abroad after creating chaos at home. Actions have consequences. And pls"
162,2080268752738984138,-1,"The Christian Church joins the CJP protest.

Pastors of the Church march to join the protestors of the CJP.

The new FCRA rules will stop funding of Christian missionaries in India.

The new FCRA rules also prohibit conversion activities of all NGOs.

I was expecting this. https://t.co/A5SHhh2wJ5",The Christian Church joins the CJP protest. Pastors of the Church march to join the protestors of the CJP. The new FCRA rules will stop funding of Christian missionaries in India. The new FCRA rules also prohibit conversion activities of all NGOs. I was expecting this.
163,2080258848754204727,6,"Reality of CJP Protest!

Police was standing peacefully, CJP Goons attacked them, pelted stones at Police.

Peek TV which promoted CJP got stuck in the  attack and its anchor fell down.

They finally had to run away because of the violent CJP Goons. https://t.co/A2XNfU3Onx","Reality of CJP Protest! Police was standing peacefully, CJP Goons attacked them, pelted stones at Police. Peek TV which promoted CJP got stuck in the attack and its anchor fell down. They finally had to run away because of the violent CJP Goons."
164,2080256066559086634,1,"Good move 
Passports will be cancelled for all who were involved in Hooliganism at CJP protest.",Good move Passports will be cancelled for all who were involved in Hooliganism at CJP protest.
165,2080249191343985144,-1,"I will support CJP protest if they demand fair education system 

Like 500 marks me sabko same college milna chahiye. Chahe wo dalit ho ya baniya ya phir Brahman",I will support CJP protest if they demand fair education system Like 500 marks me sabko same college milna chahiye. Chahe wo dalit ho ya baniya ya phir Brahman
166,2080247345145598386,22,"WTF!? Are we in North Korea?

Delhi Police halting autorickshaws 
to stop people (who appear like students) from going to the protest site at Jantar Mantar

This is near Nizamuddin 17 metro stations leading to the protest site are already shut

🎥 @ikasnik https://t.co/2If6AYyqjI",WTF!? Are we in North Korea? Delhi Police halting autorickshaws to stop people (who appear like students) from going to the protest site at Jantar Mantar This is near Nizamuddin 17 metro stations leading to the protest site are already shut 🎥
167,2080235906536198278,0,Narendra modi from meesho at CJP protest 😭 https://t.co/hM6WLuJqq9,Narendra modi from meesho at CJP protest 😭
168,2080234637339791731,6,"The Nihang Sikhs who came to support the CJP protest are now disappointed themselves.

They are saying that people here are consuming drugs, deliberately pelting stones at the police, and creating riots.

It took them just two days to realize what was happening here. But the https://t.co/6iV3jyL9zq","The Nihang Sikhs who came to support the CJP protest are now disappointed themselves. They are saying that people here are consuming drugs, deliberately pelting stones at the police, and creating riots. It took them just two days to realize what was happening here. But the"
169,2080231336451907782,23,Court hearing of cjp protest against police action… https://t.co/R2ZzNl1jBE,Court hearing of cjp protest against police action…
170,2080220680352903430,14,"""They grabbed me... thrashed me badly. I have a 7-inch head wound and a fractured hand.""
​
A Delhi Police personnel posted near Tolstoy Road recounts the brutal attack by a crowd of 3,000–4,000 during the Jantar Mantar protest.

​=&gt; Are these really NEET aspirants? Is this what a","""They grabbed me... thrashed me badly. I have a 7-inch head wound and a fractured hand."" ​ A Delhi Police personnel posted near Tolstoy Road recounts the brutal attack by a crowd of 3,000–4,000 during the Jantar Mantar protest. ​=> Are these really NEET aspirants? Is this what a"
171,2080220599025365022,-1,"Found her name. She is Disha from Hyderabad. 

She reached Delhi. From the airport took a rapido and directly and reached the protest site. She is there with the protesting students.

She says she is safe and absolutely fine. 

The moment she landed in Delhi, she called her https://t.co/R4FHNa8311","Found her name. She is Disha from Hyderabad. She reached Delhi. From the airport took a rapido and directly and reached the protest site. She is there with the protesting students. She says she is safe and absolutely fine. The moment she landed in Delhi, she called her"
172,2080220052704620936,23,"Police using teargas, lathis with nails during CJP Protest: Gopal Sankaranayanan to Delhi High Court https://t.co/9T1kcrTvag","Police using teargas, lathis with nails during CJP Protest: Gopal Sankaranayanan to Delhi High Court"
173,2080218177955672076,-1,"Naara-e-Taqbeer, Allahu Akbar slogans raised at CJP protest, Jantar Mantar. 

Tell me how this is a bloody students' protest. Tell me how this is not Shaheen Bagh 2.0. https://t.co/kKmhEexCyD","Naara-e-Taqbeer, Allahu Akbar slogans raised at CJP protest, Jantar Mantar. Tell me how this is a bloody students' protest. Tell me how this is not Shaheen Bagh 2.0."
174,2080215773793140853,-1,"Joju George stands with the students. 🔥😍
Actor Joju George attended the solidarity in support of the students’ protest taking place in Delhi. ❤️ https://t.co/s9OaP7OyPF",Joju George stands with the students. 🔥😍 Actor Joju George attended the solidarity in support of the students’ protest taking place in Delhi. ❤️
175,2080210449015177336,20,20 July 1:30 PM : Sharing a clear video showing how the violence was started by CJP supporters. Delhi Police personnel can be seen trying hard to control the situation and prevent further escalation. https://t.co/kU1qiuRyG0,20 July 1:30 PM : Sharing a clear video showing how the violence was started by CJP supporters. Delhi Police personnel can be seen trying hard to control the situation and prevent further escalation.
176,2080209326497767877,6,"Sword-wielding Nihangs were assaulted by CJP protesters and are now seeking help from the Delhi Police.
 https://t.co/ajBz5pICal",Sword-wielding Nihangs were assaulted by CJP protesters and are now seeking help from the Delhi Police.
177,2080206766437191728,6,"CJP goons attacked Nihang Sikhs, and now the Sikhs are standing in support of Delhi Police https://t.co/Wvmp8TARDZ","CJP goons attacked Nihang Sikhs, and now the Sikhs are standing in support of Delhi Police"
178,2080204763258646595,10,"VIDEO | Delhi: Advocates at the Supreme Court read the Constitution's Preamble in support of the Jantar Mantar protest and against police action.

Advocate Indira Jaising says, ""We are here to stand with the students. We are here to stand on the side of justice. We are here to https://t.co/f53Iz1IlI3","VIDEO | Delhi: Advocates at the Supreme Court read the Constitution's Preamble in support of the Jantar Mantar protest and against police action. Advocate Indira Jaising says, ""We are here to stand with the students. We are here to stand on the side of justice. We are here to"
179,2080203840113295570,2,"Republic TV at 8:00 AM: 🇺🇸Soros and deep agents are behind the Delhi protest

Republic TV at 2:00 PM: 🇨🇳China is scripting regime change in India via the Delhi protest

Republic TV at 7:00 PM: 🇧🇩Bangladesh is funding the protest https://t.co/DoPIf4f1zr",Republic TV at 8:00 AM: 🇺🇸Soros and deep agents are behind the Delhi protest Republic TV at 2:00 PM: 🇨🇳China is scripting regime change in India via the Delhi protest Republic TV at 7:00 PM: 🇧🇩Bangladesh is funding the protest
180,2080199305000870236,3,"She is abusing Prime Minister of India &amp; also Prime Minister of Italy

Just listen to the language 

It is important to post these videos without any cuts &amp; blurs

Social Media &amp; Internet Impressions never die

This protest has now captured some highly abusive youth with clear https://t.co/Uy7tC2WYL2",She is abusing Prime Minister of India & also Prime Minister of Italy Just listen to the language It is important to post these videos without any cuts & blurs Social Media & Internet Impressions never die This protest has now captured some highly abusive youth with clear
181,2080197769474802067,3,"Anna Hazare joined students protesting in Nagar &amp; turned emotional. Maintaining that it was a 'silent protest', Hazare said he would not speak to the media. Before that, he left our interview in mid-way!
#CJP #AnnaHazare @mumbaitak @IndiaToday https://t.co/95VKtg4TCC","Anna Hazare joined students protesting in Nagar & turned emotional. Maintaining that it was a 'silent protest', Hazare said he would not speak to the media. Before that, he left our interview in mid-way! CJP AnnaHazare"
182,2080196646886125965,1,"Genuine question 

After the Delhi protest, will you still vote for BJP and Modi ji in 2029? https://t.co/BOZVN2Y1DT","Genuine question After the Delhi protest, will you still vote for BJP and Modi ji in 2029?"
183,2080195406148091927,9,"""Will Frame You In Drug Case"": Mumbai Cop Suspended For Threatening Protesters
https://t.co/Q1Ep8Mqiyj https://t.co/nMbdK0G9QH","""Will Frame You In Drug Case"": Mumbai Cop Suspended For Threatening Protesters"
184,2080194534190039501,2,"A Sikh brother has totally exposed the real face of CJP protest

•⁠  ⁠the protest is no more about interests of students 
•⁠  ⁠⁠everyone is baking their own rotis 
•⁠  ⁠⁠not even 20% are students in the CJP protest

Slowly everyone will understand the real motive of https://t.co/4tZuSX2km2",A Sikh brother has totally exposed the real face of CJP protest •⁠ ⁠the protest is no more about interests of students •⁠ ⁠⁠everyone is baking their own rotis •⁠ ⁠⁠not even 20% are students in the CJP protest Slowly everyone will understand the real motive of
185,2080194094077493562,-1,"#WATCH | Delhi: Head Constable Balram, who was injured during the CJP protest yesterday, says, ""I was on protest duty, crossing the road from Parliament Street near the Regal Building. A crowd was following me. Someone stabbed me from behind, causing a lot of bleeding. I was then https://t.co/CM0HfrSBjO","WATCH | Delhi: Head Constable Balram, who was injured during the CJP protest yesterday, says, ""I was on protest duty, crossing the road from Parliament Street near the Regal Building. A crowd was following me. Someone stabbed me from behind, causing a lot of bleeding. I was then"
186,2080188853542162801,1,"Naseeruddin Shah rakes up '2002' while speaking on the 2026 CJP protest.

2002 still hurts them!!!

It was the day when they lost their street power in Gujarat. https://t.co/CUIB5LgUUg",Naseeruddin Shah rakes up '2002' while speaking on the 2026 CJP protest. 2002 still hurts them!!! It was the day when they lost their street power in Gujarat.
187,2080186814850388367,-1,"“Ram Mandir or whatever the f*** it is,” says a CJP protester in Delhi

Such contempt is reserved only for Hindu symbols. The same person won’t dare use this language for Babri structure let alone the structure in Mecca Medina 

This is the mindset the CJP and its promoters are https://t.co/SDQoAsawqs","“Ram Mandir or whatever the f*** it is,” says a CJP protester in Delhi Such contempt is reserved only for Hindu symbols. The same person won’t dare use this language for Babri structure let alone the structure in Mecca Medina This is the mindset the CJP and its promoters are"
188,2080177443047133390,-1,"A girl went to support students at Jantar Mantar.

Listen to her experience.

- Police was standing peacefully
- Some CJP Supporters started throwing stones
- few moments later more supporters started pelting stones at Police.

Says now the protest is not in control, anti-India https://t.co/DT5G1UwATq","A girl went to support students at Jantar Mantar. Listen to her experience. - Police was standing peacefully - Some CJP Supporters started throwing stones - few moments later more supporters started pelting stones at Police. Says now the protest is not in control, anti-India"
189,2080176389592932850,22,"As an educator, I find it deeply painful to watch the image of our students being tarnished on media.
The students' protest is taking place peacefully at Jantar Mantar. If there are reports of violence elsewhere in Delhi, please do not rush to attribute them to this movement","As an educator, I find it deeply painful to watch the image of our students being tarnished on media. The students' protest is taking place peacefully at Jantar Mantar. If there are reports of violence elsewhere in Delhi, please do not rush to attribute them to this movement"
190,2080174799368679934,3,"REMEMBER this person from CJP protesters in Delhi? 

“Do not abuse Modi.
Do not use bad words against Modi.
Sikhs will not tolerate bad words against Modi.
Say Bharat Mata Ki Jai.
Fight for education, but do not use bad words against Modi.” https://t.co/1J4DtU3j0V","REMEMBER this person from CJP protesters in Delhi? “Do not abuse Modi. Do not use bad words against Modi. Sikhs will not tolerate bad words against Modi. Say Bharat Mata Ki Jai. Fight for education, but do not use bad words against Modi.”"
191,2080165388487405692,-1,These CJP Terr*rists who is responsible for the Delhi riots. I have arranged everything…Agree..? https://t.co/Tb4Huf3ETC,These CJP Terr*rists who is responsible for the Delhi riots. I have arranged everything…Agree..?
192,2080162530652278945,10,#BREAKING: PIL seeking NIA probe into CJP Parliament Protest March mentioned before Delhi High Court today. Court has allowed listing of the matter for tomorrow. Plea seeks probe into allegations of foreign funding of CJP protest at Jantar Mantar.,BREAKING: PIL seeking NIA probe into CJP Parliament Protest March mentioned before Delhi High Court today. Court has allowed listing of the matter for tomorrow. Plea seeks probe into allegations of foreign funding of CJP protest at Jantar Mantar.
193,2080162144793018638,-1,"This student alleges that Delhi Police brutally beat him on the first day of the protest.

So he came back the next day wearing his full cricket kit.

Gen Z really has a solution for everything. I hope the future of this country is bright. 😭 https://t.co/rEoNuBM3Yf",This student alleges that Delhi Police brutally beat him on the first day of the protest. So he came back the next day wearing his full cricket kit. Gen Z really has a solution for everything. I hope the future of this country is bright. 😭
194,2080161121198358976,4,"NEET topper bashing the so called student protest of CJP 🚨

Question: What do you think about student protest going on in our country ?

She said : ""Look, from what I saw of this protest, I felt that there are no NEET students in this protest, the way they are chanting slogans https://t.co/sYnIrF3p5E","NEET topper bashing the so called student protest of CJP 🚨 Question: What do you think about student protest going on in our country ? She said : ""Look, from what I saw of this protest, I felt that there are no NEET students in this protest, the way they are chanting slogans"
195,2080156124414980117,25,"A feminist, communist, liberal, educated woman is asking people to donate money to her for students who committed suicide because of paper leaks. 😭😭

And I am sure, she is not the only one who is doing it.

All kind of illegal, immoral things are happening in garb of the CJP https://t.co/edJ9JD0hi2","A feminist, communist, liberal, educated woman is asking people to donate money to her for students who committed suicide because of paper leaks. 😭😭 And I am sure, she is not the only one who is doing it. All kind of illegal, immoral things are happening in garb of the CJP"
196,2080152599093989407,6,"🚨 Nihang Sikhs are also exposing the CJP protest:

We came here to help the students, but some people are trying to provoke the police. The police are sitting peacefully, yet they are still being provoked.

They are damaging buses and public property, but at the end of the day, https://t.co/tkIqsGXAUA","🚨 Nihang Sikhs are also exposing the CJP protest: We came here to help the students, but some people are trying to provoke the police. The police are sitting peacefully, yet they are still being provoked. They are damaging buses and public property, but at the end of the day,"
197,2080140602189234184,-1,"Look at this girl — she hasn’t even passed 12th grade yet. By just showing up at the CJP protests, she gained massive visibility, grew her Social Media, and now sells oil and shampoo from home. 

Some people are attending the CJP protest purely for social media growth. They say https://t.co/72RRlejbhG","Look at this girl — she hasn’t even passed 12th grade yet. By just showing up at the CJP protests, she gained massive visibility, grew her Social Media, and now sells oil and shampoo from home. Some people are attending the CJP protest purely for social media growth. They say"
198,2080138468374851695,1,"Imagine if members of Bajrang Dal and RSS also came to Jantar Mantar Delhi in support of Prime Minister Modi?

Then? Therefore, the CJP should control its people and refrain from making indecent and controversial comments about Lord Shri Ram. https://t.co/7kHiN9lGwk","Imagine if members of Bajrang Dal and RSS also came to Jantar Mantar Delhi in support of Prime Minister Modi? Then? Therefore, the CJP should control its people and refrain from making indecent and controversial comments about Lord Shri Ram."
199,2080132164243562503,20,"#WATCH | Delhi: CCTV footage from July 20th during the protest at Jantar Mantar has surfaced, which has been confirmed by the Delhi Police. The footage shows incidents of stone-pelting, breaking of glass at petrol pumps and shops. Delhi Police and RAF personnel are also seen https://t.co/HSmZb5MTGW","WATCH | Delhi: CCTV footage from July 20th during the protest at Jantar Mantar has surfaced, which has been confirmed by the Delhi Police. The footage shows incidents of stone-pelting, breaking of glass at petrol pumps and shops. Delhi Police and RAF personnel are also seen"
200,2080125786535964829,1,"This American is calling Indian forces and govt fascist pigs!

What is an American doing in CJP protest in Delhi?

He is lucky he is in India and NOT in China, Iran, Pakistan or Middle East

CC: @MEAIndia  https://t.co/P0GnTqfNRh","This American is calling Indian forces and govt fascist pigs! What is an American doing in CJP protest in Delhi? He is lucky he is in India and NOT in China, Iran, Pakistan or Middle East CC:"
201,2080123814214836587,11,"#WATCH | Delhi: Founding President of Cockroach Janta Party, Abhijeet Dipke says, ""People are being sent from outside to deliberately disrupt the protest. We have been sitting here for a month. No such incident has happened in a month. But now, as this protest has grown, goons https://t.co/eqSeYcfhm1","WATCH | Delhi: Founding President of Cockroach Janta Party, Abhijeet Dipke says, ""People are being sent from outside to deliberately disrupt the protest. We have been sitting here for a month. No such incident has happened in a month. But now, as this protest has grown, goons"
202,2080116242191728993,23,"Appearing before the Delhi High Court in the plea challenging the alleged police brutalities during the recent student protest over examination paper leaks, Senior Advocate Gopal Sankaranarayanan argued that judicial intervention was imperative to uphold the rule of law. He https://t.co/i99Zg72EoO","Appearing before the Delhi High Court in the plea challenging the alleged police brutalities during the recent student protest over examination paper leaks, Senior Advocate Gopal Sankaranarayanan argued that judicial intervention was imperative to uphold the rule of law. He"
203,2080113167108289016,1,"CJP protest had atleast 1 good effect:
People started talking about Reservation!!!",CJP protest had atleast 1 good effect: People started talking about Reservation!!!
204,2077720124971487632,2,"Parliament Session starts 20th July

All MPs will be in Delhi and CJP protest is also going on

Do you think this will Turn into a Political Movement?",Parliament Session starts 20th July All MPs will be in Delhi and CJP protest is also going on Do you think this will Turn into a Political Movement?
205,2077683798766956888,2,"▶️ #WATCH | Abhinay Sharma @abhinaymaths known as Abhinay Sir, famous for his unique style of teaching mathematics, visited Jantar Mantar and reiterated his support for the ongoing CJP protest in Delhi.

➡️ Abhinay Sharma criticizes the government for its perceived lack of https://t.co/AzW7DrUIAa","▶️ WATCH | Abhinay Sharma known as Abhinay Sir, famous for his unique style of teaching mathematics, visited Jantar Mantar and reiterated his support for the ongoing CJP protest in Delhi. ➡️ Abhinay Sharma criticizes the government for its perceived lack of"
206,2075251259981111566,-1,"Let me tell you how big a liar Abhijeet Dipke is.

The Delhi Police immediately allowed the CJP protest to put up a tent and a tarpaulin to protect themselves from the rain. But Abhijeet Dipke insisted on using iron stands instead.

The police also allowed the tarpaulin to be https://t.co/RZb0KIIZ60",Let me tell you how big a liar Abhijeet Dipke is. The Delhi Police immediately allowed the CJP protest to put up a tent and a tarpaulin to protect themselves from the rain. But Abhijeet Dipke insisted on using iron stands instead. The police also allowed the tarpaulin to be
207,2075149775553589624,9,"🚨 #WATCH | CJP Protest Jantar Mantar, Delhi 🚨 

➡️Protesters at Delhi's Jantar Mantar are being prevented from entering the protest site. 

➡️Students have started a sit-in protest right outside the venue.

➡️A heavy police force has been deployed there.

➡️Amidst the rain, the https://t.co/1j3iCopEPY","🚨 WATCH | CJP Protest Jantar Mantar, Delhi 🚨 ➡️Protesters at Delhi's Jantar Mantar are being prevented from entering the protest site. ➡️Students have started a sit-in protest right outside the venue. ➡️A heavy police force has been deployed there. ➡️Amidst the rain, the"
208,2072739555716042896,-1,"This person who openly questioned the existance of Prabhu Shree Ram, slammed SC judgement, abused Prabhu Ram and Mata Sita, unnecessarily dragged PM Modi's wife and mother - was given Stage at CJP protest in Delhi. https://t.co/jxRH3YliAL","This person who openly questioned the existance of Prabhu Shree Ram, slammed SC judgement, abused Prabhu Ram and Mata Sita, unnecessarily dragged PM Modi's wife and mother - was given Stage at CJP protest in Delhi."
209,2071199383555875250,13,"As Sonam Wangchuk has now begun a hunger strike at the CJP protest in Delhi today,

Now, sources indicate that in the coming days, an actor and a singer are also expected to arrive in Delhi to join the protest.

The actor is well-known for playing villain roles in movies and","As Sonam Wangchuk has now begun a hunger strike at the CJP protest in Delhi today, Now, sources indicate that in the coming days, an actor and a singer are also expected to arrive in Delhi to join the protest. The actor is well-known for playing villain roles in movies and"
210,2068720449207628108,8,"Cockroach Janta party Protest | CJP
Day 2, Delhi 📍
⏱️ 8:40 PM

👦 Bande mein Dum to hain 👊🏻

#भरतपुर_चलो #One8GlobalPremiere 
#OGUniverse हनुमान सेना
#WilliamEstFMinMadrid https://t.co/eIkLtZtqwD","Cockroach Janta party Protest | CJP Day 2, Delhi 📍 ⏱️ 8:40 PM 👦 Bande mein Dum to hain 👊🏻 भरतपुर_चलो One8GlobalPremiere OGUniverse हनुमान सेना WilliamEstFMinMadrid"
211,2068685732873699419,-1,"Shyam Meera Singh was beaten up during the CJP protest. 🥳

Source - Cjp Protest, Jantar Mantar Delhi. https://t.co/fA9JO48PUl","Shyam Meera Singh was beaten up during the CJP protest. 🥳 Source - Cjp Protest, Jantar Mantar Delhi."
212,2063653840617165305,0,"Important announcement 📣 

CJP will mobilize across India before returning to Delhi for our next big protest. 

Dharmendra Pradhan must resign!

#CockroachJantaParty #CJP #AbhijitDipke #delhi https://t.co/5JtHqGNfHL",Important announcement 📣 CJP will mobilize across India before returning to Delhi for our next big protest. Dharmendra Pradhan must resign! CockroachJantaParty CJP AbhijitDipke delhi
213,2063651278073504245,18,"🚨 SHOCKING &amp; SHAMEFUL 

A Cockroach claiming to be Delhi High Court advocate participating in the CJP protest says, “I have NO PROBLEM if India is BROKEN into 7 pieces.” https://t.co/VQPrKlRfAJ","🚨 SHOCKING & SHAMEFUL A Cockroach claiming to be Delhi High Court advocate participating in the CJP protest says, “I have NO PROBLEM if India is BROKEN into 7 pieces.”"
214,2063647085228962191,0,"Important announcement 📣 

CJP will mobilize across India before returning to Delhi for our next big protest. 

Dharmendra Pradhan must resign! https://t.co/y3Oq5cxOki",Important announcement 📣 CJP will mobilize across India before returning to Delhi for our next big protest. Dharmendra Pradhan must resign!
215,2078908092868358573,2,"Never thought that this scene will ever come true from Reel life to Real life !!😂

CJP protest in a nut shell.🔥 https://t.co/YEgwAtfPBL",Never thought that this scene will ever come true from Reel life to Real life !!😂 CJP protest in a nut shell.🔥
216,2078898948656521567,28,"This Is Truly Heartwarming : ❤️

Specially-abled students at the CJP protest at Jantar Mantar are sharing their voices through sign language.👇 https://t.co/eWkCltO7no",This Is Truly Heartwarming : ❤️ Specially-abled students at the CJP protest at Jantar Mantar are sharing their voices through sign language.👇
217,2078897200936202538,-1,"Uncle is a BJP Member 

Uncle has Taken lut a loan of 5 lakh for his Son's NEET preparation 

NEET cancelled ,Uncle lost his Money and son Frustrated and joined CJP Protest 

Uncle wants BJP to throw away Dharmendra Pradhan from cabinet otherwise they will come to street 

Unce https://t.co/w1TofoCBUl","Uncle is a BJP Member Uncle has Taken lut a loan of 5 lakh for his Son's NEET preparation NEET cancelled ,Uncle lost his Money and son Frustrated and joined CJP Protest Uncle wants BJP to throw away Dharmendra Pradhan from cabinet otherwise they will come to street Unce"
218,2078885163074011460,-1,"DCP New Delhi, Sachin Sharma has clarified that no application seeking permission for a protest march by CJP has been received by the Delhi Police, nor has any permission been granted for 20th July protest march. https://t.co/yISILBQHcg","DCP New Delhi, Sachin Sharma has clarified that no application seeking permission for a protest march by CJP has been received by the Delhi Police, nor has any permission been granted for 20th July protest march."
219,2078877642795954340,2,"🚨 BREAKING!

Hundreds of buses carrying Punjab farmers will head to Delhi on JULY 20 for the “Desh Bachao Morcha” rally at Kisan Ghat 🤯

— The protest will be held against the proposed India–US trade deal. https://t.co/RhtOfsigTj",🚨 BREAKING! Hundreds of buses carrying Punjab farmers will head to Delhi on JULY 20 for the “Desh Bachao Morcha” rally at Kisan Ghat 🤯 — The protest will be held against the proposed India–US trade deal.
220,2078858599489810941,2,"🚨Prohabitory orders u/s 163 BNSS are in force in New Delhi District except designated protest site at Jantar Mantar Road. 

Further, no permission has been sought or granted for any proposed march to Parliament on 20 July 2026.

Citizens are advised not to participate in any https://t.co/aUio5slVM6","🚨Prohabitory orders u/s 163 BNSS are in force in New Delhi District except designated protest site at Jantar Mantar Road. Further, no permission has been sought or granted for any proposed march to Parliament on 20 July 2026. Citizens are advised not to participate in any"
221,2078848531469877317,-1,"Aditya Thackeray 
Uddhav Thackeray 
Manish Sisodiya 
Arvind Kejriwal
Shabana Azmi 
Sonakshi Sinha 
Prakash Raj 

The list is long! 
CJP Protest is seeing people who are Anti-BJP
This is not a protest for Students, its an Anti BJP Protest  https://t.co/ixQs1jxCll","Aditya Thackeray Uddhav Thackeray Manish Sisodiya Arvind Kejriwal Shabana Azmi Sonakshi Sinha Prakash Raj The list is long! CJP Protest is seeing people who are Anti-BJP This is not a protest for Students, its an Anti BJP Protest"
222,2078847123882475838,0,"""I won't hesitate in demanding resignation of PM Narendra Modi""

- ADITYA THACKERAY AT CJP PROTEST https://t.co/6HV2JIVm4d","""I won't hesitate in demanding resignation of PM Narendra Modi"" - ADITYA THACKERAY AT CJP PROTEST"
223,2078846887856308593,-1,"VIDEO | Delhi: On the protest at Jantar Mantar, TMC MP Mahua Moitra says, ""Such early morning strike is usually done in enemy states. This is the first time in a democracy that the government is carrying on morning day break secret coward operation on its own citizens, who are https://t.co/5HHTyDl2Xe","VIDEO | Delhi: On the protest at Jantar Mantar, TMC MP Mahua Moitra says, ""Such early morning strike is usually done in enemy states. This is the first time in a democracy that the government is carrying on morning day break secret coward operation on its own citizens, who are"
224,2078843947317592109,13,"“We are proud of Sonam Wangchuk, Abhijeet Dipke and all the protestors on hunger strike in Delhi fighting for all of us”

Shiv Sena leader @AUThackeray at the protest in Mumbai organized against the Education Minister. https://t.co/jPUkLoYwtP","“We are proud of Sonam Wangchuk, Abhijeet Dipke and all the protestors on hunger strike in Delhi fighting for all of us” Shiv Sena leader at the protest in Mumbai organized against the Education Minister."
225,2078840773056065804,2,"PUBLIC ADVISORY 

In view of reports of a proposed march to Parliament by CJP on 20.07.2026 (Monday), Delhi Police hereby categorically clarifies  that no permission has been sought or granted for any such protest march/procession.

Prohibitory order under Section 163 BNSS","PUBLIC ADVISORY In view of reports of a proposed march to Parliament by CJP on 20.07.2026 (Monday), Delhi Police hereby categorically clarifies that no permission has been sought or granted for any such protest march/procession. Prohibitory order under Section 163 BNSS"
226,2078783774557704430,9,"▶️ #WATCH | CJP Protest And Hunger Strike | Jantar Mantar, Delhi 

➡️ Delhi Police is preparing to crack down to end the CJP protest and hunger strike at Jantar Mantar.

➡️ Heavy police force has been deployed at Delhi's Jantar Mantar to clear the CJP protest and hunger strike. https://t.co/0ZqIsEPuQK","▶️ WATCH | CJP Protest And Hunger Strike | Jantar Mantar, Delhi ➡️ Delhi Police is preparing to crack down to end the CJP protest and hunger strike at Jantar Mantar. ➡️ Heavy police force has been deployed at Delhi's Jantar Mantar to clear the CJP protest and hunger strike."
227,2078766572399948012,-1,"SHOCKING NEWS 🚨 Calls for the restoration of Article 370 were raised from the CJP protest stage by a J&amp;K MP 😳

Wangchuk calls it a ""Freedom March""

Demands raised for Umar Khalid and the restoration of Article 370 by CJP.
 https://t.co/uuO1GT8pG6","SHOCKING NEWS 🚨 Calls for the restoration of Article 370 were raised from the CJP protest stage by a J&K MP 😳 Wangchuk calls it a ""Freedom March"" Demands raised for Umar Khalid and the restoration of Article 370 by CJP."
228,2078753436263395625,3,"When international media (Sky news Australia) is covering the CJP protest, who needs validation of Godi Media.

Boycott Godi Media ✅️ https://t.co/sA3lO28SQc","When international media (Sky news Australia) is covering the CJP protest, who needs validation of Godi Media. Boycott Godi Media ✅️"
229,2078743065666404856,-1,"🚨 SHOCKER! J&amp;K MP demands RESTORATION of Article 370 from the CJP protest stage at Jantar Mantar. 

What started as a student movement against the NEET paper leak is now hosting calls for the restoration of Article 370.

=&gt; Their masks are slowly coming off.",🚨 SHOCKER! J&K MP demands RESTORATION of Article 370 from the CJP protest stage at Jantar Mantar. What started as a student movement against the NEET paper leak is now hosting calls for the restoration of Article 370. => Their masks are slowly coming off.
230,2078722755038716051,-1,"🚨 ARTICLE 370 on CJP Agenda?

Calls for the RESTORATION of Article 370 were raised from the CJP protest stage by an J&amp;K MP 🤯

- Wangchuk calls it ""FREEDOM MARCH""
- Calls for Umar Khalid &amp; Article 370
What's next?👀
https://t.co/kmMOsp1YH4","🚨 ARTICLE 370 on CJP Agenda? Calls for the RESTORATION of Article 370 were raised from the CJP protest stage by an J&K MP 🤯 - Wangchuk calls it ""FREEDOM MARCH"" - Calls for Umar Khalid & Article 370 What's next?👀"
231,2078719404314075492,0,"GRWM To Join CJP Protest.

Now Big Revolution Will Come.

Not only Dharmendra Pradhan,
But Now Mudi Will Give Resignation.

🤡
#cjp https://t.co/r3RFNiuHD9","GRWM To Join CJP Protest. Now Big Revolution Will Come. Not only Dharmendra Pradhan, But Now Mudi Will Give Resignation. 🤡 cjp"
232,2078712534433988937,-1,"PLEASE NOTE

Sources: 30-40 goons from BJP and Delhi Police have infiltrated our protest site and will try to make anti-India provocative statements to create mischief today. We have to expose and reject such people - they are not supporters of CJP or Sonam Wangchuk! https://t.co/CRm6T8099t",PLEASE NOTE Sources: 30-40 goons from BJP and Delhi Police have infiltrated our protest site and will try to make anti-India provocative statements to create mischief today. We have to expose and reject such people - they are not supporters of CJP or Sonam Wangchuk!
233,2078696650084700528,2,"The March on 20 July will take place, as Sonam Sir has decided.

I request all supporters to reach Jantar Mantar. Both our protest and the march will remain peaceful. Anyone who creates any kind of disruption or raises negative slogans cannot be a supporter of Sonam Sir or CJP. https://t.co/52MvJtZ7tv","The March on 20 July will take place, as Sonam Sir has decided. I request all supporters to reach Jantar Mantar. Both our protest and the march will remain peaceful. Anyone who creates any kind of disruption or raises negative slogans cannot be a supporter of Sonam Sir or CJP."
234,2078655327004962960,6,"Early this morning, Chandrashekhar Azad Ravan arrived at the CJP protest and started threatening the Delhi Police.

Abhijeet Dipke can't handle anything on his own, so he has brought in hired goons instead. https://t.co/UE6ZD3P6MO","Early this morning, Chandrashekhar Azad Ravan arrived at the CJP protest and started threatening the Delhi Police. Abhijeet Dipke can't handle anything on his own, so he has brought in hired goons instead."
235,2073856883870536052,2,"Abhijeet Dipke - 10000 People Attended CJP Protest on 6th July

Vijeta Dhaiya: 8000 People Attended CJP Protest on 6th July

Mitha Das : 6000 People Attended CJP Protest on 6th July

Ashutosh Ranka: 15000 People Attended CJP Protest on 6th July

Sonam Wangchuk: 7000 People",Abhijeet Dipke - 10000 People Attended CJP Protest on 6th July Vijeta Dhaiya: 8000 People Attended CJP Protest on 6th July Mitha Das : 6000 People Attended CJP Protest on 6th July Ashutosh Ranka: 15000 People Attended CJP Protest on 6th July Sonam Wangchuk: 7000 People
236,2073732372160532851,-1,"Arundhati Roy receives a grand welcome at the CJP protest in Delhi.

This is the same Arundhati Roy who once argued that:
-&gt; Goa’s 1961 liberation was an “upper-caste Hindu state waging WAR against Christians.” https://t.co/8mDmyTgrTs",Arundhati Roy receives a grand welcome at the CJP protest in Delhi. This is the same Arundhati Roy who once argued that: -> Goa’s 1961 liberation was an “upper-caste Hindu state waging WAR against Christians.”
237,2073621834424266861,11,"Abhijeet Dipke called German Shepherd (aka Dhruv Rathee) form Jantar Mantar.

When some people asked Dhruv Rathee to come to Delhi and join the CJP protest, Dhruv Rathee ignored them. 🤣🤣🤣 https://t.co/7h7hIqMQv6","Abhijeet Dipke called German Shepherd (aka Dhruv Rathee) form Jantar Mantar. When some people asked Dhruv Rathee to come to Delhi and join the CJP protest, Dhruv Rathee ignored them. 🤣🤣🤣"
238,2068401695944855827,-1,"Cockroach Janta Party | CJP Protest
Jantar Mantar, Delhi 📍
Dharamder Pradhan - RESIGNATION https://t.co/6qMMF0YHAD","Cockroach Janta Party | CJP Protest Jantar Mantar, Delhi 📍 Dharamder Pradhan - RESIGNATION"
239,2068339756673700036,2,"7.55 PM, 20 June, 2026. Jantar Mantar, New Delhi.

CJP continues protest at Jantar Mantar

Abhijeet Dipke Appeals to Delhi Police to turn on lights and don’t stop  Water Bottles at the entrance. 

Video Source : @Cockroachisback https://t.co/vxLRK1A1Si","7.55 PM, 20 June, 2026. Jantar Mantar, New Delhi. CJP continues protest at Jantar Mantar Abhijeet Dipke Appeals to Delhi Police to turn on lights and don’t stop Water Bottles at the entrance. Video Source :"
240,2068309472184090712,9,"JUST IN | Delhi Police has blocked entry to Jantar Mantar, where CJP continues to protest.

Delhi Police announced that the protest permission was only till 5 pm and have asked protestors to vacate the protest site.

- reports @ikasnik","JUST IN | Delhi Police has blocked entry to Jantar Mantar, where CJP continues to protest. Delhi Police announced that the protest permission was only till 5 pm and have asked protestors to vacate the protest site. - reports"
241,2068274423338336753,8,"Cockroach Janta Party | CJP Protest
Jantar Mantar, Delhi 📍

🚫 Corono Days - Thali Bajao 😎

Go Pradhan go. https://t.co/Xz2ivTJlRH","Cockroach Janta Party | CJP Protest Jantar Mantar, Delhi 📍 🚫 Corono Days - Thali Bajao 😎 Go Pradhan go."
242,2068258930921468318,2,"CJP protest in Delhi : Jantar Mantar sees better turnout than last time, protestors wait for Dipke ji, https://t.co/n7vvumJI9v","CJP protest in Delhi : Jantar Mantar sees better turnout than last time, protestors wait for Dipke ji,"
243,2063242185106198571,8,This is why Cockroach janta party CJP Protest failed in Delhi https://t.co/0v6Kc8m3Rb,This is why Cockroach janta party CJP Protest failed in Delhi
244,2063241778728501498,2,"Arfa Khanum becomes angry while reporting on CJP protest in Delhi

""Over 2-3 crore people follow CJP on Social media yet only 1000-2000 people showed up on protest site today"" - She says with tears in her eyes 😂

1 aur zakhm..","Arfa Khanum becomes angry while reporting on CJP protest in Delhi ""Over 2-3 crore people follow CJP on Social media yet only 1000-2000 people showed up on protest site today"" - She says with tears in her eyes 😂 1 aur zakhm.."
245,2063169350002241738,3,"My experience after attending today's CJP Protests:

I have covered various protests for my media house over the last 15 years.

I have attended the IAC protests, Farmers' Protest, Wrestlers' Protest, and now the CJP Protest.

Let me share my experience comparing the CJP Protest https://t.co/8cbDCc3MJV","My experience after attending today's CJP Protests: I have covered various protests for my media house over the last 15 years. I have attended the IAC protests, Farmers' Protest, Wrestlers' Protest, and now the CJP Protest. Let me share my experience comparing the CJP Protest"
246,2063135118701875383,11,"Abhijeet Dipke Reaches Jantar Mantar, Large Crowds Gather for CJP Protest

Delhi: The Cockroach Janta Party (CJP) protest got underway at Jantar Mantar as founder Abhijeet Dipke arrived at the venue and addressed supporters.

A large gathering of people joined the demonstration, https://t.co/TvNDQpiKSO","Abhijeet Dipke Reaches Jantar Mantar, Large Crowds Gather for CJP Protest Delhi: The Cockroach Janta Party (CJP) protest got underway at Jantar Mantar as founder Abhijeet Dipke arrived at the venue and addressed supporters. A large gathering of people joined the demonstration,"
247,2063104501222166951,11,"Cockroach Janta Party -Abhijeet Dipke

CJP Delhi protest You should take the book with Modi's guarantee. Abhijeet Dipke has asked his cockroach to bring the book.

The youth should get the message about what Mr. Modi had promised before becoming the Prime Minister and what he is https://t.co/jIumd1TZ95",Cockroach Janta Party -Abhijeet Dipke CJP Delhi protest You should take the book with Modi's guarantee. Abhijeet Dipke has asked his cockroach to bring the book. The youth should get the message about what Mr. Modi had promised before becoming the Prime Minister and what he is
248,2063104239531118922,9,"Delhi Police gives permission for Protest at Jantar Mantar.

CJP had planned Drama outside Police Station, so police gave permission at Airport itself.

Now CJP has no Excuse for confrontation with Delhi Police.

But CJP doesn't want peaceful protest, they want Chaos.

They https://t.co/xY4JaozMUq","Delhi Police gives permission for Protest at Jantar Mantar. CJP had planned Drama outside Police Station, so police gave permission at Airport itself. Now CJP has no Excuse for confrontation with Delhi Police. But CJP doesn't want peaceful protest, they want Chaos. They"
249,2081025611448086979,31,"Delhi CJP Protest Ends: CJP Calls Off Jantar Mantar Agitation After Government Assurances

#DelhiCJPProtest #JantarMantar #BreakingNews #DelhiNews #CJP #DharmendraPradhan
#AbhijeetDipke https://t.co/SJtd7sNwkM",Delhi CJP Protest Ends: CJP Calls Off Jantar Mantar Agitation After Government Assurances DelhiCJPProtest JantarMantar BreakingNews DelhiNews CJP DharmendraPradhan AbhijeetDipke
250,2081025246262702211,-1,"Both the CJP leadership and the Delhi Police must work together to ensure that no violence or chaos occurs anywhere.
#NEET #CJP #DharmendraPradhan #Protest",Both the CJP leadership and the Delhi Police must work together to ensure that no violence or chaos occurs anywhere. NEET CJP DharmendraPradhan Protest
251,2081025092243620102,15,"Cockroaches ❤️

#DharmendraPradhan #NEETExamProtest #EducationMinister #gez #genzee #dmkgenz #NEET #Modi #Delhi #Dharmendrapradhan #SonamWangchuk #CJP #CJPMovement #AbhijeetDipke #CockroachJantaParty #Protest #India #ModiGovernment #BJP #jantarmantar #junaid https://t.co/OYNZApBjbu",Cockroaches ❤️ DharmendraPradhan NEETExamProtest EducationMinister gez genzee dmkgenz NEET Modi Delhi Dharmendrapradhan SonamWangchuk CJP CJPMovement AbhijeetDipke CockroachJantaParty Protest India ModiGovernment BJP jantarmantar junaid
252,2081025016641257968,-1,"Both the CJP leadership and the Delhi Police must work together to ensure that no violence or chaos occurs anywhere.
#NEET #CJP #DharmendraPradhan #Protest",Both the CJP leadership and the Delhi Police must work together to ensure that no violence or chaos occurs anywhere. NEET CJP DharmendraPradhan Protest
253,2081024977143574741,-1,"Both the CJP leadership and the Delhi Police must work together to ensure that no violence or chaos occurs anywhere.
#NEET #CJP #DharmendraPradhan #Protest",Both the CJP leadership and the Delhi Police must work together to ensure that no violence or chaos occurs anywhere. NEET CJP DharmendraPradhan Protest
254,2081024887410586040,5,"Normalcy in New Delhi as internet restored at Jantar Mantar, Delhi Metro reopens all stations after CJP withdraws protest

Read @ANI Story | https://t.co/GzeiAY33yh

#internet #restore #jantarmantar https://t.co/jCJ1wrSHLZ","Normalcy in New Delhi as internet restored at Jantar Mantar, Delhi Metro reopens all stations after CJP withdraws protest Read Story | internet restore jantarmantar"
255,2081024881479836042,-1,"Both the CJP leadership and the Delhi Police must work together to ensure that no violence or chaos occurs anywhere.
#NEET #CJP #DharmendraPradhan #Protest",Both the CJP leadership and the Delhi Police must work together to ensure that no violence or chaos occurs anywhere. NEET CJP DharmendraPradhan Protest
256,2081024855206711531,4,"The leadership of CJP has completely failed the youth of this country, when they were celebrating on the proposal of resignation by the education minister, many youth were thrashed by Delhi police even tear gas was used on them in other corner of the protest, Chitta, yet they","The leadership of CJP has completely failed the youth of this country, when they were celebrating on the proposal of resignation by the education minister, many youth were thrashed by Delhi police even tear gas was used on them in other corner of the protest, Chitta, yet they"
257,2081024371653763191,31,"CJP Announces End of Jantar Mantar Protest. 

CJP representatives have announced that they are calling off the protest at Jantar Mantar, Delhi.According to CJP Chief Spokesperson Saurav Das, the decision was taken after the Centre accepted the organisation's key demands. He also https://t.co/MJObkptTnP","CJP Announces End of Jantar Mantar Protest. CJP representatives have announced that they are calling off the protest at Jantar Mantar, Delhi.According to CJP Chief Spokesperson Saurav Das, the decision was taken after the Centre accepted the organisation's key demands. He also"
258,2081024260450214008,-1,"The CJP said the government has promised to withdraw all the cases filed over the July 20 violence, and the protest has ended. I am really very happy about this success and glad for those who will not have to face police torture. At this point, I must say that many Muslims https://t.co/uK9qU7V1KI","The CJP said the government has promised to withdraw all the cases filed over the July 20 violence, and the protest has ended. I am really very happy about this success and glad for those who will not have to face police torture. At this point, I must say that many Muslims"
259,2081023480406151215,1,"@Mrsinha Itihaas gawah har baar thook ke chaaata hai..
CAA protests, Shaheen Bagh, Delhi riots aur ab CJP protest.
ṀC aise banega ye tera Modi dictator..
India needs Yogi badly 
@myogiadityanath 
 @narendramodi 
@AmitShah","Itihaas gawah har baar thook ke chaaata hai.. CAA protests, Shaheen Bagh, Delhi riots aur ab CJP protest. ṀC aise banega ye tera Modi dictator.. India needs Yogi badly"
260,2081022899163685295,-1,"▶️ #WATCH | Student leader Ms. Neha Bora, who shot to prominence during the CJP protest at Jantar Mantar, expressed her joy regarding the movement's success while addressing the media.

Watch on @hnpnewz 👇🏻

#NEET #NEETPaperLeak #CJP #AbhijeetDipke #Students #SonamWangchuk https://t.co/CoLtwFbEkn","▶️ WATCH | Student leader Ms. Neha Bora, who shot to prominence during the CJP protest at Jantar Mantar, expressed her joy regarding the movement's success while addressing the media. Watch on 👇🏻 NEET NEETPaperLeak CJP AbhijeetDipke Students SonamWangchuk"
261,2081022761426894917,-1,"Looking for new protest opportunities.

Name: Abhijeet Dipke

Experience: Paid internship at CJP ( On-site in Delhi )

Achievements: Holds the record for most Bread pakodas eaten in a day

To contact, please visit your nearest AAP office https://t.co/fVbEWXpC51","Looking for new protest opportunities. Name: Abhijeet Dipke Experience: Paid internship at CJP ( On-site in Delhi ) Achievements: Holds the record for most Bread pakodas eaten in a day To contact, please visit your nearest AAP office"
262,2081022645731217502,-1,"""The government assured that no action will be taken against the organisers and protesters, and no new cases will be registered in connection with the agitation. It also expressed condolences to the families of the students who lost their lives and assured them of the highest","""The government assured that no action will be taken against the organisers and protesters, and no new cases will be registered in connection with the agitation. It also expressed condolences to the families of the students who lost their lives and assured them of the highest"
263,2081022424410206544,1,"Whole of Delhi CJP protest is no win of GEnz, it's just mature government who doesn't want to hurt our own children and let the opposition hijack protest and Parliamentary bills. 

All traitors tum sabki gand thukegi, just wait and watch.","Whole of Delhi CJP protest is no win of GEnz, it's just mature government who doesn't want to hurt our own children and let the opposition hijack protest and Parliamentary bills. All traitors tum sabki gand thukegi, just wait and watch."
264,2081022338754343398,5,"STORY | All 18 Delhi Metro stations reopen after four days as CJP withdraws protest

All 18 Delhi Metro stations in central Delhi, which had remained shut due to security reasons, reopened on Saturday after the Cockroach Janta Party (CJP) withdrew its protest, ending four days of https://t.co/SJkcYH8Ekj","STORY | All 18 Delhi Metro stations reopen after four days as CJP withdraws protest All 18 Delhi Metro stations in central Delhi, which had remained shut due to security reasons, reopened on Saturday after the Cockroach Janta Party (CJP) withdrew its protest, ending four days of"
265,2081022185335112154,-1,"We need to expose the mainstream media in Tamil Nadu, just as CJP is doing in Delhi. Students, each one of you is an independent journalist. Use your mobile phone to record and expose Tamil news channels that spread false narratives or misinformation about the students' protest.","We need to expose the mainstream media in Tamil Nadu, just as CJP is doing in Delhi. Students, each one of you is an independent journalist. Use your mobile phone to record and expose Tamil news channels that spread false narratives or misinformation about the students' protest."
266,2081021463789019218,15,"Miss You Cockroaches 

#DharmendraPradhan #NEETExamProtest #EducationMinister #gez #genzee #dmkgenz #NEET #Modi #Delhi #Dharmendrapradhan #SonamWangchuk #CJP #CJPMovement #AbhijeetDipke #CockroachJantaParty #Protest #India #ModiGovernment #BJP #jantarmantar #junaid https://t.co/HbtigsUyNF",Miss You Cockroaches DharmendraPradhan NEETExamProtest EducationMinister gez genzee dmkgenz NEET Modi Delhi Dharmendrapradhan SonamWangchuk CJP CJPMovement AbhijeetDipke CockroachJantaParty Protest India ModiGovernment BJP jantarmantar junaid
267,2081021058480767342,-1,"From navigating periods without basic amenities to caring for others, women protesters and volunteer doctors showed extraordinary resilience at #JantarMantar.

#Delhi #CJP #StudentsUnity 

I write for @PTI_News 

Read: https://t.co/8oBTK9Mvim https://t.co/Ry07RnH4lI","From navigating periods without basic amenities to caring for others, women protesters and volunteer doctors showed extraordinary resilience at JantarMantar. Delhi CJP StudentsUnity I write for Read:"
268,2081020998837760099,11,"#I_am_Proud_of_My_Son

Anita Dipke Recalls Son's Struggles, Says Every Sacrifice Was Worth It

#delhi : Anita Dipke, mother of CJP founder #AbhijeetDipke , became emotional while reflecting on her son's journey, saying she is ""extremely proud"" of him. Recalling the family's https://t.co/9Wyk5ka5tG","I_am_Proud_of_My_Son Anita Dipke Recalls Son's Struggles, Says Every Sacrifice Was Worth It delhi : Anita Dipke, mother of CJP founder AbhijeetDipke , became emotional while reflecting on her son's journey, saying she is ""extremely proud"" of him. Recalling the family's"
269,2081020894651281804,1,"Now that the protests at Jantar Mantar are over, they leave behind questions that deserve serious reflection.

What began in the name of students ended up revealing something far more troubling. Videos that circulated from the protest appeared to show slogans calling for the","Now that the protests at Jantar Mantar are over, they leave behind questions that deserve serious reflection. What began in the name of students ended up revealing something far more troubling. Videos that circulated from the protest appeared to show slogans calling for the"
270,2081020702870925690,4,"NCP Chief’s pure hypocrisy exposed:
When Awami League students &amp; Hindu students protested in Bangladesh and faced violence &amp; force, he stayed silent ,  no condemnation, no support.  
Now he openly congratulates &amp; backs Indian student protests.  
Selective activism at its worst. https://t.co/LaizPFp8iy","NCP Chief’s pure hypocrisy exposed: When Awami League students & Hindu students protested in Bangladesh and faced violence & force, he stayed silent , no condemnation, no support. Now he openly congratulates & backs Indian student protests. Selective activism at its worst."
271,2081019820896825446,15,"Beautiful Message 

#DharmendraPradhan #NEETExamProtest #EducationMinister #gez #genzee #dmkgenz #NEET #Modi #Delhi #Dharmendrapradhan #SonamWangchuk #CJP #CJPMovement #AbhijeetDipke #CockroachJantaParty #Protest #India #ModiGovernment #BJP #jantarmantar #junaid https://t.co/u9bLcc6avs",Beautiful Message DharmendraPradhan NEETExamProtest EducationMinister gez genzee dmkgenz NEET Modi Delhi Dharmendrapradhan SonamWangchuk CJP CJPMovement AbhijeetDipke CockroachJantaParty Protest India ModiGovernment BJP jantarmantar junaid
272,2081019800210604518,15,"Jashn Hoo

#DharmendraPradhan #NEETExamProtest #EducationMinister #gez #genzee #dmkgenz #NEET #Modi #Delhi #Dharmendrapradhan #SonamWangchuk #CJP #CJPMovement #AbhijeetDipke #CockroachJantaParty #Protest #India #ModiGovernment #BJP #jantarmantar #junaid https://t.co/81BEaHBFBO",Jashn Hoo DharmendraPradhan NEETExamProtest EducationMinister gez genzee dmkgenz NEET Modi Delhi Dharmendrapradhan SonamWangchuk CJP CJPMovement AbhijeetDipke CockroachJantaParty Protest India ModiGovernment BJP jantarmantar junaid
273,2081019735521861981,1,"It was very sad to see that accountability was yet again let go. Very sad to see despite police using illegal and brute torture force against peaceful protesters abhijeet made a deal to ignore everything just for a fake fall safe resignation 
Very sad to see that the females",It was very sad to see that accountability was yet again let go. Very sad to see despite police using illegal and brute torture force against peaceful protesters abhijeet made a deal to ignore everything just for a fake fall safe resignation Very sad to see that the females
274,2081019641888162171,-1,"@PankajjKashyapp Lion since 2014_
-Intolerance campaign
-Award return show by Urban Naxals
-Shaheen Bagh
-Delhi Riots
-Fake Farmers Protest
-Republic Day Riots
-Manipur Kuki Terrorism
-West Bengal Anti-Hindu Riots by TMC
-AAP/CJP rampage

Hardly any tough action after winning elections everywhere https://t.co/ekBzbNZPfs",Lion since 2014_ -Intolerance campaign -Award return show by Urban Naxals -Shaheen Bagh -Delhi Riots -Fake Farmers Protest -Republic Day Riots -Manipur Kuki Terrorism -West Bengal Anti-Hindu Riots by TMC -AAP/CJP rampage Hardly any tough action after winning elections everywhere
275,2081019466977329279,-1,"From birthday savings to games: Everything the youth brought to #JantarMantar during the month-long movement before students’ demands were met.

#Delhi #CJP

I write for @PTI_News 

Read: https://t.co/yTY2enqwVH https://t.co/uQnyCWQ9q0",From birthday savings to games: Everything the youth brought to JantarMantar during the month-long movement before students’ demands were met. Delhi CJP I write for Read:
276,2081019151154622869,9,"Delhi Police has been announcing since 6 PM that everyone should return home peacefully.

But the CJP protesters who have nothing else to do still refuse to leave Jantar Mantar.

They've become so used to getting free food that they simply don't want to leave anymore. https://t.co/Kf3pLuuPkY",Delhi Police has been announcing since 6 PM that everyone should return home peacefully. But the CJP protesters who have nothing else to do still refuse to leave Jantar Mantar. They've become so used to getting free food that they simply don't want to leave anymore.
277,2081017968021123565,0,"To the GenZ of Silchar, wake up .
We are living in hell ,Enough is Enough. 
Silchar MLA must Resign. 
#SilcharMLAresign
#Ethanol #JitendraSingh #DharmendraPradhan #AbhijeetDipke
#FIRs #JantarMantar #Protest #Delhi
#AssamFloods #Resignation
#E20 #Neet #PaperLeak  #Cockroach #CJP https://t.co/yvjxqRBpMP","To the GenZ of Silchar, wake up . We are living in hell ,Enough is Enough. Silchar MLA must Resign. SilcharMLAresign Ethanol JitendraSingh DharmendraPradhan AbhijeetDipke FIRs JantarMantar Protest Delhi AssamFloods Resignation E20 Neet PaperLeak Cockroach CJP"
278,2081017721605812484,4,"I agree entirely with @Avikateel30 The Gen Z protesters have amazed us all. Avinash himself is a Gen Z. He has reported extensively from Jantar Mantar and shares why only the FOMO generation could have forced Dharmendra Pradhan to resign
https://t.co/IEqbrDKm0p",I agree entirely with The Gen Z protesters have amazed us all. Avinash himself is a Gen Z. He has reported extensively from Jantar Mantar and shares why only the FOMO generation could have forced Dharmendra Pradhan to resign
279,2081017279639380458,1,"@narendramodi 
Whtevr #CJP had it's EVIL hidden agendas .. Government cooperated wth thm .. I agree if ths continued definitely india &amp; our ppl were abt 2 pay huge &amp; s it was affecting a lot evn hurting sooo much .. abusing #PM was much 🪡 ing i mean it was like smebdy is doing",Whtevr CJP had it's EVIL hidden agendas .. Government cooperated wth thm .. I agree if ths continued definitely india & our ppl were abt 2 pay huge & s it was affecting a lot evn hurting sooo much .. abusing PM was much 🪡 ing i mean it was like smebdy is doing
280,2081017236635173125,18,"‼️Just in - CJP 🪳 has withdrawn the protest and has asked all cockroaches to leave immediately. 

Govt made it clear, if they don't leave then Delhi Police will kick them out.

&gt; Saar Modi so weak Saar 🤣🫠

He cleared the🪳 without firing a bullet 🙌🏼 https://t.co/4qtTcufOL6","‼️Just in - CJP 🪳 has withdrawn the protest and has asked all cockroaches to leave immediately. Govt made it clear, if they don't leave then Delhi Police will kick them out. > Saar Modi so weak Saar 🤣🫠 He cleared the🪳 without firing a bullet 🙌🏼"
281,2081016603504980314,5,"CJP protest: Delhi metro station closures enter fourth consecutive day https://t.co/j239TwiZdU

#CJPprotest  #delhimetro #station 
#fourthconsecutiveday #news  #thebodhiwire",CJP protest: Delhi metro station closures enter fourth consecutive day CJPprotest delhimetro station fourthconsecutiveday news thebodhiwire
282,2081016414610301011,9,@IndianGems_ But how could US Embassy in India issued advisory for their citizens not to travel surroundings of Delhi at the protest cite even days before team CJP started violent protest,But how could US Embassy in India issued advisory for their citizens not to travel surroundings of Delhi at the protest cite even days before team CJP started violent protest
283,2081016347706945854,19,"CJP ends its nationwide protest after the Centre accepts demands, urging protesters to return home as written assurances await.

Read more on, https://t.co/CyERCmB5MI 

#CJP #Protest #Education #Delhi #JantarMantar #AbhijeetDipke https://t.co/foznVZMT70","CJP ends its nationwide protest after the Centre accepts demands, urging protesters to return home as written assurances await. Read more on, CJP Protest Education Delhi JantarMantar AbhijeetDipke"
284,2081016254694117539,0,"Few observations on the Delhi Student protest: 

Succumbing to the demands or pressure tactics of CJP and its backers would not be the right course for the BJP government.

The resignation of Education Minister @dpradhanbjp represents an ill-advised compromise. This is",Few observations on the Delhi Student protest: Succumbing to the demands or pressure tactics of CJP and its backers would not be the right course for the BJP government. The resignation of Education Minister represents an ill-advised compromise. This is
285,2081015926343012699,-1,"""Govt accepted our demands"": CJP calls off 49-day Delhi protest after talks with Centre

#CockroachJantaParty #CJP #Delhi #Protest 

https://t.co/3QqZxlnfff","""Govt accepted our demands"": CJP calls off 49-day Delhi protest after talks with Centre CockroachJantaParty CJP Delhi Protest"
286,2081015818784260250,30,"Delhi liquor shops to shut at 8 pm on weekends amid CJP protests

#Delhi #Liquor #CJP #Protest 

https://t.co/1HSk9oqn9g",Delhi liquor shops to shut at 8 pm on weekends amid CJP protests Delhi Liquor CJP Protest
287,2081015623958893018,-1,"Today I am ashamed to be a BJP Supporter

OP Sindoor
Our armed forces fought bravely. Result? Surrender

CJP Protest
Delhi Police handled it so bravely. Result? Surrender

2027 UP and 2029 General Assembly election Loss incoming @BJP4India 

#CJP #DharmendraPradhan",Today I am ashamed to be a BJP Supporter OP Sindoor Our armed forces fought bravely. Result? Surrender CJP Protest Delhi Police handled it so bravely. Result? Surrender 2027 UP and 2029 General Assembly election Loss incoming CJP DharmendraPradhan
288,2081015300032803088,0,"As Manish Sisodia arrived at the CJP stage at Jantar Mantar following Dharmendra Pradhan’s resignation, a question from the crowd turned the spotlight on AAP’s own record. 

A person asked when the Punjab Education Minister would resign over an alleged paper leak in the state. https://t.co/I0wFrnakbg","As Manish Sisodia arrived at the CJP stage at Jantar Mantar following Dharmendra Pradhan’s resignation, a question from the crowd turned the spotlight on AAP’s own record. A person asked when the Punjab Education Minister would resign over an alleged paper leak in the state."
289,2081014745403179393,10,"@PTI_News It was evident from Delhi HC rejection of plea for NIA enquiry into CJP protest, that govt was going to bend down to calm off the agitation.","It was evident from Delhi HC rejection of plea for NIA enquiry into CJP protest, that govt was going to bend down to calm off the agitation."
290,2081014621608067136,-1,"🚨 #BREAKING | CJP Calls Off Protest

Delhi: Following talks between the Cockroach Janta Party (CJP) delegation and the government, CJP spokesperson Ashutosh Ranka announced during a joint press conference that all of the party's demands had been accepted.

«“All our demands have https://t.co/v9qobch4re","🚨 BREAKING | CJP Calls Off Protest Delhi: Following talks between the Cockroach Janta Party (CJP) delegation and the government, CJP spokesperson Ashutosh Ranka announced during a joint press conference that all of the party's demands had been accepted. «“All our demands have"
291,2081014545863331862,5,"Normalcy restored: Delhi Metro reopens all network gates as CJP calls off agitation

Read @ANI Story | https://t.co/m2IdTUrwoM

#delhimetro #cjp #protest https://t.co/zJTY32zFdo",Normalcy restored: Delhi Metro reopens all network gates as CJP calls off agitation Read Story | delhimetro cjp protest
292,2081014197228564492,16,"New Delhi, India: CJP Calls Off Protest After Demands Accepted
  
CJP spokesperson Ashutosh Ranka said all demands have been accepted and urged protesters to peacefully withdraw the nationwide protest immediately.
 
#CJP #AshutoshRanka #BreakingNews #IndiaNews #StudentProtest https://t.co/CHCTC2tWA3","New Delhi, India: CJP Calls Off Protest After Demands Accepted CJP spokesperson Ashutosh Ranka said all demands have been accepted and urged protesters to peacefully withdraw the nationwide protest immediately. CJP AshutoshRanka BreakingNews IndiaNews StudentProtest"
293,2081014004768768512,21,"@Kanchanyadav000 says general caste deserve to be implicated in false cases,same people are supporting anarchy of CJP protest in Delhi 
@BJP4Bihar @samrat @officecmbihar @bihar_police needs to file an FIR against her","says general caste deserve to be implicated in false cases,same people are supporting anarchy of CJP protest in Delhi needs to file an FIR against her"
294,2081013862145626413,21,"@UnSubtleDesi @Kanchanyadav000 says general caste deserve to be implicated in false cases,same people are supporting anarchy of CJP protest in Delhi 
@BJP4Bihar @samrat @officecmbihar @bihar_police needs to file an FIR against her","says general caste deserve to be implicated in false cases,same people are supporting anarchy of CJP protest in Delhi needs to file an FIR against her"
295,2081013836652634459,21,"@Kanchanyadav000 says general caste deserve to be implicated in false cases,same people are supporting anarchy of CJP protest in Delhi 
@BJP4Bihar @samrat @officecmbihar @bihar_police needs to file an FIR against her","says general caste deserve to be implicated in false cases,same people are supporting anarchy of CJP protest in Delhi needs to file an FIR against her"
296,2081013498935697574,18,"Aur cockroaches, 
Ab tumhara ho gya ho toh kya ab hum General/OBC vale reservation hatane ke liye protest kar le?? 

#CJP
#JantarMantar
#Delhi 
#StudentsProtest","Aur cockroaches, Ab tumhara ho gya ho toh kya ab hum General/OBC vale reservation hatane ke liye protest kar le?? CJP JantarMantar Delhi StudentsProtest"
297,2081013378441740790,0,"CJP Ends 36-Day Protest After Centre Accepts Key Demands

New Delhi, July 25, 2026

The conclusion of the Cockroach Janta Party's (CJP) 36-day protest marks a significant development in the NEET paper leak controversy. The agitation, centred on accountability and justice for https://t.co/gguFMTcynk","CJP Ends 36-Day Protest After Centre Accepts Key Demands New Delhi, July 25, 2026 The conclusion of the Cockroach Janta Party's (CJP) 36-day protest marks a significant development in the NEET paper leak controversy. The agitation, centred on accountability and justice for"
298,2081013297659387985,-1,Congress leader Mani Shankar brings up Delhi Riots 2020 Key Accused Umar Khalid and Sharjeel Imam from CJP protest stage. https://t.co/bOky0dAgEg,Congress leader Mani Shankar brings up Delhi Riots 2020 Key Accused Umar Khalid and Sharjeel Imam from CJP protest stage.
299,2081013284803850359,5,"🚇 Delhi Metro Update

Rajiv Chowk, Mandi House, Central Secretariat and other Metro stations have reopened after the CJP protest, with services returning to normal.

🔗 https://t.co/TMWIGGOgsh

#DelhiMetro #DMRC #Delhi #MetroUpdate #AryanTVNational","🚇 Delhi Metro Update Rajiv Chowk, Mandi House, Central Secretariat and other Metro stations have reopened after the CJP protest, with services returning to normal. 🔗 DelhiMetro DMRC Delhi MetroUpdate AryanTVNational"
300,2081012431288242427,1,Delhi Police calling Delhi Police fake news perpetuator. You would call this tragic or comic you decide but it is for sure that Delhi Police unfortunately damaged its image big time in this protest time… it may take ages to recover from face loss it suffered.  इज़्ज़त कमाने में,Delhi Police calling Delhi Police fake news perpetuator. You would call this tragic or comic you decide but it is for sure that Delhi Police unfortunately damaged its image big time in this protest time… it may take ages to recover from face loss it suffered. इज़्ज़त कमाने में
301,2081011869985423815,0,"After Union Education Minister Dharmendra Pradhan’s resignation, a celebratory atmosphere was witnessed at the protest site in New Delhi’s Jantar Mantar. CJP founder Abhijeet Dipke and other protesters celebrated, calling it a major victory for their movement.

#CJPProtest https://t.co/NZdfDQiqcq","After Union Education Minister Dharmendra Pradhan’s resignation, a celebratory atmosphere was witnessed at the protest site in New Delhi’s Jantar Mantar. CJP founder Abhijeet Dipke and other protesters celebrated, calling it a major victory for their movement. CJPProtest"
302,2081011352777502957,1,"#BeingGoan I feel @VireshBorkar3 did in Goa many months earlier what CJP team did now.
But his was way more decent, peaceful and without the wrong elements which became intruded by opportunists in the Delhi protest.
We have a lot of work to do to save Goemkarponn..","BeingGoan I feel did in Goa many months earlier what CJP team did now. But his was way more decent, peaceful and without the wrong elements which became intruded by opportunists in the Delhi protest. We have a lot of work to do to save Goemkarponn.."
303,2081011042168213752,31,"CJP calls off protest but now their politics will start 😂

CJP has announced to END the Jantar Mantar agitation after Govt assurances.

Finally, Delhi will breathe free 🇮🇳

#DharmendraPradhan #RestorePeace
#TimeToEndProtest 
#NEETExamProtest
#जंतर_मंतर_ब्रेकिंग_न्यूज","CJP calls off protest but now their politics will start 😂 CJP has announced to END the Jantar Mantar agitation after Govt assurances. Finally, Delhi will breathe free 🇮🇳 DharmendraPradhan RestorePeace TimeToEndProtest NEETExamProtest जंतर_मंतर_ब्रेकिंग_न्यूज"
304,2081010729549959629,-1,"I want to see the faces of the right-wing people who were supporting the protest with all their ‘blah blah.’ How’s it feeling now??

As for me, this isn’t the right time for a resignation. If there was a case for resigning, it should have happened much earlier.

#cjp #cjp_पार्टी","I want to see the faces of the right-wing people who were supporting the protest with all their ‘blah blah.’ How’s it feeling now?? As for me, this isn’t the right time for a resignation. If there was a case for resigning, it should have happened much earlier. cjp cjp_पार्टी"
305,2081010652064423941,-1,"Jantar Mantar Protest Live Updates: CJP calls off protests ‘in good faith’ after talks with Centre
https://t.co/82z63ITIJU",Jantar Mantar Protest Live Updates: CJP calls off protests ‘in good faith’ after talks with Centre
306,2081010254796513534,0,"DELHI | Welcoming the resignation of Dharmendra Pradhan, activist Sonam Wangchuk hailed the development as a victory for democracy and praised the student-led movement for maintaining peace throughout the protest. Congratulating the CJP team, youth, and volunteers across the https://t.co/HzKPxdoQQ3","DELHI | Welcoming the resignation of Dharmendra Pradhan, activist Sonam Wangchuk hailed the development as a victory for democracy and praised the student-led movement for maintaining peace throughout the protest. Congratulating the CJP team, youth, and volunteers across the"
307,2081009882258682089,1,"@iMac_too Soros 5 : 56"" 0 (farmers' protest, shaheenbagh, delhi riots, manipur, cjp). Now, IT cell will go all out to build the next 'masterstroke' narrative. Recall someone once said : ""Dum nahin hai bande mein"". Alas !
-A disillusioned supporter","Soros 5 : 56"" 0 (farmers' protest, shaheenbagh, delhi riots, manipur, cjp). Now, IT cell will go all out to build the next 'masterstroke' narrative. Recall someone once said : ""Dum nahin hai bande mein"". Alas ! -A disillusioned supporter"
308,2081009290005909647,13,"Sonam Wangchuk started a hunger strike in Ladakh.
It ended in violent clashes.
4 people died. 

2026.
He joins the CJP protest at Jantar Mantar.
Delhi Police removed him from the site.
It ended in violent clashes.
100s Injured.
Now you have the timeline.

Decide for yourself?",Sonam Wangchuk started a hunger strike in Ladakh. It ended in violent clashes. 4 people died. 2026. He joins the CJP protest at Jantar Mantar. Delhi Police removed him from the site. It ended in violent clashes. 100s Injured. Now you have the timeline. Decide for yourself?
309,2081009042630320389,1,"I have a gut feeling that in very near future these same people who were rioting on the streets of Delhi in the name of Students Protest, these same goons will give the same treatment to the CJP people, Dipke, Saurav Das, Ranka. Bcoz they have got the taste of blood.","I have a gut feeling that in very near future these same people who were rioting on the streets of Delhi in the name of Students Protest, these same goons will give the same treatment to the CJP people, Dipke, Saurav Das, Ranka. Bcoz they have got the taste of blood."
310,2081008487564447987,-1,"#WATCH | Delhi: Lok Sabha LoP Rahul Gandhi says, ""...I want to thank all the students from the bottom of my heart and whatever support they need from my side, wherever they need support, I am ready. Congress party's idea with the protest was to support it wholeheartedly. We https://t.co/k4w807GHwO","WATCH | Delhi: Lok Sabha LoP Rahul Gandhi says, ""...I want to thank all the students from the bottom of my heart and whatever support they need from my side, wherever they need support, I am ready. Congress party's idea with the protest was to support it wholeheartedly. We"
311,2081007923686432997,5,"Delhi Metro Reopens Entry Gates At Rajiv Chowk, Mandi House &amp; Central Secretariat; 15 Stations Remain Shut Amid CJP Protest
#DelhiMetro #DMRC #Delhi #JantarMantar #CJP #Metro #Commuters #TrafficUpdate #DelhiNews #India @vidhimehta31 
https://t.co/3lmh2IndWC","Delhi Metro Reopens Entry Gates At Rajiv Chowk, Mandi House & Central Secretariat; 15 Stations Remain Shut Amid CJP Protest DelhiMetro DMRC Delhi JantarMantar CJP Metro Commuters TrafficUpdate DelhiNews India"
312,2081007641267204513,-1,"🇮🇳 Delhi | A Major Achievement for Students at Jantar Mantar! ✊
The CJP has announced the conclusion of its protest at Jantar Mantar following three rounds of talks with the government.

According to CJP leader Ashutosh Ranka, key demands of the movement have been addressed,","🇮🇳 Delhi | A Major Achievement for Students at Jantar Mantar! ✊ The CJP has announced the conclusion of its protest at Jantar Mantar following three rounds of talks with the government. According to CJP leader Ashutosh Ranka, key demands of the movement have been addressed,"
313,2081007603463995674,-1,"New Delhi: The CJP protest has come to an end as the central government has fulfilled 3 out of 2 demands of the CJP: resignation of Dharmendra Pradhan and withdrawal of all the FIRs filed against the protesters, whereas the third demand regarding compensation of Rs 1 Cr is still https://t.co/4MsoaqdrpY","New Delhi: The CJP protest has come to an end as the central government has fulfilled 3 out of 2 demands of the CJP: resignation of Dharmendra Pradhan and withdrawal of all the FIRs filed against the protesters, whereas the third demand regarding compensation of Rs 1 Cr is still"
314,2081007381492985925,-1,"@Cockroachisback Celebrate the achievement.
Document the assurances.
Continue negotiations on the pending issues.
Establish a transparent mechanism for implementation.
And vacate the protest site peacefully.

A movement that refuses to conclude after achieving its central objective begins to",Celebrate the achievement. Document the assurances. Continue negotiations on the pending issues. Establish a transparent mechanism for implementation. And vacate the protest site peacefully. A movement that refuses to conclude after achieving its central objective begins to
315,2081007377260908669,1,"THE #JantarMantar PROTEST HAS MADE ITS POINT. NOW RESPONSIBILITY MUST TAKE OVER.

The @Cockroachisback Janta Party began as an expression of legitimate student frustration. It placed questions of examination integrity,institutional accountability &amp; future of India’s youth at the","THE JantarMantar PROTEST HAS MADE ITS POINT. NOW RESPONSIBILITY MUST TAKE OVER. The Janta Party began as an expression of legitimate student frustration. It placed questions of examination integrity,institutional accountability & future of India’s youth at the"
316,2081007186558521669,-1,"SOURAV DAS : ""No foreign funding involvement in the CJP protest"" https://t.co/CIYwQcoZD8","SOURAV DAS : ""No foreign funding involvement in the CJP protest"""
317,2081006308459954228,-1,"*Gen Z’s ‘Cockroach’ Movement ends protest after education minister’s resignation* 
#cjp #जंतर_मंतर_ब्रेकिंग_न्यूज
#cjp_पार्टी #jantarmantar #protest #delhi #delhiprotest #GenZ #cockroach @PTI_News
@ANI @ians_india
@uniindianews @BBCBreaking
@AJENews 
https://t.co/tctFlq1j90",*Gen Z’s ‘Cockroach’ Movement ends protest after education minister’s resignation* cjp जंतर_मंतर_ब्रेकिंग_न्यूज cjp_पार्टी jantarmantar protest delhi delhiprotest GenZ cockroach
318,2081006134987817127,0,@Nher_who Probably the @Cockroachisback led CJP protest was forced/motivated to withdraw because @MamataOfficial is going to Delhi tomorrow.,Probably the led CJP protest was forced/motivated to withdraw because is going to Delhi tomorrow.
319,2081006127706505352,-1,"@JaipurDialogues Deep analysis of the image

A Delhi Police officer is assisted after being injured in a stampede-like situation during the 20 July 2026 CJP protest in New Delhi. Claims that she died or suffered a miscarriage were officially denied.",Deep analysis of the image A Delhi Police officer is assisted after being injured in a stampede-like situation during the 20 July 2026 CJP protest in New Delhi. Claims that she died or suffered a miscarriage were officially denied.
320,2081005913041985809,1,"During peaceful UGC protest of Savarn Hindus : 
&gt; Ajeet Bharti was house arrested. 
&gt; Ruchi Tiwari was dragged on roads.
&gt; BJP govt remained silent.

During violant protest of CJP &amp; Bhim Army : 
&gt; CJP leaders were invited.
&gt; Narendra Modi responded. 
&gt; Dharmendra Pradhan https://t.co/6V4HxdfX9x",During peaceful UGC protest of Savarn Hindus : > Ajeet Bharti was house arrested. > Ruchi Tiwari was dragged on roads. > BJP govt remained silent. During violant protest of CJP & Bhim Army : > CJP leaders were invited. > Narendra Modi responded. > Dharmendra Pradhan
321,2081005850412691886,19,"@ShivAroor Very happy to know that CJP  have called off their protest as otherwise anti nationals could have taken advantage- I am now keenly watching next moves of leading opposition leaders , you know them very well that they want protests to continue","Very happy to know that CJP have called off their protest as otherwise anti nationals could have taken advantage- I am now keenly watching next moves of leading opposition leaders , you know them very well that they want protests to continue"
322,2081005668623159659,0,"Union Education Minister Dharmendra Pradhan has officially resigned 
#NEET #StudentRights #RightToProtest #PeacefulProtest #HumanRights #AbhijeetDipke #CockroachJanataParty #JantarMantar #CJP #Delhi #DelhiPolice #SonamWangchuk #Police #Protest #CivilRights #HumanRights https://t.co/Azc1upwO3v",Union Education Minister Dharmendra Pradhan has officially resigned NEET StudentRights RightToProtest PeacefulProtest HumanRights AbhijeetDipke CockroachJanataParty JantarMantar CJP Delhi DelhiPolice SonamWangchuk Police Protest CivilRights HumanRights
323,2081005135694848285,16,"VIDEO | Delhi: CJP leader Ashutosh Ranka says, ""The struggle of 37 days... One and a half months since we first came here. The youth of this country has woken up. It has fought for its rights. It has fought for what is right. And today, finally, our demands have been accepted. We https://t.co/MrHp0dwUZ3","VIDEO | Delhi: CJP leader Ashutosh Ranka says, ""The struggle of 37 days... One and a half months since we first came here. The youth of this country has woken up. It has fought for its rights. It has fought for what is right. And today, finally, our demands have been accepted. We"
324,2081004903871525266,25,"As per sources, a former CJP member who was expelled from the CJP protest leaked CJP's future plan after being expelled.

The plan reportedly reached the government.

According to the ex-CJP member, there was a much bigger plan behind the CJP protest. They wanted to expand the","As per sources, a former CJP member who was expelled from the CJP protest leaked CJP's future plan after being expelled. The plan reportedly reached the government. According to the ex-CJP member, there was a much bigger plan behind the CJP protest. They wanted to expand the"
325,2081004750657741024,19,"CJP has called off its protest with immediate effect after the third round of talks with the government. At a joint press conference in New Delhi, both sides confirmed an agreement had been reached, and CJP urged protesters to return home peacefully. https://t.co/a8KeB8OnQq","CJP has called off its protest with immediate effect after the third round of talks with the government. At a joint press conference in New Delhi, both sides confirmed an agreement had been reached, and CJP urged protesters to return home peacefully."
326,2081004202382565692,0,"Dharmendra Pradhan resigns : Internet restored at Jantar Mantar after CJP ends protest, govt accepts demands

Follow LIVE updates 👇
https://t.co/ibmLn9vHyt","Dharmendra Pradhan resigns : Internet restored at Jantar Mantar after CJP ends protest, govt accepts demands Follow LIVE updates 👇"
327,2081003664173674722,-1,"🎥 | Following talks with the CJP delegation, Union Minister JP Nadda said the Centre has agreed to provide copies of the FIRs related to the agitation and assured that no retaliatory action will be taken. He added that the government sympathises with the families of students who https://t.co/yR0wgAcR95","🎥 | Following talks with the CJP delegation, Union Minister JP Nadda said the Centre has agreed to provide copies of the FIRs related to the agitation and assured that no retaliatory action will be taken. He added that the government sympathises with the families of students who"
328,2081003421172408611,-1,"@VarunKrRana I am so  disappointed the way this CJP took Delhi for ransom ,fooled people around as a protest ,which was more of Anti Modi,Anti India drive .
Why there is no case on Dipke for hurting so many Cops, molesting female jurnos,
Raising Azadi slogans, kashmir not part of India ,etc","I am so disappointed the way this CJP took Delhi for ransom ,fooled people around as a protest ,which was more of Anti Modi,Anti India drive . Why there is no case on Dipke for hurting so many Cops, molesting female jurnos, Raising Azadi slogans, kashmir not part of India ,etc"
329,2081003281816646138,-1,"CJP protest leaves Jantar Mantar, CP markets deserted; traders report fall in business

https://t.co/bEFki4x23e","CJP protest leaves Jantar Mantar, CP markets deserted; traders report fall in business"
330,2081002763442647352,5,"Entry gates of all Metro Stations of the Delhi Metro network are now open.  
🪳✊ #CJP Protest #Live Updates ➠ https://t.co/uzcG4xQiaM 📋 https://t.co/4RPRMZoeG9",Entry gates of all Metro Stations of the Delhi Metro network are now open. 🪳✊ CJP Protest Live Updates ➠ 📋
331,2081002722371985542,-1,@business Jantar Mantar in New Delhi has transformed into a massive celebration hub as thousands of Cockroach Janta Party (CJP) supporters gathered to mark the resignation of Education Minister Dharmendra Pradhan. The atmosphere at the historic protest site shifted from weeks of tense,Jantar Mantar in New Delhi has transformed into a massive celebration hub as thousands of Cockroach Janta Party (CJP) supporters gathered to mark the resignation of Education Minister Dharmendra Pradhan. The atmosphere at the historic protest site shifted from weeks of tense
332,2081002711802372144,6,"The biggest proof that the CJP protest was always leaderless is this:

Even after the CJP leaders asked everyone to leave, protesters are still pelting stones and bottles at the police at Jantar Mantar.

Now that the free food has stopped, they seem to have completely lost https://t.co/nTnair58Fp","The biggest proof that the CJP protest was always leaderless is this: Even after the CJP leaders asked everyone to leave, protesters are still pelting stones and bottles at the police at Jantar Mantar. Now that the free food has stopped, they seem to have completely lost"
333,2081002081155240180,1,"@drmahishmak Just now Govt and CJP confirmed 3 demands have been accepted..

Delhi Police Tendering apology is not one of them..
May be CJP also realised they should not stretch too far..

Good that it did not happen.

It could have been an apology not to students but for Jai Bheem, AISA etc","Just now Govt and CJP confirmed 3 demands have been accepted.. Delhi Police Tendering apology is not one of them.. May be CJP also realised they should not stretch too far.. Good that it did not happen. It could have been an apology not to students but for Jai Bheem, AISA etc"
334,2081002063589413226,-1,"CJP Saurav Das: ""We are ending the protest.""

Union Minister Jitendra Singh : Saurav ..With immediate effect."" 😀

#JantarMantar  https://t.co/lsdHYhCHkT","CJP Saurav Das: ""We are ending the protest."" Union Minister Jitendra Singh : Saurav ..With immediate effect."" 😀 JantarMantar"
335,2081001603545567419,1,"Demand of CJP IS FULLFILLED AND CJP PROTEST OVER AND ALL OUT DECLARED STILL CRPF OF 10 COMPANIES FLIES TO DELHI

ANTI NATIONAL KI FIELDING SET HONE VALI HAI 🥱💀👀☠️
BHAG JAO OR LATH LENE K LIE TAIYAR RAHO🙂 https://t.co/Lc5OoBqmhq",Demand of CJP IS FULLFILLED AND CJP PROTEST OVER AND ALL OUT DECLARED STILL CRPF OF 10 COMPANIES FLIES TO DELHI ANTI NATIONAL KI FIELDING SET HONE VALI HAI 🥱💀👀☠️ BHAG JAO OR LATH LENE K LIE TAIYAR RAHO🙂
336,2081001580007141725,0,"CJP virtually 'won' today because it was able to capitalise on the issue of 'education.' This is something which affects a large section of society, and no one seems to like the Minister-in-charge for long.

Smriti Irani, Prakash Javadekar, Ramesh Pokhriyal and now Dharmendra","CJP virtually 'won' today because it was able to capitalise on the issue of 'education.' This is something which affects a large section of society, and no one seems to like the Minister-in-charge for long. Smriti Irani, Prakash Javadekar, Ramesh Pokhriyal and now Dharmendra"
337,2081001454551318613,0,"India’s Education Minister Dharmendra Pradhan resigned on Saturday after mass youth-led protests demanded his ouster in anger over a string of irregularities in potentially life-changing exams.

Read more: https://t.co/VmNYp9WT2x

#India #CJP #Protest",India’s Education Minister Dharmendra Pradhan resigned on Saturday after mass youth-led protests demanded his ouster in anger over a string of irregularities in potentially life-changing exams. Read more: India CJP Protest
338,2081001326146990204,28,"Thank You ALL🙏🙏
https://t.co/6Fd7Z0D9c4
#NEET #StudentRights #RightToProtest #PeacefulProtest #HumanRights #AbhijeetDipke #CockroachJanataParty #JantarMantar #CJP #Delhi #DelhiPolice #SonamWangchuk #Police #Protest #CivilRights #HumanRights #FreedomOfExpression #Democracy",Thank You ALL🙏🙏 NEET StudentRights RightToProtest PeacefulProtest HumanRights AbhijeetDipke CockroachJanataParty JantarMantar CJP Delhi DelhiPolice SonamWangchuk Police Protest CivilRights HumanRights FreedomOfExpression Democracy
339,2081001149499682960,0,"VIDEO | Delhi: CJP Protesters celebrate at Jantar Mantar as Dharmendra Pradhan resigns. 

CJP leader Ashutosh Ranka says, ""The government has agreed to withdraw all FIRs registered so far by Delhi Police or other agencies related to the protests. It has also been agreed that in https://t.co/6n4r4crtPe","VIDEO | Delhi: CJP Protesters celebrate at Jantar Mantar as Dharmendra Pradhan resigns. CJP leader Ashutosh Ranka says, ""The government has agreed to withdraw all FIRs registered so far by Delhi Police or other agencies related to the protests. It has also been agreed that in"
340,2081001099465507284,14,"Violence During CJP Protest: Delhi Police Registers 15 FIRs, Attempt to Murder Charge Added.","Violence During CJP Protest: Delhi Police Registers 15 FIRs, Attempt to Murder Charge Added."
341,2081000713308766639,19,"At joint presser, 'CJP' leaders call off Jantar Mantar protest, tell protesters to go home peacefully, say their demands have been met.https://t.co/fZLSVuLlWa","At joint presser, 'CJP' leaders call off Jantar Mantar protest, tell protesters to go home peacefully, say their demands have been met."
342,2081000637119201459,16,"Delhi: After talks between the CJP delegation and the government, during a joint press conference, CJP spokesperson Ashutosh Ranka says, “All our demands have been accepted. We request the protestors to peacefully withdraw the protest with immediate effect.” https://t.co/s5XN84PYP3","Delhi: After talks between the CJP delegation and the government, during a joint press conference, CJP spokesperson Ashutosh Ranka says, “All our demands have been accepted. We request the protestors to peacefully withdraw the protest with immediate effect.”"
343,2081000565371515062,5,Entry gates of all Metro Stations of the Delhi Metro network are now open after CJP calling off the protest.,Entry gates of all Metro Stations of the Delhi Metro network are now open after CJP calling off the protest.
344,2081000257656086600,31,"CJP calls off protest but now their politics will start 😂

CJP has announced to END the Jantar Mantar agitation after Govt assurances.

Finally, Delhi will breathe free 🇮🇳

#DharmendraPradhan #RestorePeace
#TimeToEndProtest 
#NEETExamProtest
#जंतर_मंतर_ब्रेकिंग_न्यूज https://t.co/rnbwnauQCk","CJP calls off protest but now their politics will start 😂 CJP has announced to END the Jantar Mantar agitation after Govt assurances. Finally, Delhi will breathe free 🇮🇳 DharmendraPradhan RestorePeace TimeToEndProtest NEETExamProtest जंतर_मंतर_ब्रेकिंग_न्यूज"
345,2081000192602763631,31,"𝐂𝐉𝐏 𝐜𝐚𝐥𝐥𝐬 𝐨𝐟𝐟 𝐬𝐭𝐮𝐝𝐞𝐧𝐭𝐬' 𝐩𝐫𝐨𝐭𝐞𝐬𝐭 𝐚𝐬 𝐏𝐫𝐚𝐝𝐡𝐚𝐧 𝐫𝐞𝐬𝐢𝐠𝐧𝐬, 𝐠𝐨𝐯𝐭 𝐚𝐠𝐫𝐞𝐞𝐬 𝐭𝐨 𝐩𝐞𝐧𝐝𝐢𝐧𝐠 𝐝𝐞𝐦𝐚𝐧𝐝𝐬

The 49-day agitation at Jantar Mantar is over, but the CJP's decision comes with a condition: the government must now deliver on https://t.co/nWc1oZ2zuZ","𝐂𝐉𝐏 𝐜𝐚𝐥𝐥𝐬 𝐨𝐟𝐟 𝐬𝐭𝐮𝐝𝐞𝐧𝐭𝐬' 𝐩𝐫𝐨𝐭𝐞𝐬𝐭 𝐚𝐬 𝐏𝐫𝐚𝐝𝐡𝐚𝐧 𝐫𝐞𝐬𝐢𝐠𝐧𝐬, 𝐠𝐨𝐯𝐭 𝐚𝐠𝐫𝐞𝐞𝐬 𝐭𝐨 𝐩𝐞𝐧𝐝𝐢𝐧𝐠 𝐝𝐞𝐦𝐚𝐧𝐝𝐬 The 49-day agitation at Jantar Mantar is over, but the CJP's decision comes with a condition: the government must now deliver on"
346,2081000147173908953,31,Mamata Banerjee was to join the CJP protest on Monday. But they called it off. https://t.co/0wO70gWcgD,Mamata Banerjee was to join the CJP protest on Monday. But they called it off.
347,2081000114848756137,-1,"Jantar Mantar Protest Live Updates: CJP calls off protests ‘in good faith’ after talks with Centre
https://t.co/VNWR1m9ibr",Jantar Mantar Protest Live Updates: CJP calls off protests ‘in good faith’ after talks with Centre
348,2080999745041170800,0,"Close of a chapter
Beginning of new education era 

Jai Hind 

We will fight back when needed 

Protest ended 
Back to home 

#DharmendraPradhan #cjp #protest 
#JantarMantar  #delhi #SonamWangchuk",Close of a chapter Beginning of new education era Jai Hind We will fight back when needed Protest ended Back to home DharmendraPradhan cjp protest JantarMantar delhi SonamWangchuk
349,2080999637855453460,0,"Throughout the protest, CJP kept talking about accountability. Now the same questions will be asked of them.

When will Punjab Education Minister Harjot Singh Bains resign?

Even Instagram creators are now asking the same question.

Will Abhijeet Dipke, who is also an AAP worker, https://t.co/J2GROXdE8E","Throughout the protest, CJP kept talking about accountability. Now the same questions will be asked of them. When will Punjab Education Minister Harjot Singh Bains resign? Even Instagram creators are now asking the same question. Will Abhijeet Dipke, who is also an AAP worker,"
350,2080998895648231784,-1,"Cockroach Janta Party (CJP) has withdrawn its nationwide agitation with immediate effect, stating that all its demands have been accepted by the government. According to the party, these include: (1) maximum possible compensation for families of those who died by suicide in https://t.co/o10l8acpMB","Cockroach Janta Party (CJP) has withdrawn its nationwide agitation with immediate effect, stating that all its demands have been accepted by the government. According to the party, these include: (1) maximum possible compensation for families of those who died by suicide in"
351,2080998490004705487,1,"Did PM Modi and HM Amit Shah lose to the CJP?

My answer is no.

The BJP only takes a step back when it needs to move 10 steps forward. The Cockroach Janata Party was completely hijacked, gradually infiltrated by extremist organizations, leftist ideology, and the Deep State. They https://t.co/Dcfvt90bRi","Did PM Modi and HM Amit Shah lose to the CJP? My answer is no. The BJP only takes a step back when it needs to move 10 steps forward. The Cockroach Janata Party was completely hijacked, gradually infiltrated by extremist organizations, leftist ideology, and the Deep State. They"
352,2080998450234323186,-1,"The  Cockroach Janta Party (CJP) on Saturday announced the withdrawal of its indefinite protest at Jantar Mantar in New Delhi, claiming that the Union government had accepted all of its key demands following discussions with federal ministers.

https://t.co/TVPDsCPKv4","The Cockroach Janta Party (CJP) on Saturday announced the withdrawal of its indefinite protest at Jantar Mantar in New Delhi, claiming that the Union government had accepted all of its key demands following discussions with federal ministers."
353,2080998162668625940,19,"Delhi:
After their demands were met, CJP called off its protest.","Delhi: After their demands were met, CJP called off its protest."
354,2080998082691686664,7,"Delhi: After talks with Cockroach Janta Party delegation, Union Minister JP Nadda says, ""We had a long conversation today. They brought a written draft in which they made four points about the ongoing cases in agitation. Along with that, we discussed the other two demands: no https://t.co/debwjcyMGR","Delhi: After talks with Cockroach Janta Party delegation, Union Minister JP Nadda says, ""We had a long conversation today. They brought a written draft in which they made four points about the ongoing cases in agitation. Along with that, we discussed the other two demands: no"
355,2080997772933931148,-1,"#WATCH | Delhi | After the Cockroach Janta Party called off their protest, Special Commissioner of Police, Law &amp; Order, Devesh Chandra Srivastava says, ""I appeal to the students to return from here peacefully and wherever they are going on the way cooperate with the police https://t.co/7ZgqVQwOsy","WATCH | Delhi | After the Cockroach Janta Party called off their protest, Special Commissioner of Police, Law & Order, Devesh Chandra Srivastava says, ""I appeal to the students to return from here peacefully and wherever they are going on the way cooperate with the police"
356,2080997672899719375,-1,"CJP Ends Protest, Urges Supporters to Return Home After Govt Accepts All Demands

#Indianews #CJPProtest #cockroachjantaparty #StudentProtest | Jantar Mantar | Delhi Protest https://t.co/8TJ6SKBb2O","CJP Ends Protest, Urges Supporters to Return Home After Govt Accepts All Demands Indianews CJPProtest cockroachjantaparty StudentProtest | Jantar Mantar | Delhi Protest"
357,2080997430880051406,8,"@Cockroachisback 📢 The Cockroach Janta Party has announced that it is withdrawing the CJP protest and has asked all protesters to return home peacefully.

》If anyone continues creating chaos at Jantar Mantar after this, it will be up to the Delhi Police (@DelhiPolice) to deal with them. https://t.co/oRpCUJrnHK","📢 The Cockroach Janta Party has announced that it is withdrawing the CJP protest and has asked all protesters to return home peacefully. 》If anyone continues creating chaos at Jantar Mantar after this, it will be up to the Delhi Police () to deal with them."
358,2080997183579648014,-1,"#WATCH | Delhi | After the Cockroach Janta Party called off their protest, Special Commissioner of Police, Law &amp; Order, Devesh Chandra Srivastava says, ""...The dispersal of the public has begun. All our senior police officers and personnel are at the scene and nearby...We appeal https://t.co/B5kYooyIMX","WATCH | Delhi | After the Cockroach Janta Party called off their protest, Special Commissioner of Police, Law & Order, Devesh Chandra Srivastava says, ""...The dispersal of the public has begun. All our senior police officers and personnel are at the scene and nearby...We appeal"
359,2080997037018083397,-1,#BREAKING: CJP calls off the protest at Jantar Mantar. Union Ministers JP Nadda and Jitendra Singh shake hands with CIP's Chief Spokesperson Saurav Das and its National Spokesperson Ashutosh Ranka after CJP withdraws its agitation. https://t.co/j6DnL0WQDl,BREAKING: CJP calls off the protest at Jantar Mantar. Union Ministers JP Nadda and Jitendra Singh shake hands with CIP's Chief Spokesperson Saurav Das and its National Spokesperson Ashutosh Ranka after CJP withdraws its agitation.
360,2080996731765002685,-1,"A victory hard work weakens in the face disorder. CJP should not give any opportunity to mischievous elements or those trying to spoil the atmosphere.  
CJP and Delhi Police both must work together to ensure that there is no violence now.  
#NEET #CJP #Dharnendrapradhan #protest",A victory hard work weakens in the face disorder. CJP should not give any opportunity to mischievous elements or those trying to spoil the atmosphere. CJP and Delhi Police both must work together to ensure that there is no violence now. NEET CJP Dharnendrapradhan protest
361,2080996383772070398,23,"Privacy Claim At Protest Site 'Ironical': Centre Opposes PIL In Delhi HC Over Videography Of CJP Protests
#DelhiHC #Delhi #JantarMantar #Privacy #Surveillance #DelhiPolice #CJP #PIL #LegalNews #India @vidhimehta31 
https://t.co/IHUCqiafRT",Privacy Claim At Protest Site 'Ironical': Centre Opposes PIL In Delhi HC Over Videography Of CJP Protests DelhiHC Delhi JantarMantar Privacy Surveillance DelhiPolice CJP PIL LegalNews India
362,2080996354315477067,8,"#NATIONAL | After days of protests and three rounds of talks with the Centre, the Cockroach Janta Party (CJP) has called off its agitation at Jantar Mantar.

The decision came after the government assured the withdrawal of FIRs against protesters, accepted key student demands, https://t.co/13hQnz5N9S","NATIONAL | After days of protests and three rounds of talks with the Centre, the Cockroach Janta Party (CJP) has called off its agitation at Jantar Mantar. The decision came after the government assured the withdrawal of FIRs against protesters, accepted key student demands,"
363,2080996330584059921,-1,Will actually Support CJP if they do a Protest on Reservation and demand removal of Reservation https://t.co/bfqKYq3Jib,Will actually Support CJP if they do a Protest on Reservation and demand removal of Reservation
364,2080996186039935270,7,"VIDEO | Delhi: CJP spokesperson Saurav Das says, ""Democracy has been restored.""

(Full video available on PTI Videos - https://t.co/n147TvrpG7)

#Delhi https://t.co/pyk4nwaB1D","VIDEO | Delhi: CJP spokesperson Saurav Das says, ""Democracy has been restored."" (Full video available on PTI Videos - Delhi"
365,2080995858255126749,16,"Delhi : After talks between the CJP delegation and the government, during a joint press conference, CJP spokesperson Ashutosh Ranka says, “All our demands have been accepted. We request the protestors to peacefully withraw the protest with immediate effect.” https://t.co/RVWy74NsUj","Delhi : After talks between the CJP delegation and the government, during a joint press conference, CJP spokesperson Ashutosh Ranka says, “All our demands have been accepted. We request the protestors to peacefully withraw the protest with immediate effect.”"
366,2080995760456216658,30,"Internet, metro, liquor shops:‼️ 

What is restricted in Delhi amid CJP protest‼️⁉️ https://t.co/umPFXWypvm","Internet, metro, liquor shops:‼️ What is restricted in Delhi amid CJP protest‼️⁉️"
367,2080995751111573597,7,"JP Nadda meets the CJP delegation in Delhi, discussing FIRs, compensation and other demands raised during the protest

#JPNadda #CJP #Delhi #ProtestUpdate #GovernmentTalks #StudentIssues #NewsUpdate https://t.co/KXyxPk10Gm","JP Nadda meets the CJP delegation in Delhi, discussing FIRs, compensation and other demands raised during the protest JPNadda CJP Delhi ProtestUpdate GovernmentTalks StudentIssues NewsUpdate"
368,2080995685625987358,0,"Will There Be Nationwide Protest by CJP on 26th July or It Is Cancelled After Dharmendra Pradhan's Resignation?

https://t.co/zAxs0CcsBv

#CJP #CockroachJantaParty #Protest #DharmendraPradhan #DharmendraPradhanResigns #JantarMantar #Delhi

@Cockroachisback https://t.co/b7zjswrJId",Will There Be Nationwide Protest by CJP on 26th July or It Is Cancelled After Dharmendra Pradhan's Resignation? CJP CockroachJantaParty Protest DharmendraPradhan DharmendraPradhanResigns JantarMantar Delhi
369,2080995655464501484,-1,"Moment of victory at Delhi’s Jantar Mantar: Jubilation, tears, National Anthem https://t.co/U7O7shMFNq","Moment of victory at Delhi’s Jantar Mantar: Jubilation, tears, National Anthem"
370,2080995618030309444,8,"The Cockroach Janta Party has announced that it is withdrawing the CJP protest and has asked all protesters to return home peacefully.

If anyone continues creating chaos at Jantar Mantar after this, it will be up to the Delhi Police to deal with them. https://t.co/iT9pwSa4ww","The Cockroach Janta Party has announced that it is withdrawing the CJP protest and has asked all protesters to return home peacefully. If anyone continues creating chaos at Jantar Mantar after this, it will be up to the Delhi Police to deal with them."
371,2080995522182254594,14,"Violence During CJP Protest: Delhi Police Registers 15 FIRs, Attempt to Murder Charge Added
#DelhiPolice #CJP #StudentProtests #Violence #LawAndOrder #NEET #BreakingNews #Delhi
@DelhiPolice
https://t.co/Vl59WmqaFB","Violence During CJP Protest: Delhi Police Registers 15 FIRs, Attempt to Murder Charge Added DelhiPolice CJP StudentProtests Violence LawAndOrder NEET BreakingNews Delhi"
372,2080995073857364232,16,"#Delhi: After talks between the CJP delegation and the government, during a joint press conference, CJP spokesperson #AshutoshRanka (@AshutoshRanka) says, “All our demands have been accepted. We request the protestors to peacefully withdraw the protest with immediate effect.” https://t.co/QerCbQBK6e","Delhi: After talks between the CJP delegation and the government, during a joint press conference, CJP spokesperson AshutoshRanka () says, “All our demands have been accepted. We request the protestors to peacefully withdraw the protest with immediate effect.”"
373,2080995019755036994,19,"CJP calls off protest immediately l

BJP govt has met all demands of Protesters https://t.co/WZCIGwcdtb",CJP calls off protest immediately l BJP govt has met all demands of Protesters
374,2080994983264600403,16,"Delhi: After talks between the CJP delegation and the government, CJP spokesperson Ashutosh Ranka said during a joint press conference that all their demands have been accepted. He appealed to protesters to peacefully withdraw the protest with immediate effect. #CJP #Delhi https://t.co/XB30CmTxXQ","Delhi: After talks between the CJP delegation and the government, CJP spokesperson Ashutosh Ranka said during a joint press conference that all their demands have been accepted. He appealed to protesters to peacefully withdraw the protest with immediate effect. CJP Delhi"
375,2080994821616083304,19,"#BREAKINGNEWS | 
#CJP calls off its protest with immediate effect after the third round of talks with the government. 
At a joint press conference in New Delhi, both sides confirmed an agreement had been reached, and CJP urged protesters to return home peacefully.

#NEETPAPERLEAK https://t.co/86M78aN3RG","BREAKINGNEWS | CJP calls off its protest with immediate effect after the third round of talks with the government. At a joint press conference in New Delhi, both sides confirmed an agreement had been reached, and CJP urged protesters to return home peacefully. NEETPAPERLEAK"
376,2080994741181911161,2,"BREAKING | Delhi CJP Protest Waapas | CJP போராட்டம் வாபஸ் 

https://t.co/vHjpNOmIwE 

#cjp #cjpprotest #abhijeetdipke",BREAKING | Delhi CJP Protest Waapas | CJP போராட்டம் வாபஸ் cjp cjpprotest abhijeetdipke
377,2080994179035840706,7,"#WATCH | Delhi: Union Ministers JP Nadda and Jitendra Singh shake hands with Cockroach Janta Party's Chief Spokesperson Saurav Das and its National Spokesperson Ashutosh Ranka after Cockroach Janta Party withdraws its agitation 
🪳✊ #CJP Protest #Live Updates ➠ https://t.co/7lXPkwKFA0",WATCH | Delhi: Union Ministers JP Nadda and Jitendra Singh shake hands with Cockroach Janta Party's Chief Spokesperson Saurav Das and its National Spokesperson Ashutosh Ranka after Cockroach Janta Party withdraws its agitation 🪳✊ CJP Protest Live Updates ➠
378,2080993918829941228,7,"#WATCH | Delhi: After talks with Cockroach Janta Party delegation, Union Minister JP Nadda says, ""We had a long conversation today. They brought a written draft in which they made four points about the ongoing cases in agitation. Along with that, we discussed the other two https://t.co/nbrJyQCuXn","WATCH | Delhi: After talks with Cockroach Janta Party delegation, Union Minister JP Nadda says, ""We had a long conversation today. They brought a written draft in which they made four points about the ongoing cases in agitation. Along with that, we discussed the other two"
379,2080993747240898684,-1,"Cockroach Janta Party officially called off itsProtest 

#Delhi #CJP #Protest https://t.co/FZb9NgqCEo",Cockroach Janta Party officially called off itsProtest Delhi CJP Protest
380,2080993607759311085,-1,"CJP has withdrawn protest, if anybody creates anarchy, delhi police has full right to smash the shit out of them","CJP has withdrawn protest, if anybody creates anarchy, delhi police has full right to smash the shit out of them"
381,2080993492789342632,0,"#WATCH | Delhi: Visuals from Jantar Mantar, where protesters celebrate after the resignation of Union Education Minister Dharmendra Pradhan  After holding the third round of talks with the government, Cockroach Janta Party withdrew its agitation and appealed to the protestors to https://t.co/FlfnF72DxS","WATCH | Delhi: Visuals from Jantar Mantar, where protesters celebrate after the resignation of Union Education Minister Dharmendra Pradhan After holding the third round of talks with the government, Cockroach Janta Party withdrew its agitation and appealed to the protestors to"
382,2080993293417250956,-1,"Protest ends. Now the difficult part, get back to work. Earn a living. No free food.
https://t.co/tup66rpe7F","Protest ends. Now the difficult part, get back to work. Earn a living. No free food."
383,2080993250249433415,-1,"CJP has ended its protest at Jantar Mantar, they had no option left.

But real thing to watch out will be- When &amp; On what issue will they Protest again.","CJP has ended its protest at Jantar Mantar, they had no option left. But real thing to watch out will be- When & On what issue will they Protest again."
384,2080993075405722085,-1,"CJP ENDS 37-DAY PROTEST WITH PRADHAN OUT AND GOVT ON RECORD 🚨

SAURAV DAS 🔥: Pradhan is out. FIRs will be withdrawn, future targeting stopped and a written guarantee delivered by Tuesday.

JP NADDA: Govt agrees to maximum compensation under the rules and further talks on the https://t.co/iJol68y0C7","CJP ENDS 37-DAY PROTEST WITH PRADHAN OUT AND GOVT ON RECORD 🚨 SAURAV DAS 🔥: Pradhan is out. FIRs will be withdrawn, future targeting stopped and a written guarantee delivered by Tuesday. JP NADDA: Govt agrees to maximum compensation under the rules and further talks on the"
385,2080992867045314981,8,"#Watch ||  CJP, Centre Hold Joint Press Conference; Cockroach Janta Party (CJP) Calls Off Jantar Mantar Protest After Third Round of Talks with Central Government
@CJP_for_India  @CJP_2029 @DrJitendraSingh 

#Cockroach #Jantarmantar #Delhi https://t.co/H5HZB56SPw","Watch || CJP, Centre Hold Joint Press Conference; Cockroach Janta Party (CJP) Calls Off Jantar Mantar Protest After Third Round of Talks with Central Government Cockroach Jantarmantar Delhi"
386,2080992683267629354,8,"The Cockroach Janta Party has announced that it is withdrawing the CJP protest and has asked all protesters to return home peacefully.

If anyone continues creating chaos at Jantar Mantar after this, it will be up to the Delhi Police to deal with them. https://t.co/qBFVRRQOXo","The Cockroach Janta Party has announced that it is withdrawing the CJP protest and has asked all protesters to return home peacefully. If anyone continues creating chaos at Jantar Mantar after this, it will be up to the Delhi Police to deal with them."
387,2080992591118750028,15,"Gorlllss 

#GenZWithBharat #NEET #Modi #Delhi #Dharmendrapradhan #SonamWangchuk #CJP #CJPMovement #AbhijeetDipke #CockroachJantaParty #Protest #India #ModiGovernment #BJP #genz #jantarmantar https://t.co/Ba1yDkzHeh",Gorlllss GenZWithBharat NEET Modi Delhi Dharmendrapradhan SonamWangchuk CJP CJPMovement AbhijeetDipke CockroachJantaParty Protest India ModiGovernment BJP genz jantarmantar
388,2080992578653376713,-1,"CJP Jantar Mantar Protest Live Updates: 'We withdraw agitation in good faith,' say CJP leaders at joint presser with Centre
 https://t.co/wiuPAf1UFc
Download the TOI app now:
https://t.co/Av4VWorOpx","CJP Jantar Mantar Protest Live Updates: 'We withdraw agitation in good faith,' say CJP leaders at joint presser with Centre Download the TOI app now:"
389,2080992565676093619,16,"CJP ends protest after government accepts demands 🛑

NEW DELHI — According to CJP spokesperson, the government has accepted the demands to withdraw cases against protesters and provide compensation.

The protest has now been ended, and students have been asked to go home.
The","CJP ends protest after government accepts demands 🛑 NEW DELHI — According to CJP spokesperson, the government has accepted the demands to withdraw cases against protesters and provide compensation. The protest has now been ended, and students have been asked to go home. The"
390,2080992534193729931,16,"VIDEO | Delhi: CJP leader Ashutosh Ranka says, ""We appeal to our protesters and supporters to withdraw peacefully. All our demands have been accepted. We will inform you shortly about our future course of action. We have submitted our charter of demands to the government. It was https://t.co/1hdQv9C2VV","VIDEO | Delhi: CJP leader Ashutosh Ranka says, ""We appeal to our protesters and supporters to withdraw peacefully. All our demands have been accepted. We will inform you shortly about our future course of action. We have submitted our charter of demands to the government. It was"
391,2080992457190478154,-1,"After talks with the government, Cockroach Janta Party (CJP) National Spokesperson Ashutosh Ranka said all of the group's demands have been accepted and appealed to protesters at Delhi's Jantar Mantar to withdraw peacefully and return home safely. He said the party would share https://t.co/iTsyp24INW","After talks with the government, Cockroach Janta Party (CJP) National Spokesperson Ashutosh Ranka said all of the group's demands have been accepted and appealed to protesters at Delhi's Jantar Mantar to withdraw peacefully and return home safely. He said the party would share"
392,2080992344468599253,3,"Now that the CJP protest has been called off, a gentle note for Delhi journalists covering ground protests: there's real value in field training, knowing what gear to carry, which questions to ask, and how to position yourself safely when things get tense. 

I've noticed mics","Now that the CJP protest has been called off, a gentle note for Delhi journalists covering ground protests: there's real value in field training, knowing what gear to carry, which questions to ask, and how to position yourself safely when things get tense. I've noticed mics"
393,2080992147747258498,2,@monicaismeee Delhi CJP protest?,Delhi CJP protest?
394,2080992133775794533,8,"CJP agrees to withdraw protest 

Delhi police and RAF deployed at jantar mantar :  https://t.co/omHcdTfKVX",CJP agrees to withdraw protest Delhi police and RAF deployed at jantar mantar :
395,2080992097260261823,16,"Delhi: After talks with govt, CJP National Spokesperson Ashutosh Ranka says:

""3 rounds of talks held. Our Jantar Mantar protest had 3 demands:

1. Dharmendra Pradhan's resignation,

2. Withdraw all FIRs against protesters + no new cases and 

3. ₹1 Cr compensation for families","Delhi: After talks with govt, CJP National Spokesperson Ashutosh Ranka says: ""3 rounds of talks held. Our Jantar Mantar protest had 3 demands: 1. Dharmendra Pradhan's resignation, 2. Withdraw all FIRs against protesters + no new cases and 3. ₹1 Cr compensation for families"
396,2080992071733887017,-1,#Delhi - We declare withdrawal of our protest with immediate effect - CJP's Saurav Das #BreakingNews #CJP #StudentsProtest #JantarMantar #DharmendraPradhan #StudentsProtestOver https://t.co/tNOBUgtNBG,Delhi - We declare withdrawal of our protest with immediate effect - CJP's Saurav Das BreakingNews CJP StudentsProtest JantarMantar DharmendraPradhan StudentsProtestOver
397,2080992032731078751,25,"@ANI As per sources, a former CJP member who was expelled from the CJP protest leaked CJP's future plan after being expelled.

The plan reportedly reached the government.

According to the ex-CJP member, there was a much bigger plan behind the CJP protest. They wanted to expand the","As per sources, a former CJP member who was expelled from the CJP protest leaked CJP's future plan after being expelled. The plan reportedly reached the government. According to the ex-CJP member, there was a much bigger plan behind the CJP protest. They wanted to expand the"
398,2080991886303809712,16,"#Delhi: After talks between the CJP delegation and the government, during a joint press conference, CJP spokesperson Ashutosh Ranka says, “All our demands have been accepted. We request the protestors to peacefully withdraw the protest with immediate effect.”

#NEETIssue https://t.co/XdCNIUTKfC","Delhi: After talks between the CJP delegation and the government, during a joint press conference, CJP spokesperson Ashutosh Ranka says, “All our demands have been accepted. We request the protestors to peacefully withdraw the protest with immediate effect.” NEETIssue"
399,2080991827222806917,9,@vdsatheesan @RahulGandhi Then why could not visit at CJP protest site during your recent Delhi visit?.,Then why could not visit at CJP protest site during your recent Delhi visit?.
400,2080991660448887011,31,"BIG BREAKING: CJP has announced to END the Jantar Mantar agitation after Govt assurances.

#CJP #JantarMantar #Protest #AbhijeetDipke #DharmendraPradhan #Resignation #BreakingNews #IndianPolitics #PoliticalNews #IndiaNews #LatestNews #Politics #Delhi https://t.co/psXNC1Z1yI",BIG BREAKING: CJP has announced to END the Jantar Mantar agitation after Govt assurances. CJP JantarMantar Protest AbhijeetDipke DharmendraPradhan Resignation BreakingNews IndianPolitics PoliticalNews IndiaNews LatestNews Politics Delhi
401,2080991614437318950,7,"VIDEO | Delhi: After talks between the CJP delegation and the government, during a joint press conference, CJP spokesperson Saurav Das says, “Whoever carried out these acts of violence, those anti-social elements who incited people against the media and the public, we condemn https://t.co/nwe6LPYzNG","VIDEO | Delhi: After talks between the CJP delegation and the government, during a joint press conference, CJP spokesperson Saurav Das says, “Whoever carried out these acts of violence, those anti-social elements who incited people against the media and the public, we condemn"
402,2080991426914263153,-1,"CJP protest over? Time for AISA’s Neha Bora to end her ""strike"" too. 😭

Some claim she did a “hunger strike” while devouring mutton biryani. https://t.co/wCf3sGZp4t","CJP protest over? Time for AISA’s Neha Bora to end her ""strike"" too. 😭 Some claim she did a “hunger strike” while devouring mutton biryani."
403,2080991357599117356,16,"CJP's Ashutosh Ranka Announces Protest Withdrawal After Saying All Demands Were Accepted

#AshutoshRanka #CJP #CJPProtest #GovernmentTalks #JantarMantar #StudentProtest #EducationProtest #NEETProtest #Delhi https://t.co/4FjvYLZuWe",CJP's Ashutosh Ranka Announces Protest Withdrawal After Saying All Demands Were Accepted AshutoshRanka CJP CJPProtest GovernmentTalks JantarMantar StudentProtest EducationProtest NEETProtest Delhi
404,2080991333263507824,7,"#IGR: Union Ministers JP Nadda and Jitendra Singh held a third round of talks with CJP Chief Spokesperson Saurav Das and National Spokesperson Ashutosh Ranka in New Delhi, as the government continued negotiations with protest leaders following Pradhan's resignation. https://t.co/djQ0wTjZNj","IGR: Union Ministers JP Nadda and Jitendra Singh held a third round of talks with CJP Chief Spokesperson Saurav Das and National Spokesperson Ashutosh Ranka in New Delhi, as the government continued negotiations with protest leaders following Pradhan's resignation."
405,2080990857642365006,31,"CJP withdraw their protest in Jantar Mantar 

Official announcement done by mitha Sourav Das 👍",CJP withdraw their protest in Jantar Mantar Official announcement done by mitha Sourav Das 👍
406,2080990814017343829,32,"The game of fraud CJP

1) Everything was well-planned. 
2) NEET anger was real. Govt. was spooked.
3) Overnight, AAP supplied some boys for forming ""CJP"", and took full instructions from Modi, Shah, RSS.
4) Dipke was launched with fanfare. A non-entity, raised to minor stardom,","The game of fraud CJP 1) Everything was well-planned. 2) NEET anger was real. Govt. was spooked. 3) Overnight, AAP supplied some boys for forming ""CJP"", and took full instructions from Modi, Shah, RSS. 4) Dipke was launched with fanfare. A non-entity, raised to minor stardom,"
407,2080990762121167002,1,"Modi govt minister guides CJP to end the protest with immediate effect and they announced it. 

Be aware of this pseudo opposition BJP-RSS is trying to make. 

There is only one alternative and that is Rahul Gandhi Ji.. https://t.co/QkC4y7zXvn",Modi govt minister guides CJP to end the protest with immediate effect and they announced it. Be aware of this pseudo opposition BJP-RSS is trying to make. There is only one alternative and that is Rahul Gandhi Ji..
408,2080990577219534857,-1,"After talks with the government, Cockroach Janta Party (CJP) Chief Spokesperson Saurav Das said the Centre has accepted the group's second key demand to withdraw FIRs filed against protesters in Delhi and BJP-ruled or BJP-allied states. Das said the government assured that copies https://t.co/f1Am9R9DHD","After talks with the government, Cockroach Janta Party (CJP) Chief Spokesperson Saurav Das said the Centre has accepted the group's second key demand to withdraw FIRs filed against protesters in Delhi and BJP-ruled or BJP-allied states. Das said the government assured that copies"
409,2080990490695233818,-1,"@ANI 🚨 Finally the CJP (@Cockroachisback) protest is over and protestors are required to go back home immediately.

#EndReservation #NEETProtest #jantarmantarprotest #JaiHind #CockroachJantaParty #Democracy #NEETExamProtest #NEETPaperLeak #StudentsProtest #TimeToEndProtest https://t.co/lbGIgZ2sSv",🚨 Finally the CJP () protest is over and protestors are required to go back home immediately. EndReservation NEETProtest jantarmantarprotest JaiHind CockroachJantaParty Democracy NEETExamProtest NEETPaperLeak StudentsProtest TimeToEndProtest
410,2080990361351237637,19,"CJP calls off protest with immediate effect, says demands have been met by the Government. https://t.co/FSBzTuGuJh","CJP calls off protest with immediate effect, says demands have been met by the Government."
411,2080990319974507004,16,"Following talks between the Cockroach Janta Party (CJP) delegation and the government, CJP spokesperson Ashutosh Ranka announced during a joint press conference that the government had accepted all of the organization's demands.

Ranka appealed to the protesters gathered at https://t.co/K1xO4tLs23","Following talks between the Cockroach Janta Party (CJP) delegation and the government, CJP spokesperson Ashutosh Ranka announced during a joint press conference that the government had accepted all of the organization's demands. Ranka appealed to the protesters gathered at"
412,2080990250214752538,2,"Watch Full Video on ~ https://t.co/Ke46ZLItQ4

DELHI | CJP PROTEST | பொளக்கப்பட்ட கரப்பான்கள் - Unlimited Fun | TJ360
#Delhi | #CJP | #Tamiljanam360 | #TJ360 https://t.co/NtN7tykOB1",Watch Full Video on ~ DELHI | CJP PROTEST | பொளக்கப்பட்ட கரப்பான்கள் - Unlimited Fun | TJ360 Delhi | CJP | Tamiljanam360 | TJ360
413,2080990248704852318,0,"🚨 CJP-GOVT JOINT PRESS CONFERENCE :

""After 37 days of protest, our first and key demand, Dharmendra Pradhan resignation has been fulfilled""

""All our demands have been accepted""

""All commitments agreed upon by the Government after 3 rounds of talks""

""We request the protesters https://t.co/dL36PlWdp2","🚨 CJP-GOVT JOINT PRESS CONFERENCE : ""After 37 days of protest, our first and key demand, Dharmendra Pradhan resignation has been fulfilled"" ""All our demands have been accepted"" ""All commitments agreed upon by the Government after 3 rounds of talks"" ""We request the protesters"
414,2080989988112744766,0,"Dharmendra Pradhan resigns : No FIRs against protesters, govt says; CJP says ‘withdrawing stir in good faith’ 

Track LIVE updates 👇
https://t.co/ibmLn9vHyt","Dharmendra Pradhan resigns : No FIRs against protesters, govt says; CJP says ‘withdrawing stir in good faith’ Track LIVE updates 👇"
415,2080989953560019072,15,"Beauty of Democracy ☺️ 

A historic handshake between the Gen G (Youth) of India 🇮🇳 and the leadership of the world's largest democracy, represented by the world's largest political party.🇮🇳

#जंतर_मंतर_ब्रेकिंग_न्यूज 
#india 
#cjp #protest 
#delhi #bjp https://t.co/Ts85d74bej","Beauty of Democracy ☺️ A historic handshake between the Gen G (Youth) of India 🇮🇳 and the leadership of the world's largest democracy, represented by the world's largest political party.🇮🇳 जंतर_मंतर_ब्रेकिंग_न्यूज india cjp protest delhi bjp"
416,2080989591251943865,4,"@abhijeet_dipke 
What about junaid bhia 
#delhi
#jantarmantar
#protest
#neet
#neetpaperleak",What about junaid bhia delhi jantarmantar protest neet neetpaperleak
417,2080989414088724659,0,"#WATCH | Delhi: Visuals from Jantar Mantar, where protesters celebrate after the resignation of Union Education Minister Dharmendra Pradhan.

#JantarMantar #Delhi #CJPProtest

Know more 🔗 https://t.co/ibmLn9vHyt https://t.co/nc4tbb3OPx","WATCH | Delhi: Visuals from Jantar Mantar, where protesters celebrate after the resignation of Union Education Minister Dharmendra Pradhan. JantarMantar Delhi CJPProtest Know more 🔗"
418,2080989404936736833,0,India's Education Minister Resigns After Exam Paper Leak Protests | Big Political Development   India's education minister Dharmendra Pradhan has reportedly resigned following weeks of protests over the alleged exam paper leak controversy. The development comes after nearly two https://t.co/rDtyxYrBYQ,India's Education Minister Resigns After Exam Paper Leak Protests | Big Political Development India's education minister Dharmendra Pradhan has reportedly resigned following weeks of protests over the alleged exam paper leak controversy. The development comes after nearly two
419,2080989345679601768,16,"CJP spokesperson Ashutosh Ranka says, 

“All our demands have been accepted. We request the protestors to peacefully withraw the protest with immediate effect.” https://t.co/yXEVLj3UAd","CJP spokesperson Ashutosh Ranka says, “All our demands have been accepted. We request the protestors to peacefully withraw the protest with immediate effect.”"
420,2080989253149048947,-1,"#Delhi - We declare withdrawal of our protest with immediate effect - CJP's Saurav Das
#BreakingNews #CJP #StudentsProtest #JantarMantar #DharmendraPradhan #StudentsProtestOver",Delhi - We declare withdrawal of our protest with immediate effect - CJP's Saurav Das BreakingNews CJP StudentsProtest JantarMantar DharmendraPradhan StudentsProtestOver
421,2080989195842314543,19,"#WATCH | CJP has called off its protest with immediate effect after the third round of talks with the government. At a joint press conference in New Delhi, both sides confirmed an agreement had been reached, and CJP urged protesters to return home peacefully. https://t.co/g85le8y7M7","WATCH | CJP has called off its protest with immediate effect after the third round of talks with the government. At a joint press conference in New Delhi, both sides confirmed an agreement had been reached, and CJP urged protesters to return home peacefully."
422,2080988974160687453,19,"🚨 CJP formally calls off protest with immediate effect, says demands have been met by the Govt https://t.co/YIoofvoLzL","🚨 CJP formally calls off protest with immediate effect, says demands have been met by the Govt"
423,2080988913502679270,16,"VIDEO | Delhi: After talks between the CJP delegation and the government, during a joint press conference, CJP spokesperson Ashutosh Ranka says, “All our demands have been accepted. We request the protestors to peacefully withraw the protest with immediate effect.”

(Full video https://t.co/COyNV6Z815","VIDEO | Delhi: After talks between the CJP delegation and the government, during a joint press conference, CJP spokesperson Ashutosh Ranka says, “All our demands have been accepted. We request the protestors to peacefully withraw the protest with immediate effect.” (Full video"
424,2080988852416545260,8,"#JustIn | Cockroach Janta Party withdraws its agitation
 🪳✊ #CJP Protest #Live Updates ➠ https://t.co/uzcG4xPKle 📋   #CJP #Delhi #DelhiProtest #NEET https://t.co/F9Sbcr6dbF",JustIn | Cockroach Janta Party withdraws its agitation 🪳✊ CJP Protest Live Updates ➠ 📋 CJP Delhi DelhiProtest NEET
425,2080988780253896921,19,"BREAKING  NEWS 🚨 

The CJP has officially ended his protest after the government accepted all demands.

— All FIRs filed against the protesters will be withdrawn.

— The compensation offered to the family of the NEET student who committed suicide has been accepted.

Who won and",BREAKING NEWS 🚨 The CJP has officially ended his protest after the government accepted all demands. — All FIRs filed against the protesters will be withdrawn. — The compensation offered to the family of the NEET student who committed suicide has been accepted. Who won and
426,2080988748343595450,7,"VIDEO | Delhi: After talks between the CJP delegation and the government, during a joint press conference, Union Minister JP Nadda (@JPNadda) says, ""The second point concerns compensation. On the issue of compensation, the government stated its position in very clear terms. We https://t.co/02YSWOY9lq","VIDEO | Delhi: After talks between the CJP delegation and the government, during a joint press conference, Union Minister JP Nadda () says, ""The second point concerns compensation. On the issue of compensation, the government stated its position in very clear terms. We"
427,2080988679175086355,31,BIG BREAKING 🚨 CJP announces to end its protest at Jantar Mantar. https://t.co/ZNNeVihHjz,BIG BREAKING 🚨 CJP announces to end its protest at Jantar Mantar.
428,2080988463793684877,3,"Man who attacked a journalist at Kolkata CJP protest has been identified as Laraib Sheikh, an Instagram content creator.

In a viral video, he was seen using abusive language and assaulting the journalist.

https://t.co/Sh5L7WMatY","Man who attacked a journalist at Kolkata CJP protest has been identified as Laraib Sheikh, an Instagram content creator. In a viral video, he was seen using abusive language and assaulting the journalist."
429,2080988366892663285,19,"🚨 BIG BREAKING 

CJP has OFFICIALLY called off its protest after the Government ACCEPTED all of its demands.

— All FIRs against protesters will be WITHDRAWN. 
— Compensation for the family of the NEET student who died by suicide has been ACCEPTED.",🚨 BIG BREAKING CJP has OFFICIALLY called off its protest after the Government ACCEPTED all of its demands. — All FIRs against protesters will be WITHDRAWN. — Compensation for the family of the NEET student who died by suicide has been ACCEPTED.
430,2080988244330824002,7,"VIDEO | Delhi: Union Ministers JP Nadda and Jitendra Singh along with CJP delegation holds a joint press conference following the resignation of Dharmendra Pradhan.

CJP spokesperson Saurav Das says, ""Our second demand, that all FIRs filed against all protesters, not just in https://t.co/vVskSySjrY","VIDEO | Delhi: Union Ministers JP Nadda and Jitendra Singh along with CJP delegation holds a joint press conference following the resignation of Dharmendra Pradhan. CJP spokesperson Saurav Das says, ""Our second demand, that all FIRs filed against all protesters, not just in"
431,2080987973831864522,-1,"""We formally call off the protest"": Cockroach Janta Party (CJP) https://t.co/TyprbL73JT","""We formally call off the protest"": Cockroach Janta Party (CJP)"
432,2080987967439733121,-1,Delhi High Court allowed an NGO to claim money from CJP (Cockroach Janta Party) protesters for the public and private property they damaged during their protest.​​​​​​​​​​​​​​​​​​​​​​​​​​​​​​​​​​​​​​​​​​​​​​​​​​ https://t.co/bWpLRNgfhX,Delhi High Court allowed an NGO to claim money from CJP (Cockroach Janta Party) protesters for the public and private property they damaged during their protest.​​​​​​​​​​​​​​​​​​​​​​​​​​​​​​​​​​​​​​​​​​​​​​​​​​
433,2080987921121722497,1,"CJP has demanded that all legal cases filed against protesters and organizers be withdrawn, and that no future cases be registered against them.

Peaceful protesters should not be unnecessarily targeted. 

But those who damaged public property, vandalized vehicles, or attacked","CJP has demanded that all legal cases filed against protesters and organizers be withdrawn, and that no future cases be registered against them. Peaceful protesters should not be unnecessarily targeted. But those who damaged public property, vandalized vehicles, or attacked"
434,2080987882240831717,7,"VIDEO | Delhi: After talks between the CJP delegation and the government, during a joint press conference, with Union Ministers Jitendra Singh and JP Nadda, CJP 's Saurav Das says, ""The CJP declares that we withdraw the agitation in good faith and understanding that the agreed https://t.co/4kmBNDFER3","VIDEO | Delhi: After talks between the CJP delegation and the government, during a joint press conference, with Union Ministers Jitendra Singh and JP Nadda, CJP 's Saurav Das says, ""The CJP declares that we withdraw the agitation in good faith and understanding that the agreed"
435,2080987856927932655,-1,"આંદોલન પૂર્ણ થયાની CJPની જાહેરાત 

Follow For More Updates : https://t.co/JyvgzAzpBG
Follow to get latest news updates : https://t.co/52vWOsARP2

#Delhi #CJP #Protest #JPNadda #JitendraSingh #India #SandeshNews https://t.co/dDP18jDgjj",આંદોલન પૂર્ણ થયાની CJPની જાહેરાત Follow For More Updates : Follow to get latest news updates : Delhi CJP Protest JPNadda JitendraSingh India SandeshNews
436,2080987748702576997,31,"🔴#BREAKING | ""We formally call off the protest"": CJP announces end of students' protest at Jantar Mantar","🔴BREAKING | ""We formally call off the protest"": CJP announces end of students' protest at Jantar Mantar"
437,2080987593525903642,17,"Safdarjung Hospital case sheet on a CJP protester says ""pellet shards stuck to skin"" &amp; darkened wounds — contradicting Delhi Police's denial of pellet gun use at the July 20 Jantar Mantar protest over NEET irregularities. #CJPProtest #JantarMantar #NEET #DelhiPolice https://t.co/49ROmVrLMW","Safdarjung Hospital case sheet on a CJP protester says ""pellet shards stuck to skin"" & darkened wounds — contradicting Delhi Police's denial of pellet gun use at the July 20 Jantar Mantar protest over NEET irregularities. CJPProtest JantarMantar NEET DelhiPolice"
438,2080987568175526272,31,CJP has called off its protest at Delhi Jantar Mantar https://t.co/d9Ez9DUsnb,CJP has called off its protest at Delhi Jantar Mantar
439,2080987562886463615,-1,"#WATCH | Delhi: After talks with the government, Cockroach Janta Party's National Spokesperson Ashutosh Ranka says, ""We had demanded compensation of Rs 1 crore for the families of NEET victims. The government has agreed to this, stating that an honorary compensation will be given https://t.co/uXdH8HO109","WATCH | Delhi: After talks with the government, Cockroach Janta Party's National Spokesperson Ashutosh Ranka says, ""We had demanded compensation of Rs 1 crore for the families of NEET victims. The government has agreed to this, stating that an honorary compensation will be given"
440,2080987527356510385,19,"BREAKING | CJP Withdraws Protest, Asks Protesters to Return Home","BREAKING | CJP Withdraws Protest, Asks Protesters to Return Home"
441,2080987483538628903,5,"Delhi Police issues fresh traffic advisory amid CJP protest; Metro entry restored at 3 key stations.

https://t.co/HIKVocpQ0Z",Delhi Police issues fresh traffic advisory amid CJP protest; Metro entry restored at 3 key stations.
442,2080987392119550064,-1,"CJP withdraws protest after Govt accepts demand of cancelling the FIRs in Delhi, other BJP-ruled states","CJP withdraws protest after Govt accepts demand of cancelling the FIRs in Delhi, other BJP-ruled states"
443,2080987366286643317,-1,"#WATCH | Delhi: After talks with the government, Cockroach Janta Party's Chief Spokesperson Saurav Das says, ""Our second demand was that all the FIRs filed against the protesters, not just in Delhi but in all BJP-ruled and BJP-allied states, should be withdrawn. This was also our https://t.co/50zBjw41eR","WATCH | Delhi: After talks with the government, Cockroach Janta Party's Chief Spokesperson Saurav Das says, ""Our second demand was that all the FIRs filed against the protesters, not just in Delhi but in all BJP-ruled and BJP-allied states, should be withdrawn. This was also our"
444,2080987331646136791,31,"🚨 BIGGEST BREAKING

CJP has announced to END the Jantar Mantar agitation after Govt assurances.

Finally, Delhi will breathe free... https://t.co/lwtWvoOjvI","🚨 BIGGEST BREAKING CJP has announced to END the Jantar Mantar agitation after Govt assurances. Finally, Delhi will breathe free..."
445,2080987318278844820,19,Big #CJP ends Protest .,Big CJP ends Protest .
446,2080987153396629666,-1,BREAKING | CJP Agrees To Withdraw Protest,BREAKING | CJP Agrees To Withdraw Protest
447,2080987102599352484,-1,"#WATCH | Delhi: After talks with the government, Cockroach Janta Party's National Spokesperson Ashutosh Ranka says, ""We held three rounds of discussions with the government delegation. Our protest at Jantar Mantar, which was going on for several days, had three main demands: https://t.co/6rJcrkaTiH","WATCH | Delhi: After talks with the government, Cockroach Janta Party's National Spokesperson Ashutosh Ranka says, ""We held three rounds of discussions with the government delegation. Our protest at Jantar Mantar, which was going on for several days, had three main demands:"
448,2080987080961020358,7,"Delhi: Addressing a joint press conference with Union Ministers Jitendra Singh and JP Nadda, CJP 's Ashutosh Ranka says, ""Over the past few days, we have had three rounds of discussions with the government's delegation. Our protest at Jantar Mantar had been going on for 37 days. https://t.co/04v7DP3h3a","Delhi: Addressing a joint press conference with Union Ministers Jitendra Singh and JP Nadda, CJP 's Ashutosh Ranka says, ""Over the past few days, we have had three rounds of discussions with the government's delegation. Our protest at Jantar Mantar had been going on for 37 days."
449,2080987026548249080,7,"VIDEO | Delhi: After talks between the CJP delegation and the government, during a joint press conference, Union Minister JP Nadda (@JPNadda) says, ""Today was our third meeting with Saurabh Das and Ranka Ji. Once again, we had a lengthy discussion. They came today with a written https://t.co/B01GLFbGec","VIDEO | Delhi: After talks between the CJP delegation and the government, during a joint press conference, Union Minister JP Nadda () says, ""Today was our third meeting with Saurabh Das and Ranka Ji. Once again, we had a lengthy discussion. They came today with a written"
450,2080986932570681590,19,"BREAKING | CJP Confirms All Three Demands Met

CJP Agrees To Withdraw Protest",BREAKING | CJP Confirms All Three Demands Met CJP Agrees To Withdraw Protest
451,2080986918142013606,12,"The Delhi Police deployed AI-powered Facial Recognition System (FRS) units during a recent student-led protest organized by the Cockroach Janta Party (CJP) at Jantar Mantar in New Delhi, resulting in the real-time flagging of over 2,500 individuals with criminal records.","The Delhi Police deployed AI-powered Facial Recognition System (FRS) units during a recent student-led protest organized by the Cockroach Janta Party (CJP) at Jantar Mantar in New Delhi, resulting in the real-time flagging of over 2,500 individuals with criminal records."
452,2080986897304924627,7,"Delhi: Union Ministers J.P. Nadda and Jitendra Singh, along with CJP spokespersons, are jointly addressing a press conference following their meeting

Cockroach Janta Party National Spokesperson Ashutosh Ranka says, ""Those FIRs and cases should be withdrawn, and no future cases https://t.co/FeWP8guDS8","Delhi: Union Ministers J.P. Nadda and Jitendra Singh, along with CJP spokespersons, are jointly addressing a press conference following their meeting Cockroach Janta Party National Spokesperson Ashutosh Ranka says, ""Those FIRs and cases should be withdrawn, and no future cases"
453,2080986827385926041,1,"After winning three consecutive Lok Sabha elections, it looks like the BJP could lose the 2029 Lok Sabha election. The CJP protest appears to mark the beginning of its downfall.

#CJP #CockroachJantaParty #Loksabha #StudentsProtest #Delhi #Jantarmantar #abhijeetdipke https://t.co/u5gZVxyrAE","After winning three consecutive Lok Sabha elections, it looks like the BJP could lose the 2029 Lok Sabha election. The CJP protest appears to mark the beginning of its downfall. CJP CockroachJantaParty Loksabha StudentsProtest Delhi Jantarmantar abhijeetdipke"
454,2080986773359141289,3,"🚨 Sonakshi Sinha instantly made a reel after Dharmendra Pradhan resigned.

She has been posting 10–15 stories and reels every day about the CJP protest for a long time. Why is she so involved in this protest? She is behaving as if she herself is a NEET student. I haven't seen https://t.co/gX03pT6hHS",🚨 Sonakshi Sinha instantly made a reel after Dharmendra Pradhan resigned. She has been posting 10–15 stories and reels every day about the CJP protest for a long time. Why is she so involved in this protest? She is behaving as if she herself is a NEET student. I haven't seen
455,2080986742870651349,-1,"CRPF personnel has completely exposed the entire CJP protest.

He is currently deployed at Jantar Mantar, and every single word he said is absolutely accurate and powerful.

I was deeply moved by what he said, and I believe every Indian should listen to him and understand his https://t.co/W3h9NGegAj","CRPF personnel has completely exposed the entire CJP protest. He is currently deployed at Jantar Mantar, and every single word he said is absolutely accurate and powerful. I was deeply moved by what he said, and I believe every Indian should listen to him and understand his"
456,2080986514645991784,-1,Government promises that All FIRs filed by police in delhi and other bjp ruled states will be shared with CjP in 2-3 days and then all these FIRs will be withdrawn.  Also says no future action against protest organisers of CJP .,Government promises that All FIRs filed by police in delhi and other bjp ruled states will be shared with CjP in 2-3 days and then all these FIRs will be withdrawn. Also says no future action against protest organisers of CJP .
457,2080986423998796241,-1,"Heat and illness put Jantar Mantar protesters under pressure.

Volunteer doctors are treating viral infections, dehydration and injuries as scorching weather and overcrowding take their toll.

Read More:
https://t.co/8cbPHcKbDo

#JantarMantar #Delhi #Protest #PublicHealth","Heat and illness put Jantar Mantar protesters under pressure. Volunteer doctors are treating viral infections, dehydration and injuries as scorching weather and overcrowding take their toll. Read More: JantarMantar Delhi Protest PublicHealth"
458,2080986132171624598,0,Breaking 📢📢 IB source told to Govt of Bharat that Terrorist have planing to Burn entire Bharat and Delhi Sepcialy Target to 15 of August in the name of Peaceful protest. That's y Dharmendra Pradhan has resigned. #cjp #Dharmendrapradhan #neet #bjp #istandwithpm,Breaking 📢📢 IB source told to Govt of Bharat that Terrorist have planing to Burn entire Bharat and Delhi Sepcialy Target to 15 of August in the name of Peaceful protest. That's y Dharmendra Pradhan has resigned. cjp Dharmendrapradhan neet bjp istandwithpm
459,2080986055847875019,-1,"VIDEO | Delhi: Addressing a joint press conference with Union Ministers Jitendra Singh and JP Nadda, CJP 's Ashutosh Ranka says, ""Over the past few days, we have had three rounds of discussions with the government's delegation. Our protest at Jantar Mantar had been going on for https://t.co/AB2FuX7Bic","VIDEO | Delhi: Addressing a joint press conference with Union Ministers Jitendra Singh and JP Nadda, CJP 's Ashutosh Ranka says, ""Over the past few days, we have had three rounds of discussions with the government's delegation. Our protest at Jantar Mantar had been going on for"
460,2080985541626003625,8,Pictures clicked by me earlier today from Jantar Mantar protest site in Delhi. https://t.co/ZqASf2Vwlc,Pictures clicked by me earlier today from Jantar Mantar protest site in Delhi.
461,2080985518897324480,-1,"#WATCH | Delhi: After talks with the government, Cockroach Janta Party's National Spokesperson Ashutosh Ranka says, ""We held three rounds of discussions with the government delegation. Our protest at Jantar Mantar, which was going on for several days, had three main demands: https://t.co/erlp8eXgBz","WATCH | Delhi: After talks with the government, Cockroach Janta Party's National Spokesperson Ashutosh Ranka says, ""We held three rounds of discussions with the government delegation. Our protest at Jantar Mantar, which was going on for several days, had three main demands:"
462,2080984841462620625,-1,"Inquilab Zindabad. 
.
.
.
.
.

#CJPProtest

#CockroachJantaParty

#StudentPower

#YouthVoice

#JantarMantar

#EducationReform

#JusticeForStudents

[CJP, Protest, Delhi] https://t.co/GuD1ndaHtV","Inquilab Zindabad. . . . . . CJPProtest CockroachJantaParty StudentPower YouthVoice JantarMantar EducationReform JusticeForStudents [CJP, Protest, Delhi]"
463,2080984586834813270,3,"Ground Reality Of CJP Protest :

Four more persons at different occasions, were randomly declared as ""Godi Media"" and brutally thrashed by CJP goons, at Jantar Mantar.

All these attacks on ""journalists"" are being livestreamed and celebrated on Instagram.

Abhijeet Dipke has not https://t.co/XpzcJpDO4U","Ground Reality Of CJP Protest : Four more persons at different occasions, were randomly declared as ""Godi Media"" and brutally thrashed by CJP goons, at Jantar Mantar. All these attacks on ""journalists"" are being livestreamed and celebrated on Instagram. Abhijeet Dipke has not"
464,2080984484862685459,1,"Pradhan's gone. CJP isn't packing up though.

They're still pushing for compensation for the students who died, no FIRs against anyone who protested, and an apology from RAF and Delhi Police over how July 20 went down.

Second time in five years a street protest has actually https://t.co/u7ENDRlGKi","Pradhan's gone. CJP isn't packing up though. They're still pushing for compensation for the students who died, no FIRs against anyone who protested, and an apology from RAF and Delhi Police over how July 20 went down. Second time in five years a street protest has actually"
465,2080984299717714285,12,Delhi police flags 400 people with criminal records near CJP protest using facial recognition system‼️‼️⁉️,Delhi police flags 400 people with criminal records near CJP protest using facial recognition system‼️‼️⁉️
466,2080983358398669227,-1,"The most powerful surrenders to the most powerless. King is defeated by children. #spiritual #duality

Congratulations to all students and leaders... #democracy wins. #dictatorship surrenders ... Chaa gaye. Maza aa gaya. #inspiring #CJP #cockroach

https://t.co/HeRopREMeq",The most powerful surrenders to the most powerless. King is defeated by children. spiritual duality Congratulations to all students and leaders... democracy wins. dictatorship surrenders ... Chaa gaye. Maza aa gaya. inspiring CJP cockroach
467,2080983012800442685,-1,"I am not even talking about first day of the protest or its first week. FOR MORE THAN A MONTH. Even Sonam’s hunger strike couldn’t revive it.

What revived it was the suspicion that Sonam might die, and then government shifting him to hospital by force. That triggered people. Not","I am not even talking about first day of the protest or its first week. FOR MORE THAN A MONTH. Even Sonam’s hunger strike couldn’t revive it. What revived it was the suspicion that Sonam might die, and then government shifting him to hospital by force. That triggered people. Not"
468,2080982923927547936,6,"CJP rioters have started attacking Delhi Police shortly after the resignation of Dharmendra Pradhan.

At least two cops have been injured. Delhi police trying to control the situation.

#TimeToEndProtest https://t.co/pRAmTK94q3",CJP rioters have started attacking Delhi Police shortly after the resignation of Dharmendra Pradhan. At least two cops have been injured. Delhi police trying to control the situation. TimeToEndProtest
469,2080982503951863839,-1,"The music at Jantar Mantar underlines a truth as old as organised dissent: every movement has its soundtrack – Yogesh Pawar writes.

#JantarMantar #AbhijeetDipke #SonamWangchuk #CJP 

https://t.co/ixwBwjh9dY",The music at Jantar Mantar underlines a truth as old as organised dissent: every movement has its soundtrack – Yogesh Pawar writes. JantarMantar AbhijeetDipke SonamWangchuk CJP
470,2080981721244463565,3,"Who are all these girls who suddenly showed up on the CJP protest stage, claiming credit for Dharmendra Pradhan's resignation and making reels?

They were never seen at the protest before.

So how did so many of them suddenly appear today just to celebrate?

Are they friends of https://t.co/VNsj0YCSRJ","Who are all these girls who suddenly showed up on the CJP protest stage, claiming credit for Dharmendra Pradhan's resignation and making reels? They were never seen at the protest before. So how did so many of them suddenly appear today just to celebrate? Are they friends of"
471,2080980316865667213,6,"Demanding an apology from Delhi Police while continuing violence and vandalizing public property 

CJP supporters for you.. https://t.co/aPSNYlePG1",Demanding an apology from Delhi Police while continuing violence and vandalizing public property CJP supporters for you..
472,2080980017040007603,0,Scenes at Jantar Mantar in New Delhi after Dharmendra Pradhan resigned as education minister. Cockroach Janta Party has announced that they will end their protest after their remaining two demands including monetary compensation to the NEET aspirants who died by suicide and https://t.co/PdtIAwYBOx,Scenes at Jantar Mantar in New Delhi after Dharmendra Pradhan resigned as education minister. Cockroach Janta Party has announced that they will end their protest after their remaining two demands including monetary compensation to the NEET aspirants who died by suicide and
473,2080979790409199939,1,"The Delhi High Court has granted permission to an NGO to file a case of recovery of compensation due to damage of public &amp; private property by the CJP protestors.

(Those who have vandalised public or private property should be made liable to compensate for the losses.)",The Delhi High Court has granted permission to an NGO to file a case of recovery of compensation due to damage of public & private property by the CJP protestors. (Those who have vandalised public or private property should be made liable to compensate for the losses.)
474,2080979709526229116,0,Dharmendra Pradhan resigns as education minister amid massive paper leak protests https://t.co/MmE8ug1r6U,Dharmendra Pradhan resigns as education minister amid massive paper leak protests
475,2080979186714579040,6,Delhi CJP Protest | Fact and Narrative | Police Lathi Charge update | Sa... https://t.co/jH0S36UmGf via @YouTube,Delhi CJP Protest | Fact and Narrative | Police Lathi Charge update | Sa... via
476,2080978062230069367,-1,"Vijayta Dahiya is showing his true colours. This is the reality of CJP.

Now he is resorting to Islamophobia.

Muslims were desperate to protest behind him, and the first video he has posted is of him mocking Islam. https://t.co/FNMuE65XaT","Vijayta Dahiya is showing his true colours. This is the reality of CJP. Now he is resorting to Islamophobia. Muslims were desperate to protest behind him, and the first video he has posted is of him mocking Islam."
477,2080978043095634293,15,"Members of BJP &amp; RSS now have becom security threat 4r themselves. Indian gonna revert to Gandhi's.
#GenZWithBharat #NEET #Modi #Delhi #Dharmendrapradhan #SonamWangchuk #CJP #CJPMovement #AbhijeetDipke #CockroachJantaParty #Protest #India #ModiGovernment #BJP #genz #jantarmantar",Members of BJP & RSS now have becom security threat 4r themselves. Indian gonna revert to Gandhi's. GenZWithBharat NEET Modi Delhi Dharmendrapradhan SonamWangchuk CJP CJPMovement AbhijeetDipke CockroachJantaParty Protest India ModiGovernment BJP genz jantarmantar
478,2080977734772396194,0,"Dharmendra Pradhan RESIGNS | Delhi CJP Protest Jantar Mantar | NEET Paper Leak |  Abhijeet Dipke 

  #DharmendraPradhan #NEET #NEETPaperLeak #EducationMinister #StudentProtest #NTA #Parliament #BreakingNews #IndiaNews #Politics #BJP #Congress #HindiNews https://t.co/A7Hht2vTOw",Dharmendra Pradhan RESIGNS | Delhi CJP Protest Jantar Mantar | NEET Paper Leak | Abhijeet Dipke DharmendraPradhan NEET NEETPaperLeak EducationMinister StudentProtest NTA Parliament BreakingNews IndiaNews Politics BJP Congress HindiNews
479,2080977026857713711,0,"#ASSAM | Even after Union Education Minister @dpradhanbjp's resignation, the @CJP_for_India (CJP) has made it clear that its protest is far from over. 

Calling the resignation only the ""first victory,"" the organisation said it will continue its agitation until the remaining","ASSAM | Even after Union Education Minister 's resignation, the (CJP) has made it clear that its protest is far from over. Calling the resignation only the ""first victory,"" the organisation said it will continue its agitation until the remaining"
480,2080976696673767810,-1,"Now that the CJP protest has ended,

Fraud Neha Bora from AISA should stop her acting as well. 😭🤣

Someone should learn from her how to go on a hunger strike while eating mutton biryani! 😹👇 https://t.co/lRNtBjyw5z","Now that the CJP protest has ended, Fraud Neha Bora from AISA should stop her acting as well. 😭🤣 Someone should learn from her how to go on a hunger strike while eating mutton biryani! 😹👇"
481,2080975664522711346,7,"#WATCH | Delhi: Union Ministers JP Nadda and Jitendra Singh hold third round of talks with Cockroach Janta Party's Chief Spokesperson Saurav Das and its National Spokesperson Ashutosh Ranka. 
🪳✊ #CJP Protest #Live Updates ➠ https://t.co/uzcG4xQiaM 📋 https://t.co/xd1YCYBIzI",WATCH | Delhi: Union Ministers JP Nadda and Jitendra Singh hold third round of talks with Cockroach Janta Party's Chief Spokesperson Saurav Das and its National Spokesperson Ashutosh Ranka. 🪳✊ CJP Protest Live Updates ➠ 📋
482,2080975649670668707,0,"CJP founder Abhijeet Dipke hailed Dharmendra Pradhan’s resignation as a major victory for students and youth across India. Speaking at Jantar Mantar, Dipke said, “We have done it,” while asserting that the movement would continue until its remaining demands, including https://t.co/M9mgEB1azG","CJP founder Abhijeet Dipke hailed Dharmendra Pradhan’s resignation as a major victory for students and youth across India. Speaking at Jantar Mantar, Dipke said, “We have done it,” while asserting that the movement would continue until its remaining demands, including"
483,2080975462281654351,-1,"Abhijeet Dipke has now gone to a hotel to eat burgers and sleep.

Meanwhile, another man has taken his place on the CJP protest stage. He looks very similar to Abhijeet Dipke and even wears similar clothes.

Until Abhijeet Dipke returns, this man will keep giving speeches so https://t.co/vSkh9TwfCE","Abhijeet Dipke has now gone to a hotel to eat burgers and sleep. Meanwhile, another man has taken his place on the CJP protest stage. He looks very similar to Abhijeet Dipke and even wears similar clothes. Until Abhijeet Dipke returns, this man will keep giving speeches so"
484,2080975136841400424,5,"Dharmendra Pradhan resignation and perspectives

1. Sigh of relief for Delhi office commuters and other travelers as restrictions on Metro closures will likely go away.
2. Sad day for Protest jeevis like Yogendra Yadav and Abhijit Dipke.  Anarchists salivate at long protests and",Dharmendra Pradhan resignation and perspectives 1. Sigh of relief for Delhi office commuters and other travelers as restrictions on Metro closures will likely go away. 2. Sad day for Protest jeevis like Yogendra Yadav and Abhijit Dipke. Anarchists salivate at long protests and
485,2080973652930207822,1,"@theAshleyMolly 2-3-4
1st demand was GC demand from February. Bjp acted on it only after cjp started pelting Delhi police.
Now violent cjp gets the credit for it, not GC who did actual peaceful protest.
If 2to4 is acted on, people are going to be livid.","2-3-4 1st demand was GC demand from February. Bjp acted on it only after cjp started pelting Delhi police. Now violent cjp gets the credit for it, not GC who did actual peaceful protest. If 2to4 is acted on, people are going to be livid."
486,2080973608516747691,28,"People stopped watching Arnab, Anjana, Navika and other TV lapdogs. They now trust, support, and amplify independent media. The CJP Delhi protest proved that small digital newsrooms can outperform mainstream channels in both professionalism and public trust.","People stopped watching Arnab, Anjana, Navika and other TV lapdogs. They now trust, support, and amplify independent media. The CJP Delhi protest proved that small digital newsrooms can outperform mainstream channels in both professionalism and public trust."
487,2080973510906876138,6,"Dharmendra Pradhan has Resigned

Forget ending protest, CJP Goons are instead pelting stones and are ready for big violence.

Why?

#RestorePeace https://t.co/aMWtQz6THk","Dharmendra Pradhan has Resigned Forget ending protest, CJP Goons are instead pelting stones and are ready for big violence. Why? RestorePeace"
488,2080973418246394011,-1,"*Church priests were seen at the Jantar Mantar protest expressing solidarity with the protesters.*

*Lawmakers from both the US Republican and Democratic parties have expressed concern over the proposed FCRA Amendment.*
* They said provisions relating to the management of NGO https://t.co/plDAC5A2TE",*Church priests were seen at the Jantar Mantar protest expressing solidarity with the protesters.* *Lawmakers from both the US Republican and Democratic parties have expressed concern over the proposed FCRA Amendment.* * They said provisions relating to the management of NGO
489,2080973365637198240,9,@NewsAlgebraIND This is last round talk between cjp and govt and after this the protest should be end they must vacate jantar mantar because govt and delhi police is planning to be massive crackdown against elements who are attacking police,This is last round talk between cjp and govt and after this the protest should be end they must vacate jantar mantar because govt and delhi police is planning to be massive crackdown against elements who are attacking police
490,2080973320409985523,0,"CJP Jantar Mantar Protest Live Updates: Round 3 of CJP-govt talks under way after Dharmendra Pradhan's resignation
 https://t.co/wiuPAf1UFc
Download the TOI app now:
https://t.co/Av4VWorOpx",CJP Jantar Mantar Protest Live Updates: Round 3 of CJP-govt talks under way after Dharmendra Pradhan's resignation Download the TOI app now:
491,2080972789432115602,0,Live: 3rd round of govt-CJP talks underway after Dharmendra Pradhan's resignation https://t.co/WDHltJ6Lsz,Live: 3rd round of govt-CJP talks underway after Dharmendra Pradhan's resignation
492,2080972711338316131,5,"Entry gates for Rajiv Chowk, Mandi House and Central Secretariat metro stations are now open: Delhi Metro Rail Corporation  
🪳✊ #CJP Protest #Live Updates ➠ https://t.co/uzcG4xQiaM 📋 https://t.co/Oju1sGWBIY","Entry gates for Rajiv Chowk, Mandi House and Central Secretariat metro stations are now open: Delhi Metro Rail Corporation 🪳✊ CJP Protest Live Updates ➠ 📋"
493,2080972703742542294,7,"J. P. Nadda and Jitendra Singh are now meeting Saurav Das and Ashutosh Ranka again at the Constitution Club.

CJP has got everything it was asking for.

Now it's time to vacate Jantar Mantar and #RestorePeace in Delhi, which has been missing for so many days.","J. P. Nadda and Jitendra Singh are now meeting Saurav Das and Ashutosh Ranka again at the Constitution Club. CJP has got everything it was asking for. Now it's time to vacate Jantar Mantar and RestorePeace in Delhi, which has been missing for so many days."
494,2080972590416560210,7,"Delhi | Union Ministers JP Nadda and Jitendra Singh hold third round of talks with Cockroach Janta Party's Chief Spokesperson Saurav Das and its National Spokesperson Ashutosh Ranka. 
🪳✊ #CJP Protest #Live Updates ➠ https://t.co/uzcG4xQiaM 📋 https://t.co/D8IYtzM577",Delhi | Union Ministers JP Nadda and Jitendra Singh hold third round of talks with Cockroach Janta Party's Chief Spokesperson Saurav Das and its National Spokesperson Ashutosh Ranka. 🪳✊ CJP Protest Live Updates ➠ 📋
495,2080972340989427742,15,"Genz Won. 
#GenZWithBharat #NEET #Modi #Delhi #Dharmendrapradhan #SonamWangchuk #CJP #CJPMovement #AbhijeetDipke #CockroachJantaParty #Protest #India #ModiGovernment #BJP #genz #jantarmantar",Genz Won. GenZWithBharat NEET Modi Delhi Dharmendrapradhan SonamWangchuk CJP CJPMovement AbhijeetDipke CockroachJantaParty Protest India ModiGovernment BJP genz jantarmantar
496,2080972322211844594,1,"@narendramodi @AmitShah @rajnathsingh Respected All, Immediately End the #CJP protest. This protest is not going in correct direction. Political parties diverting the issue. Major demand is accepted also accept compensation, no FIR &amp; an apology by Delhi Police &amp; RPF. Take Control","Respected All, Immediately End the CJP protest. This protest is not going in correct direction. Political parties diverting the issue. Major demand is accepted also accept compensation, no FIR & an apology by Delhi Police & RPF. Take Control"
497,2080972223423402494,1,"Overall, i think it's a good move. The government probably had inputs of this turning into something violent by August 15 like the Delhi riots of 2020. Further demands by CJP and allies won't strike too many chords with the common people, and the protest will lose steam.","Overall, i think it's a good move. The government probably had inputs of this turning into something violent by August 15 like the Delhi riots of 2020. Further demands by CJP and allies won't strike too many chords with the common people, and the protest will lose steam."
498,2080972066468360577,0,Statement: The @AITCofficial stands in complete solidarity with the @Cockroachisback CJP party and hails the power of the youth in forcing the resignation of the Education Minister Dharmendra Pradhan. We demand that the rest of the CJP demands are immediately met. The battle is,Statement: The stands in complete solidarity with the CJP party and hails the power of the youth in forcing the resignation of the Education Minister Dharmendra Pradhan. We demand that the rest of the CJP demands are immediately met. The battle is
499,2080971401385648387,-1,"#mamatabanerjee reaches CIT road where #trinamoolcongress protest permission supporting students was denied by #calcuttahighcourt . Her leaders #kunalghosh and Baishnor Chattopadhyay were taken away by police,prompting Mamata to arrive riding pillion on a two wheeler&amp;leave after","mamatabanerjee reaches CIT road where trinamoolcongress protest permission supporting students was denied by calcuttahighcourt . Her leaders kunalghosh and Baishnor Chattopadhyay were taken away by police,prompting Mamata to arrive riding pillion on a two wheeler&leave after"
500,2080970672822518187,4,"Kanhaiya Kumar, who once called himself a student leader, was completely absent during the CJP protest. He was enjoying himself, sleeping in air-conditioned comfort, and did not make a single statement in support of the CJP protest or participate in it for even one day.

Students https://t.co/WbTRq1w62Q","Kanhaiya Kumar, who once called himself a student leader, was completely absent during the CJP protest. He was enjoying himself, sleeping in air-conditioned comfort, and did not make a single statement in support of the CJP protest or participate in it for even one day. Students"
501,2080970536197443865,0,Now that Dharmendra Pradhan has resigned it’s time to arrest every individual who raised anti-national slogans and abused Sanatan Dharma during the CJP protest. https://t.co/B6wa00BgjT,Now that Dharmendra Pradhan has resigned it’s time to arrest every individual who raised anti-national slogans and abused Sanatan Dharma during the CJP protest.
502,2080970529838960914,0,"Article link: https://t.co/SwktG1H0nB

#JantarMantar #NEETProtest #delhiprotest #ResignDharmendraPradhan #CJP #BJP #Modi https://t.co/IBtM9Pfq1w",Article link: JantarMantar NEETProtest delhiprotest ResignDharmendraPradhan CJP BJP Modi
503,2080968867397193987,0,CJP protest LIVE updates: CJP-govt meet at 4 pm; Dipke thanks CJI Kant for calling youth 'cockroaches' https://t.co/rzYzqwj7IQ,CJP protest LIVE updates: CJP-govt meet at 4 pm; Dipke thanks CJI Kant for calling youth 'cockroaches'
504,2080968334489866738,9,"Multiple rows of barricades have been placed on sensitive stretches in the New Delhi district, particularly in and around the CJP Protest.

#Delhi #CJPProtest #JantarMantar #DelhiPolice

https://t.co/sEb6AOOvKj","Multiple rows of barricades have been placed on sensitive stretches in the New Delhi district, particularly in and around the CJP Protest. Delhi CJPProtest JantarMantar DelhiPolice"
505,2080968266940657779,0,Jantar Mantar protest LIVE: Dharmendra Pradhan tenders resignation as Union Education Minister - https://t.co/6UTXDt2S5j For the best experience read this on The Hindu App. https://t.co/QCUkTw536n,Jantar Mantar protest LIVE: Dharmendra Pradhan tenders resignation as Union Education Minister - For the best experience read this on The Hindu App.
506,2080967950194917637,0,"#Students_Who_Lost_Their_Lives_Got_Justice

Abhijeet Dipke After Dharmendra Pradhan's Resignation

#delhi : Following the resignation of Union Education Minister Dharmendra Pradhan, CJP founder Abhijeet Dipke said, ""Students who lost their lives got justice today."" He described https://t.co/PRt0cKqdGD","Students_Who_Lost_Their_Lives_Got_Justice Abhijeet Dipke After Dharmendra Pradhan's Resignation delhi : Following the resignation of Union Education Minister Dharmendra Pradhan, CJP founder Abhijeet Dipke said, ""Students who lost their lives got justice today."" He described"
507,2080967939147382859,0,"Several actors including Priyanka Chopra reacted after former Union Education Minister Dharmendra Pradhan's resignation following Sonam Wangchuk's hunger strike and the CJP protest in Delhi. Their posts welcomed talks with the youth, with actor Kamal Haasan calling for dialogue https://t.co/E810Cq0Xuk","Several actors including Priyanka Chopra reacted after former Union Education Minister Dharmendra Pradhan's resignation following Sonam Wangchuk's hunger strike and the CJP protest in Delhi. Their posts welcomed talks with the youth, with actor Kamal Haasan calling for dialogue"
508,2080967625602224639,0,"First, let's give the students their due. 

They pushed, and a Union minister is gone. That does not happen often in this country.

Dharmendra Pradhan has resigned as Education Minister today, sending his letter to the Prime Minister, in the middle of the nationwide protests over","First, let's give the students their due. They pushed, and a Union minister is gone. That does not happen often in this country. Dharmendra Pradhan has resigned as Education Minister today, sending his letter to the Prime Minister, in the middle of the nationwide protests over"
509,2080967599593292067,28,"Dear @DelhiPolice, whatever you did, whether it was a  success or a failure (with respect to CJP protest at #JantarMantar), we,  the Citizens of India are proud of you. 

We are greatful to your officers and men in uniform at #DelhiKiPolice for your efforts and services. Thanks","Dear , whatever you did, whether it was a success or a failure (with respect to CJP protest at JantarMantar), we, the Citizens of India are proud of you. We are greatful to your officers and men in uniform at DelhiKiPolice for your efforts and services. Thanks"
510,2080967450741633446,11,"CJP founder Abhijeet Dipke's mother, Anita Dipke, says she is ""very happy"" and ""very proud"" of her son. Recalling the attacks on him, she says she was scared at times and kept worrying about what might happen to him.

LIVE updates👇🏼
https://t.co/1gGWUNwBN3 https://t.co/bkrBcsmt77","CJP founder Abhijeet Dipke's mother, Anita Dipke, says she is ""very happy"" and ""very proud"" of her son. Recalling the attacks on him, she says she was scared at times and kept worrying about what might happen to him. LIVE updates👇🏼"
511,2080967303085412802,8,"भारत माता की जय 🇮🇳🙏🏻 ... Power of students, unite together 💪🏻🔥🥹
.
Thousands of students are massing at Jantar Mantar in
New Delhi for a major demonstration led by the
Cockroach Janta Party (CJP) 
#coakroachjantaparty#protest #sonamwangchuk#explore https://t.co/pDnRF9k3kw","भारत माता की जय 🇮🇳🙏🏻 ... Power of students, unite together 💪🏻🔥🥹 . Thousands of students are massing at Jantar Mantar in New Delhi for a major demonstration led by the Cockroach Janta Party (CJP) coakroachjantapartyprotest sonamwangchukexplore"
512,2080966780395389040,-1,"@wokeflix Since 2014_
-Intolerance campaign
-Award return show by Urban Naxals
-Shaheen Bagh
-Delhi Riots
-Fake Farmers Protest
-Republic Day Riots
-Manipur Kuki Terrorism
-West Bengal Anti-Hindu Riots by TMC
-AAP-CJP rampage

Hardly any concrete action after winning elections everywhere🤐 https://t.co/jrNRCWgq8b",Since 2014_ -Intolerance campaign -Award return show by Urban Naxals -Shaheen Bagh -Delhi Riots -Fake Farmers Protest -Republic Day Riots -Manipur Kuki Terrorism -West Bengal Anti-Hindu Riots by TMC -AAP-CJP rampage Hardly any concrete action after winning elections everywhere🤐
513,2080966519996252452,2,"Full Video Link - 👉https://t.co/Ke46ZLItQ4  DELHI | CJP PROTEST | பொளக்கப்பட்ட கரப்பான்கள் - Unlimited Fun | TJ360

Tovino bro ! பேசுங்க bro | CJP Protest | TJ 360 | NEET |
#Tamiljanam360 | #TJ360 | #tovinothomas | #Kerala |  #mallu | #Keralafilm | #filmindustry | https://t.co/HiVWce8Uoa",Full Video Link - 👉 DELHI | CJP PROTEST | பொளக்கப்பட்ட கரப்பான்கள் - Unlimited Fun | TJ360 Tovino bro ! பேசுங்க bro | CJP Protest | TJ 360 | NEET | Tamiljanam360 | TJ360 | tovinothomas | Kerala | mallu | Keralafilm | filmindustry |
514,2080966388542541920,0,"CJP celebrates resignation of India’s Education Minister Dharmendra Pradhan. Yet CJP says won’t end protest until other demands are met:

Compensation of ₹1 crore for families of students who died by suicide.

Delhi Police public apology. (1/2)",CJP celebrates resignation of India’s Education Minister Dharmendra Pradhan. Yet CJP says won’t end protest until other demands are met: Compensation of ₹1 crore for families of students who died by suicide. Delhi Police public apology. (1/2)
515,2080966313795617091,5,"According to the Delhi Metro Rail Corporation (DMRC), the stations remain closed from 7.30 am until further instructions amid the CJP protest.

#Delhi #DelhiMetro #CJPProtest

https://t.co/3bKJfNEBLZ","According to the Delhi Metro Rail Corporation (DMRC), the stations remain closed from 7.30 am until further instructions amid the CJP protest. Delhi DelhiMetro CJPProtest"
516,2080966115598139682,3,"He joined CJP protest to speak against NEET paper leak. But when he saw people abusing Modi ji, he confronted them.

He told them this protest is against NEET paper leak not against Modi ji. They called him Andhbhakt, lynched him.

Now he is in serious condition.

#DelhiViolence https://t.co/0NFniTZ8JW","He joined CJP protest to speak against NEET paper leak. But when he saw people abusing Modi ji, he confronted them. He told them this protest is against NEET paper leak not against Modi ji. They called him Andhbhakt, lynched him. Now he is in serious condition. DelhiViolence"
517,2080966039773594008,9,"CJP Spokesperson Raises Questions Over Delhi Police | WNN

➡️ CJP spokesperson Sourav Das raised serious questions over the Delhi Police's handling of security arrangements.

➡️ He alleged that while even food bags were not allowed inside protest areas, trucks allegedly carrying https://t.co/wufcxXFoPV","CJP Spokesperson Raises Questions Over Delhi Police | WNN ➡️ CJP spokesperson Sourav Das raised serious questions over the Delhi Police's handling of security arrangements. ➡️ He alleged that while even food bags were not allowed inside protest areas, trucks allegedly carrying"
518,2080965327022899437,-1,"@VijayGajeraO Since 2014_
-Intolerance campaign
-Award return show by Urban Naxals
-Shaheen Bagh
-Delhi Riots
-Fake Farmers Protest
-Republic Day Riots
-Manipur Kuki Terrorism
-West Bengal Anti-Hindu Riots by TMC
-AAP-CJP rampage

Hardly any concrete action after winning elections everywhere🤐 https://t.co/MMWfBZrmjV",Since 2014_ -Intolerance campaign -Award return show by Urban Naxals -Shaheen Bagh -Delhi Riots -Fake Farmers Protest -Republic Day Riots -Manipur Kuki Terrorism -West Bengal Anti-Hindu Riots by TMC -AAP-CJP rampage Hardly any concrete action after winning elections everywhere🤐
519,2080964222444519715,0,"Celebrations broke out outside Janpath Metro station after Education Minister Dharmendra Pradhan resigned amid the NEET paper leak row. 

The resignation came as student protests demanding accountability continued across the country.

#DharmendraPradhan #JantarMantar #cjp #delhi https://t.co/ZE1x1wcgFc",Celebrations broke out outside Janpath Metro station after Education Minister Dharmendra Pradhan resigned amid the NEET paper leak row. The resignation came as student protests demanding accountability continued across the country. DharmendraPradhan JantarMantar cjp delhi
520,2080964115447873647,-1,"We Have Done It ! | Cockroach Janta Party | Abhijeet Dipke | Delhi Protest | IBC Tamil

#cockroachjantaparty #abhijeetdipke #delhiprotest #ibctamil #cjp https://t.co/s7KMwQhUOJ",We Have Done It ! | Cockroach Janta Party | Abhijeet Dipke | Delhi Protest | IBC Tamil cockroachjantaparty abhijeetdipke delhiprotest ibctamil cjp
521,2080963799771967735,0,"CJP has updated its demand tracker.
✅ Dharmendra Pradhan has resigned.
But the movement says the remaining demands are still pending:
• ₹1 crore compensation for families of students who died by suicide
• No action against student protesters
• Public apology from the RAF and",CJP has updated its demand tracker. ✅ Dharmendra Pradhan has resigned. But the movement says the remaining demands are still pending: • ₹1 crore compensation for families of students who died by suicide • No action against student protesters • Public apology from the RAF and
522,2080963748521734627,1,"@MumbaichaDon Farmers were coming to Delhi after 27th Jul to support CJP. Everybody knew this entire protest was funded to create nepal n bangldesh situation in India. Whn same hpnd in shaheen bagh, farmers protest why gov was nt ready for this. This is a gov failure, it will now bcom a trend","Farmers were coming to Delhi after 27th Jul to support CJP. Everybody knew this entire protest was funded to create nepal n bangldesh situation in India. Whn same hpnd in shaheen bagh, farmers protest why gov was nt ready for this. This is a gov failure, it will now bcom a trend"
523,2080963507479351367,7,#WATCH | Delhi: Union Ministers JP Nadda and Jitendra Singh arrive at Constitution Club of India for the third round of talks with the CJP. https://t.co/Syk7bu83js,WATCH | Delhi: Union Ministers JP Nadda and Jitendra Singh arrive at Constitution Club of India for the third round of talks with the CJP.
524,2080963490274234557,0,"Finally Dharmendra Pradhan resigns...
asianetnews India's victory, victory over dictatorship; Abhijit Deepke raises Ambedkar's picture and greets workers

#CJP #StudentsProtest #DelhiPolice #DharmendraPradhan #dharmendrapradhanresign #JantarMantar #CockroachJanataParty #Delhi https://t.co/HXCNcXFA5m","Finally Dharmendra Pradhan resigns... asianetnews India's victory, victory over dictatorship; Abhijit Deepke raises Ambedkar's picture and greets workers CJP StudentsProtest DelhiPolice DharmendraPradhan dharmendrapradhanresign JantarMantar CockroachJanataParty Delhi"
525,2080963314579091906,5,"Following the resignation of former Education Minister Dharmendra Pradhan, which is being seen as a major victory for the CJP protests and the broader student movement, the Delhi Police have announced that all Delhi Metro stations are now open. Metro services are reportedly free,","Following the resignation of former Education Minister Dharmendra Pradhan, which is being seen as a major victory for the CJP protests and the broader student movement, the Delhi Police have announced that all Delhi Metro stations are now open. Metro services are reportedly free,"
526,2080963280089342040,5,"Following the resignation of former Education Minister Dharmendra Pradhan, which is being seen as a major victory for the CJP protests and the broader student movement, the Delhi Police have announced that all Delhi Metro stations are now open. Metro services are reportedly free","Following the resignation of former Education Minister Dharmendra Pradhan, which is being seen as a major victory for the CJP protests and the broader student movement, the Delhi Police have announced that all Delhi Metro stations are now open. Metro services are reportedly free"
527,2080962324991791490,30,"Internet, metro, liquor shops: What is restricted in Delhi amid CJP protest

https://t.co/v5onOv7Dpe","Internet, metro, liquor shops: What is restricted in Delhi amid CJP protest"
528,2080961807498588599,-1,"@Sanjay_Dixit Since 2014_
-Intolerance campaign
-Award return show by Urban Naxals
-Shaheen Bagh
-Delhi Riots
-Fake Farmers Protest
-Republic Day Riots
-Manipur Kuki Terrorism
-West Bengal Anti-Hindu Riots by TMC
-AAP-CJP rampage

Hardly any concrete action after winning elections everywhere🤐 https://t.co/M0723MKhTo",Since 2014_ -Intolerance campaign -Award return show by Urban Naxals -Shaheen Bagh -Delhi Riots -Fake Farmers Protest -Republic Day Riots -Manipur Kuki Terrorism -West Bengal Anti-Hindu Riots by TMC -AAP-CJP rampage Hardly any concrete action after winning elections everywhere🤐
529,2080961472365224129,-1,"@JaipurDialogues Since 2014_
-Intolerance campaign
-Award return show by Urban Naxals
-Shaheen Bagh
-Delhi Riots
-Fake Farmers Protest
-Republic Day Riots
-Manipur Kuki Terrorism
-West Bengal Anti-Hindu Riots by TMC
-AAP-CJP rampage

Hardly any concrete action after winning elections everywhere🤐",Since 2014_ -Intolerance campaign -Award return show by Urban Naxals -Shaheen Bagh -Delhi Riots -Fake Farmers Protest -Republic Day Riots -Manipur Kuki Terrorism -West Bengal Anti-Hindu Riots by TMC -AAP-CJP rampage Hardly any concrete action after winning elections everywhere🤐
530,2080961131439652946,20,"CCTV Captures Exact Moment of Stone Pelting and Vandalism at CJP's Protest in Delhi

The CCTV video shows how the CJP protest turned violent on 20 July 2026. Multiple protesters can be seen vandalizing a police vehicle in front of the Janpath metro station. At first, the masked https://t.co/OyrQLCBflO","CCTV Captures Exact Moment of Stone Pelting and Vandalism at CJP's Protest in Delhi The CCTV video shows how the CJP protest turned violent on 20 July 2026. Multiple protesters can be seen vandalizing a police vehicle in front of the Janpath metro station. At first, the masked"
531,2080960351156551925,15,"Student's Won

#DharmendraPradhan #NEETExamProtest #EducationMinister #gez #genzee #dmkgenz #NEET #Modi #Delhi #Dharmendrapradhan #SonamWangchuk #CJP #CJPMovement #AbhijeetDipke #CockroachJantaParty #Protest #India #ModiGovernment #BJP #jantarmantar #junaid https://t.co/Uzz53fbqeQ",Student's Won DharmendraPradhan NEETExamProtest EducationMinister gez genzee dmkgenz NEET Modi Delhi Dharmendrapradhan SonamWangchuk CJP CJPMovement AbhijeetDipke CockroachJantaParty Protest India ModiGovernment BJP jantarmantar junaid
532,2080960281493357046,25,"As per sources, a former CJP member who was expelled from the CJP protest leaked CJP's future plan after being expelled.

The plan reportedly reached the government.

According to the ex-CJP member, there was a much bigger plan behind the CJP protest. They wanted to expand the","As per sources, a former CJP member who was expelled from the CJP protest leaked CJP's future plan after being expelled. The plan reportedly reached the government. According to the ex-CJP member, there was a much bigger plan behind the CJP protest. They wanted to expand the"
533,2080960281803641086,2,"Finally the CJP protest is over!
Now I can enjoy my normal reels on Instagram 😭",Finally the CJP protest is over! Now I can enjoy my normal reels on Instagram 😭
534,2080960188891517359,0,Now Hindus from all over the country should do dharna in jantar mantar for Hindu Rashtra. Shankaracharyas should hold fast until the death for Hindu republic of India. #cjp_पार्टी #cjp #protest #delhi #resign #dharmendrapradharesign #dipke,Now Hindus from all over the country should do dharna in jantar mantar for Hindu Rashtra. Shankaracharyas should hold fast until the death for Hindu republic of India. cjp_पार्टी cjp protest delhi resign dharmendrapradharesign dipke
535,2080959964437438666,3,"Meet Laraib Sheikh, a content creator on Instagram with approx 10k followers, runs and hits a journalist.

This happened in Kolkata CJP protest, where mob was attacking the journalist.

Lives in Kolkata, but zero fear of such behaviour on camera. https://t.co/ceIupPN0iy","Meet Laraib Sheikh, a content creator on Instagram with approx 10k followers, runs and hits a journalist. This happened in Kolkata CJP protest, where mob was attacking the journalist. Lives in Kolkata, but zero fear of such behaviour on camera."
536,2080959956791214417,6,"Amid FIRs filed against 'criminals' for violence at the Delhi's Jantar Mantar protest, CJP makes new demand - Public apology from RAF and Delhi police 

@ShivAroor @PadmajaJoshi https://t.co/7HseFKNCIX","Amid FIRs filed against 'criminals' for violence at the Delhi's Jantar Mantar protest, CJP makes new demand - Public apology from RAF and Delhi police"
537,2080959833185149346,0,"Amid news of the Union Education Minister's resignation, CJP founder #AbhijeetDipke reacts with jubilation at Jantar Mantar in Delhi, saying, ""We have done it.""

📹 X/Cockroachisback https://t.co/95s9roqiVw","Amid news of the Union Education Minister's resignation, CJP founder AbhijeetDipke reacts with jubilation at Jantar Mantar in Delhi, saying, ""We have done it."" 📹 X/Cockroachisback"
538,2080959613571309585,0,"“We have done it,” said CJP founder Abhijeet Dipke as celebrations broke out at Jantar Mantar following Dharmendra Pradhan’s resignation. Protesters raised slogans of “Democracy won” as the CJP claimed victory after weeks of agitation.

#DharmendraPradhan #cjp #JantarMantar https://t.co/SrDUphEadp","“We have done it,” said CJP founder Abhijeet Dipke as celebrations broke out at Jantar Mantar following Dharmendra Pradhan’s resignation. Protesters raised slogans of “Democracy won” as the CJP claimed victory after weeks of agitation. DharmendraPradhan cjp JantarMantar"
539,2080959575788818901,2,"The moment ...

#CJP #Abhijeet #Delhi #Protest https://t.co/6ataEoWe5i",The moment ... CJP Abhijeet Delhi Protest
540,2080959121722110254,7,"VIDEO | Delhi: CJP Delegation arrives at Constitution Club.

(Full video available on PTI Videos - https://t.co/n147TvrpG7)

#Delhi https://t.co/CNJrh0HXfc",VIDEO | Delhi: CJP Delegation arrives at Constitution Club. (Full video available on PTI Videos - Delhi
541,2080958994869526591,15,"We need to introspect. Why #GenZ has to organise a 40 day protest?
#CJP #CJPProtest #DharmendraPradhan #DharmendraPradhanResign #JantarMantar #NewDelhi #Delhi #AbhijeetDipke #RahulGandhi https://t.co/IeCkOBS1Qk",We need to introspect. Why GenZ has to organise a 40 day protest? CJP CJPProtest DharmendraPradhan DharmendraPradhanResign JantarMantar NewDelhi Delhi AbhijeetDipke RahulGandhi
542,2080958906189361477,6,@CPDelhi @DelhiPolice identity miscreants &amp; take stern actions who has taken law &amp; order and assaulted Delhi Police/ RAF while CJP protest.,identity miscreants & take stern actions who has taken law & order and assaulted Delhi Police/ RAF while CJP protest.
543,2080958462574375201,1,"CJp Terrorist abhijeet now asking two more demanded,,,,

Now I don't care about anyone , 
Now the time to speak bad words only correct 

Dai @abhijeet_dipke bitches fucker dash, Terrrorist , lade  🤬🤬

What you demanded at all cleared - Paper leaked  wallas , already special","CJp Terrorist abhijeet now asking two more demanded,,,, Now I don't care about anyone , Now the time to speak bad words only correct Dai bitches fucker dash, Terrrorist , lade 🤬🤬 What you demanded at all cleared - Paper leaked wallas , already special"
544,2080957957966377314,-1,"According to sources now CJP is travelling to Punjab tonight, from tomorrow onwards protest will be against Punjab government 🔥","According to sources now CJP is travelling to Punjab tonight, from tomorrow onwards protest will be against Punjab government 🔥"
545,2080957927339512260,18,"This MCD cockroach Abhijit is demanding an apology from the Delhi Police for doing their duty, during which many officers were nearly killed by CJP goons.

Modi Ji you should post a video tonight stating that the government will not entertain this demand and warning that if","This MCD cockroach Abhijit is demanding an apology from the Delhi Police for doing their duty, during which many officers were nearly killed by CJP goons. Modi Ji you should post a video tonight stating that the government will not entertain this demand and warning that if"
546,2080957563278115266,1,"@YearOfTheKraken This is an old weakness of BJP: surrendering before mobs in Delhi, first seen in IC-814 case. This govt has already surrendered thrice before mobs in Delhi-- Shaheen Bagh, Kisan protests and CJP protest. Modi govt has lost its ""Iqbal"" completely &amp; it's only a matter of time now.","This is an old weakness of BJP: surrendering before mobs in Delhi, first seen in IC-814 case. This govt has already surrendered thrice before mobs in Delhi-- Shaheen Bagh, Kisan protests and CJP protest. Modi govt has lost its ""Iqbal"" completely & it's only a matter of time now."
547,2080957560799342806,13,"Sonam Wangchuk released a video alleging harassment at Safdarjung Hospital before his transfer to Medanta. Hospital officials clarified the clip was shot in a restricted area before they received the High Court's written transfer order.
#DTNext #SonamWangchuk #Delhi #CJP #Protest https://t.co/r9OHpvRht0",Sonam Wangchuk released a video alleging harassment at Safdarjung Hospital before his transfer to Medanta. Hospital officials clarified the clip was shot in a restricted area before they received the High Court's written transfer order. DTNext SonamWangchuk Delhi CJP Protest
548,2080957194120609920,7,#WATCH | Delhi: CJP delegation leaves from Jantar Mantar for the Constitution Club of India for the third round of talks with the government. https://t.co/DLLkkAQYHj,WATCH | Delhi: CJP delegation leaves from Jantar Mantar for the Constitution Club of India for the third round of talks with the government.
549,2080957102114427064,11,"Be Abhijeet Dipke

-&gt; born in Aurangabad on 29 September 1995
-&gt; worked in Delhi CM Office communications
-&gt; was applying for US jobs in 2026
-&gt; saw CJI’s “cockroach” remark on 15 May
-&gt; launched Cockroach Janta Party on 16 May 2026
-&gt; CJP got thousands of sign-ups within days
-&gt; https://t.co/EdEImgDT0T",Be Abhijeet Dipke -> born in Aurangabad on 29 September 1995 -> worked in Delhi CM Office communications -> was applying for US jobs in 2026 -> saw CJI’s “cockroach” remark on 15 May -> launched Cockroach Janta Party on 16 May 2026 -> CJP got thousands of sign-ups within days ->
550,2080957050524487868,2,"@ShekharGupta @abhijeet_dipke @BhardwajAnanya Grok: The question of who started the violence during the July 2026 CJP/NEET paper-leak protests at Jantar Mantar in Delhi is disputed, with competing claims from both sides and no definitive independent adjudication available in public reports.
On or around 20 July 2026, the","Grok: The question of who started the violence during the July 2026 CJP/NEET paper-leak protests at Jantar Mantar in Delhi is disputed, with competing claims from both sides and no definitive independent adjudication available in public reports. On or around 20 July 2026, the"
551,2080956623221346522,1,"@Nithiskumar_ True. 

But FYI, u have clearly mentioned the external influence (dmk) hijacking cjp protest in TN.

Please also do mention the same that happened in Delhi too

(Lgbt, hitting police, damaging public property, umar khalid, article 370)","True. But FYI, u have clearly mentioned the external influence (dmk) hijacking cjp protest in TN. Please also do mention the same that happened in Delhi too (Lgbt, hitting police, damaging public property, umar khalid, article 370)"
552,2080956449014845507,0,Watch | Moment when CJP learned about Dharmendra Pradhan's resignation https://t.co/NLDmp9hdBN,Watch | Moment when CJP learned about Dharmendra Pradhan's resignation
553,2080956119707800014,0,"🚨 Education Minister Dharmendra Pradhan Resigns

But CJP &amp; Abhijit Dipke refuses to end the protest citing unmet demands. On July 20, three demands were made by them but now a new demand has been added a public apology from the RAF &amp; Delhi Police. https://t.co/f3o7hOd8MO","🚨 Education Minister Dharmendra Pradhan Resigns But CJP & Abhijit Dipke refuses to end the protest citing unmet demands. On July 20, three demands were made by them but now a new demand has been added a public apology from the RAF & Delhi Police."
554,2080956071456432390,21,"I was offered money, flight tickets to join CJP protest in Delhi: Actress Akansha
https://t.co/MfKzzgtLyS
 -via inshorts https://t.co/4kDWe8a5k2","I was offered money, flight tickets to join CJP protest in Delhi: Actress Akansha -via inshorts"
555,2080955692614336909,0,"#Dharmendrapradhan resigns as the #Educationminister 

This comes after intensified protest at Jantar Mantar. The resignation letter also highlights that the foreign elements involved might destroy their career, hence the resignation 

#cjp #studentprotest #delhi #jantarmantar","Dharmendrapradhan resigns as the Educationminister This comes after intensified protest at Jantar Mantar. The resignation letter also highlights that the foreign elements involved might destroy their career, hence the resignation cjp studentprotest delhi jantarmantar"
556,2080955403652010491,-1,"JUST IN | Protesters gathered in Jantar Mantar celebrate with the 'Chak De India' song.
 - @ikasnik reports
Read live updates here: https://t.co/GmC7bVDFyL",JUST IN | Protesters gathered in Jantar Mantar celebrate with the 'Chak De India' song. - reports Read live updates here:
557,2080955233841406441,0,"'Congratulations to the entire country on Dharmendra Pradhan’s resignation. Big win for democracy,' says former Delhi CM Arvind Kejriwal.

Union education minister Dharmendra Pradhan on Saturday tendered his resignation amid the ongoing protests over the NEET paper leak.

Track https://t.co/D6cCnOOMN3","'Congratulations to the entire country on Dharmendra Pradhan’s resignation. Big win for democracy,' says former Delhi CM Arvind Kejriwal. Union education minister Dharmendra Pradhan on Saturday tendered his resignation amid the ongoing protests over the NEET paper leak. Track"
558,2080955198726660327,-1,"CJP Anti Nationals Protestors!!!

They won't stop this 

They ll Plan add more and more

Why means they are not NEET Solutions,, they all are Anti Nationals, Anti Terrorist 

So Delhi protest arrest Everybody and arrest Abhijeet Dipke 

Upcoming - Kindly make the Internal https://t.co/QSbYY0qkCt","CJP Anti Nationals Protestors!!! They won't stop this They ll Plan add more and more Why means they are not NEET Solutions,, they all are Anti Nationals, Anti Terrorist So Delhi protest arrest Everybody and arrest Abhijeet Dipke Upcoming - Kindly make the Internal"
559,2080954990227841203,9,"@mandeeppunia1 Jantar Mantar Protest: ""Food and water being stopped', says CJP spokesperson Saurav Das in heated argument with Delhi Police.

#JantarMantarProtest #CJP","Jantar Mantar Protest: ""Food and water being stopped', says CJP spokesperson Saurav Das in heated argument with Delhi Police. JantarMantarProtest CJP"
560,2080954954890854472,0,"After Pradhan’s resignation :

- gendu generation can’t monetise further on chhapri cockroach jhatu party (CJP) protest 

- end of Dikpe’s career 

- deep state’s regime change plan foiled 

- PM Modi won hearts again by his apology video and finally his resignation 

- fake",After Pradhan’s resignation : - gendu generation can’t monetise further on chhapri cockroach jhatu party (CJP) protest - end of Dikpe’s career - deep state’s regime change plan foiled - PM Modi won hearts again by his apology video and finally his resignation - fake
561,2080954703270080587,0,"CJP is celebrating the resignation of India's Education Minister, Dharmendra Pradhan. Yet it says the protest will not end until its other demands are met:

₹1 crore in compensation for the families of students who died by suicide.
A public apology from the Delhi Police.
Action https://t.co/22ORhffIY0","CJP is celebrating the resignation of India's Education Minister, Dharmendra Pradhan. Yet it says the protest will not end until its other demands are met: ₹1 crore in compensation for the families of students who died by suicide. A public apology from the Delhi Police. Action"
562,2080954476060627052,1,"&gt; GCs tried to protest against UGC
&gt; Didn't get permission 
&gt; GCs were labelled as anti national, pakistani 
&gt; Dipke got permission in a day
&gt; Massive protests, chaos in delhi
&gt; Dharmendra Pradhan resigned today 
&gt; It's clear that Modi listen ONLY when there is street chaos","> GCs tried to protest against UGC > Didn't get permission > GCs were labelled as anti national, pakistani > Dipke got permission in a day > Massive protests, chaos in delhi > Dharmendra Pradhan resigned today > It's clear that Modi listen ONLY when there is street chaos"
563,2080954455118504153,0,"The Cockroach Janta Party (CJP) welcomed the resignation of India's Education Minister, #DharmendraPradhan but clarified that their demonstrations will continue. The organization announced that the protest will only end once the government fulfills their remaining conditions: https://t.co/e1z02vA2Kn","The Cockroach Janta Party (CJP) welcomed the resignation of India's Education Minister, DharmendraPradhan but clarified that their demonstrations will continue. The organization announced that the protest will only end once the government fulfills their remaining conditions:"
564,2080954442120065196,0,"CJP updates its demand list after Dharmendra Pradhan tenders his resignation, says won’t end protest until there is:

 — Rs 1 Cr compensation to the families 
#NEET aspirants who committed suicide

— public apology from Delhi Police &amp; RAF

— Assurance of no action against","CJP updates its demand list after Dharmendra Pradhan tenders his resignation, says won’t end protest until there is: — Rs 1 Cr compensation to the families NEET aspirants who committed suicide — public apology from Delhi Police & RAF — Assurance of no action against"
565,2080954237014704563,1,@SHRao19 The arrests of the criminals attending the CJP protest is going on... there are 2500+ goons now on Delhi Police radar....,The arrests of the criminals attending the CJP protest is going on... there are 2500+ goons now on Delhi Police radar....
566,2080954185412215144,1,"🚨 SHOCKING! 
CJP now adds new demand:

-&gt; Public Apology From RAF &amp; Delhi Police

They say protest won't end before this 🤯 https://t.co/d0bDTgncxS",🚨 SHOCKING! CJP now adds new demand: -> Public Apology From RAF & Delhi Police They say protest won't end before this 🤯
567,2080953965609709947,0,"𝗝𝘂𝗻𝗲 𝟲 : First CJP meetup, major BJP accounts trolled for less crowd appearance 
𝗝𝘂𝗻𝗲 𝟮𝟬 : First Day of NEET Protest 
𝗝𝘂𝗻𝗲 𝟮𝟱 : Educational Minister Resigned 

Never Mess with GenZ &amp; CJP https://t.co/xm2KeMPjW9","𝗝𝘂𝗻𝗲 𝟲 : First CJP meetup, major BJP accounts trolled for less crowd appearance 𝗝𝘂𝗻𝗲 𝟮𝟬 : First Day of NEET Protest 𝗝𝘂𝗻𝗲 𝟮𝟱 : Educational Minister Resigned Never Mess with GenZ & CJP"
568,2080953903542370678,1,"Losing one soldier on the chessboard is a move, not a defeat.

If Abhijit Dipke and CJP are celebrating this as a “victory,” they should realize it’s actually the beginning of the end of their protest.

The game isn’t over. 
The board is still in play.","Losing one soldier on the chessboard is a move, not a defeat. If Abhijit Dipke and CJP are celebrating this as a “victory,” they should realize it’s actually the beginning of the end of their protest. The game isn’t over. The board is still in play."
569,2080953819391762767,0,Me waiting for CJP to start protest against Nitin Gadkari &amp; Nirmala Sitharaman after resignation of Dharmendra Pradhan https://t.co/1JoewBYHok,Me waiting for CJP to start protest against Nitin Gadkari & Nirmala Sitharaman after resignation of Dharmendra Pradhan
570,2080953762991235302,-1,"Just as expected, CJP has no intention of ending this protest.

-Wangchuk's fast has ended.

-Dharmendra Pradhan has resigned.

Now Abhijeet Dipke has come up with three new demands

They just want to do Kejriwal style politics. https://t.co/rIPDKgOcya","Just as expected, CJP has no intention of ending this protest. -Wangchuk's fast has ended. -Dharmendra Pradhan has resigned. Now Abhijeet Dipke has come up with three new demands They just want to do Kejriwal style politics."
571,2080953729608568941,-1,"Education minister resigned...good!

What about accountability of students beaten mercilessly by Delhi police and civil clothes goons? One teen even died :(

#Delhi #protest #cjp #students #laathicharge #pelletguns #accountability @CJP_for_India @PMOIndia @INCIndia @BJP4India",Education minister resigned...good! What about accountability of students beaten mercilessly by Delhi police and civil clothes goons? One teen even died :( Delhi protest cjp students laathicharge pelletguns accountability
572,2080953566119014419,0,"As Union Education Minister Dharmendra Pradhan resigns amid the ongoing NEET protest row, what could be discussed between CJP and the government in the third round of talks?

@SardesaiRajdeep shares his views on the developments.

#Delhi #NEETPaperLeakCase #DharmendraPradhan https://t.co/YbSggf39AL","As Union Education Minister Dharmendra Pradhan resigns amid the ongoing NEET protest row, what could be discussed between CJP and the government in the third round of talks? shares his views on the developments. Delhi NEETPaperLeakCase DharmendraPradhan"
573,2080953281141227652,11,"🚨 NIHANG SIKHS CONFRONT ABHIJEET DIPKE AT DELHI PROTEST.

A group of Nihang Sikhs has publicly warned Cockroach Janta Party leader Abhijeet Dipke after a tense exchange at the Jantar Mantar protest site in New Delhi. They accused Dipke of insulting Sikh traditions and https://t.co/bEVAonRsiL",🚨 NIHANG SIKHS CONFRONT ABHIJEET DIPKE AT DELHI PROTEST. A group of Nihang Sikhs has publicly warned Cockroach Janta Party leader Abhijeet Dipke after a tense exchange at the Jantar Mantar protest site in New Delhi. They accused Dipke of insulting Sikh traditions and
574,2080953161456775643,-1,"So they took U turn now . They will not end protest . 
Now the demands are 

Compensation of ₹1 crore for families of students who died by suicide.

Delhi Police public apology. Action against those who ordered lathicharge on students.
More you will bow down more they will rise",So they took U turn now . They will not end protest . Now the demands are Compensation of ₹1 crore for families of students who died by suicide. Delhi Police public apology. Action against those who ordered lathicharge on students. More you will bow down more they will rise
575,2080953022860116238,-1,"congratulations CJP for making an innocent man resign from his post.

thank you narendra modi ji for not letting hooligans &amp; foreign funded protest tear apart this country.

it is the black day for democracy but always remember dharmendra pradhan, history will be kinder to you. https://t.co/qQYSdhETyO","congratulations CJP for making an innocent man resign from his post. thank you narendra modi ji for not letting hooligans & foreign funded protest tear apart this country. it is the black day for democracy but always remember dharmendra pradhan, history will be kinder to you."
576,2080953012076601404,2,Again from cjp protest -  https://t.co/HIE7kbaJxe,Again from cjp protest -
577,2080952977892999598,23,"In the Delhi High court: CJP PROTEST"" DELHI POLICE CAN'T RECORD PROTEST VIDEO...PRIVACY AT RISK ?... https://t.co/QTJNUk0WJl via @YouTube","In the Delhi High court: CJP PROTEST"" DELHI POLICE CAN'T RECORD PROTEST VIDEO...PRIVACY AT RISK ?... via"
578,2080952887266447824,1,"@Sanjay_Dixit 1. Kishan Protest 
2. Shaheen Bagh 
3. Delhi Riots 
Now CJP .

I  feel Modi is done now . he needs to pass the baton to Amit Shah ji and Yogi ji .

Resignation is not wrong but the timing is wrong and he  ultimately surrenders to streets not genuine students 🙏",1. Kishan Protest 2. Shaheen Bagh 3. Delhi Riots Now CJP . I feel Modi is done now . he needs to pass the baton to Amit Shah ji and Yogi ji . Resignation is not wrong but the timing is wrong and he ultimately surrenders to streets not genuine students 🙏
579,2080952833860591813,-1,"understood the value of the country and the lives of the girl students after a long time, but it is good that you are resigning from this post।
Jai Hind 🇮🇳 
@dpradhanbjp 
@narendramodi 
@CJP_for_India 

#Cjp #BJP 
#viral
#Protest 
#delhi
#Studentmovement https://t.co/r2SWkXypYE","understood the value of the country and the lives of the girl students after a long time, but it is good that you are resigning from this post। Jai Hind 🇮🇳 Cjp BJP viral Protest delhi Studentmovement"
580,2080952615454855591,0,"#CJP Jantar Mantar Protest | 'Jhukti hai duniya, jhukane wala chahiye', #AbhijeetDipke's 1st reaction on #DharmendraPradhan's resignation  

Track LIVE updates  🔗https://t.co/HZMxdf38nB 

Dive deeper into the story with the TOI App 👉 https://t.co/EYjxlU7kcd

#CJP #Delhi https://t.co/rmiXEJhQY7","CJP Jantar Mantar Protest | 'Jhukti hai duniya, jhukane wala chahiye', AbhijeetDipke's 1st reaction on DharmendraPradhan's resignation Track LIVE updates 🔗 Dive deeper into the story with the TOI App 👉 CJP Delhi"
581,2080952045205606727,11,"#WATCH | Delhi: Abhijeet Dipke, Founding President of Cockroach Janta Party, and others celebrate at the protest site at Jantar Mantar after Union Education Minister Dharmendra Pradhan resigned from his post. https://t.co/QboYGADsnU","WATCH | Delhi: Abhijeet Dipke, Founding President of Cockroach Janta Party, and others celebrate at the protest site at Jantar Mantar after Union Education Minister Dharmendra Pradhan resigned from his post."
582,2080952040080179441,-1,CJP states the protest will continue until its remaining demands are also fulfilled.,CJP states the protest will continue until its remaining demands are also fulfilled.
583,2080951808349122756,0,"CJP celebrates resignation of India’s Education Minister Dharmendra Pradhan. Yet CJP says won’t end protest until other demands are met:

Compensation of ₹1 crore for families of students who died by suicide.

Delhi Police public apology. Action against those who ordered",CJP celebrates resignation of India’s Education Minister Dharmendra Pradhan. Yet CJP says won’t end protest until other demands are met: Compensation of ₹1 crore for families of students who died by suicide. Delhi Police public apology. Action against those who ordered
584,2080951242348507491,2,"Win democracy 
#jantarmantar #delhi #protest #cjp",Win democracy jantarmantar delhi protest cjp
585,2080951150552261006,0,Jantar Mantar protest LIVE: Dharmendra Pradhan tenders resignation as Union Education Minister - https://t.co/hog8veHIIA For the best experience read this on The Hindu App. https://t.co/89kNNVry1X. Arun jatley laid this road.,Jantar Mantar protest LIVE: Dharmendra Pradhan tenders resignation as Union Education Minister - For the best experience read this on The Hindu App. Arun jatley laid this road.
586,2080951065592389692,0,"#BREAKING Delhi| After Union Education Minister Dharmendra Pradhan shared a letter stating that he has submitted his resignation to Prime Minister Narendra Modi, CJP founder @abhijeet_dipke 

“Dharmendra Pradhan has resigned. This proves that if you do not get scared or bow down https://t.co/oybuRBHrCw","BREAKING Delhi| After Union Education Minister Dharmendra Pradhan shared a letter stating that he has submitted his resignation to Prime Minister Narendra Modi, CJP founder “Dharmendra Pradhan has resigned. This proves that if you do not get scared or bow down"
587,2080950731637662105,18,"Cockroaches protest will not end.

Mark this.

- Delhi Police personnel were attacked.

- RAF units faced the public ire

Just for this !!

DAY 1 pe hi krdete.",Cockroaches protest will not end. Mark this. - Delhi Police personnel were attacked. - RAF units faced the public ire Just for this !! DAY 1 pe hi krdete.
588,2080950716286583268,1,"Now the real game starts .CJP , Urban Naxals, Congress ,SP got what they wanted. Looks so. But ideally now they are clueless and Shah and Delhi Police will start their game and lock up if protest continues and most of them willbe in jail. BJP And Modi wins 2029. CJP  is looser.","Now the real game starts .CJP , Urban Naxals, Congress ,SP got what they wanted. Looks so. But ideally now they are clueless and Shah and Delhi Police will start their game and lock up if protest continues and most of them willbe in jail. BJP And Modi wins 2029. CJP is looser."
589,2080950520873910309,11,"VIDEO | Delhi: Addressing a gathering at Jantar Mantar, CJP founder Abhijeet Dipke says, ""If there is no Hindu Muslim politics, if there is only issue based politics, then big thrones will be shaken. When we rise above Hindu and Muslim politics and talk about issues, then it will https://t.co/ZBE5dlx0V9","VIDEO | Delhi: Addressing a gathering at Jantar Mantar, CJP founder Abhijeet Dipke says, ""If there is no Hindu Muslim politics, if there is only issue based politics, then big thrones will be shaken. When we rise above Hindu and Muslim politics and talk about issues, then it will"
590,2080950448635424980,0,"Civil society in India is not down and out - All amongst us NGO-types who have shut up for fear of govt action, take a cue from these youngsters! CJP Protest in Delhi Live Updates: Dharmendra Pradhan resigns as Union Education Minister https://t.co/z66evgwjOq","Civil society in India is not down and out - All amongst us NGO-types who have shut up for fear of govt action, take a cue from these youngsters! CJP Protest in Delhi Live Updates: Dharmendra Pradhan resigns as Union Education Minister"
591,2080950436320952760,1,"Modi has given legitimacy to CJP. It opens the doors to CJP contesting elections. Absolute harakiri by Modi &amp; Co. It happens when you don't have a ground level feedback mechanism. The protest was losing steam. Except Delhi, it was a non-starter in other States.","Modi has given legitimacy to CJP. It opens the doors to CJP contesting elections. Absolute harakiri by Modi & Co. It happens when you don't have a ground level feedback mechanism. The protest was losing steam. Except Delhi, it was a non-starter in other States."
592,2080950436463321184,0,"A complete educational reform is next demand of this protest. We MUST demand COMPLETE EDUCATIONAL REFORM.

#CJP #Protest #Delhi #RESIGN_MODI",A complete educational reform is next demand of this protest. We MUST demand COMPLETE EDUCATIONAL REFORM. CJP Protest Delhi RESIGN_MODI
593,2080950090181833161,0,"CJP founder Abhijeet Dipke says, “We have done it. Dharmendra Pradhan has resigned.”

LIVE updates👇🏼
https://t.co/1gGWUNwBN3 https://t.co/m3ebCLVuQf","CJP founder Abhijeet Dipke says, “We have done it. Dharmendra Pradhan has resigned.” LIVE updates👇🏼"
594,2080950044296093783,-1,"Day 5 | CJP protest | Tamilnadu #BanNEET
#NEET #Delhi #CJP #JantarMantar #DharmendraPradhan #Modi #Politics #Jananayagan #Vijay #TVK https://t.co/uloQB7NkzK",Day 5 | CJP protest | Tamilnadu BanNEET NEET Delhi CJP JantarMantar DharmendraPradhan Modi Politics Jananayagan Vijay TVK
595,2080949980462985601,1,"Honestly, this CJP protest gave the BJP a reality check that they can't afford to be lazy and assume people will always support them. This protest will make the BJP more aware and stronger.","Honestly, this CJP protest gave the BJP a reality check that they can't afford to be lazy and assume people will always support them. This protest will make the BJP more aware and stronger."
596,2080949131070050370,0,"Union Education Minister Dharmendra Pradhan has resigned amid the ongoing NEET protest row.

@PoojaShali reports from Constitution Club, where CJP and the government are scheduled to meet.

#Delhi #NEETPaperLeakCase #DharmendraPradhan #StudentProtest #Education #ITVideo | https://t.co/Fi94Dj5N9F","Union Education Minister Dharmendra Pradhan has resigned amid the ongoing NEET protest row. reports from Constitution Club, where CJP and the government are scheduled to meet. Delhi NEETPaperLeakCase DharmendraPradhan StudentProtest Education ITVideo |"
597,2080948948823593039,0,Dharmendra Pradhan has resigned. Will the CJP call off the protest so that things can go back to normal?,Dharmendra Pradhan has resigned. Will the CJP call off the protest so that things can go back to normal?
598,2080948892636733930,0,"#Congress leader #AdhirRanjanChowdhury said the government's decision to seek #DharmendraPradhan's resignation came under sustained public pressure following the student movement led by #RahulGandhi.

#CockroachJantaParty #CJP #Delhi #DelhiPolice #Protest #StudentProtest",Congress leader AdhirRanjanChowdhury said the government's decision to seek DharmendraPradhan's resignation came under sustained public pressure following the student movement led by RahulGandhi. CockroachJantaParty CJP Delhi DelhiPolice Protest StudentProtest
599,2080948711220244549,1,Delhi le protest should end...inga CJP poidum as they got what they need. Poraligal enna seyya pogirargal😂 https://t.co/OMxkxr4ZIq,Delhi le protest should end...inga CJP poidum as they got what they need. Poraligal enna seyya pogirargal😂
600,2080948610242589019,-1,"So central education minister emresigns - now cjp guys won as per their demand in Delhi

Now back to Tamilnadu kothus : till Neet get banned don’t come back to home from protest place

Pls stay there and protest guyssss",So central education minister emresigns - now cjp guys won as per their demand in Delhi Now back to Tamilnadu kothus : till Neet get banned don’t come back to home from protest place Pls stay there and protest guyssss
601,2080948010809262563,0,"As per sources,

CJP and anti India elements were planning to use Dharmendra Pradhan's resignation as an excuse to march towards the Red Fort on 15 August.

If such a march had taken place on India's Independence Day, it could have created major chaos and ruckus due to security https://t.co/LIb8C0ArXa","As per sources, CJP and anti India elements were planning to use Dharmendra Pradhan's resignation as an excuse to march towards the Red Fort on 15 August. If such a march had taken place on India's Independence Day, it could have created major chaos and ruckus due to security"
602,2080947852088688904,0,"BREAKING:

Education Minister @dpradhanbjp Resigned. 

#CJP Delhi Protest wins❤👏🏻",BREAKING: Education Minister Resigned. CJP Delhi Protest wins❤👏🏻
603,2080947791925317786,0,If Nirmala sitaraman replaces dharmendra pradhan i urge CJP to continue protest until dharmendra pradhan is back.,If Nirmala sitaraman replaces dharmendra pradhan i urge CJP to continue protest until dharmendra pradhan is back.
604,2080947721071169894,4,"@Xityouerg @OGprasanna What CJP Delhi is protesting is with a valid motive

1. Fair NEET
2. Resignation 
3. Justice for the injured students

Which doesnt need UNION LIST / CONCURRENT LIST

What proxy CJP TN wants is BAN NEET which is useless with protest",What CJP Delhi is protesting is with a valid motive 1. Fair NEET 2. Resignation 3. Justice for the injured students Which doesnt need UNION LIST / CONCURRENT LIST What proxy CJP TN wants is BAN NEET which is useless with protest
605,2080947272364552655,0,"@ANI 🚨 BREAKING: Union Education Minister Dharmendra Pradhan (@dpradhanbjp) resigns.

》Now comes the main point, as the resignation is tendered will CJP (@Cockroachisback) will end their so called Protest?

》Abhijeek Dipke (@abhijeet_dipke), Saurav Das (@SauravDassss) and Ashutosh https://t.co/OhDoPRN1aj","🚨 BREAKING: Union Education Minister Dharmendra Pradhan () resigns. 》Now comes the main point, as the resignation is tendered will CJP () will end their so called Protest? 》Abhijeek Dipke (), Saurav Das () and Ashutosh"
606,2080947074468626801,-1,"Thank you Dharmendra Pradhan Ji, I hope CJP will end protest and vacate Jantar Mantar. Delhi will be brought back to Normal life.
Feud upmof these protests 
#DharmendraPradhan","Thank you Dharmendra Pradhan Ji, I hope CJP will end protest and vacate Jantar Mantar. Delhi will be brought back to Normal life. Feud upmof these protests DharmendraPradhan"
607,2080947021842628653,-1,"You must bro. With you.... Full support to cjp protest in lucknow....
Yogi ji is waiting.......just remember lucknow is not Delhi",You must bro. With you.... Full support to cjp protest in lucknow.... Yogi ji is waiting.......just remember lucknow is not Delhi
608,2080946792896868592,-1,Seeking permission from Delhi Police to stage another protest at Jantar Mantar. Join me in Indian Cricket Jersey.,Seeking permission from Delhi Police to stage another protest at Jantar Mantar. Join me in Indian Cricket Jersey.
609,2080946791118463070,0,"CJP Protest News LIVE Updates: Education Minister Dharmendra Pradhan resigns; Delhi Metro curbs continue &amp; other top developments
https://t.co/ssbS4uNASc",CJP Protest News LIVE Updates: Education Minister Dharmendra Pradhan resigns; Delhi Metro curbs continue & other top developments
610,2080946751973072903,0,"A new era begins as Dharmendra Pradhan resign. It takes lots of guts to stand against this government. Congratulations to every GenZ who stood tall for their demands ... 

#CJP #delhi #protest",A new era begins as Dharmendra Pradhan resign. It takes lots of guts to stand against this government. Congratulations to every GenZ who stood tall for their demands ... CJP delhi protest
611,2080946403703226461,0,"#India: Jantar Mantar protest LIVE: Dharmendra Pradhan resigns as Union Education Minister
https://t.co/JgZkbdHWTw via @the_hindu",India: Jantar Mantar protest LIVE: Dharmendra Pradhan resigns as Union Education Minister via
612,2080946390327529978,8,"Cockroach Janta Party alleges illegal detention of youths by Delhi Police, warns of protest at police headquarters

#CJP #IllegalDetention #Youths #DelhiPolice #PoliceHeadquarters #protest https://t.co/eABBRmoroI","Cockroach Janta Party alleges illegal detention of youths by Delhi Police, warns of protest at police headquarters CJP IllegalDetention Youths DelhiPolice PoliceHeadquarters protest"
613,2080946313999577167,28,"Huge victory! 💥🔥 

Huge respect to the students, CJP, and Sonam Wangchuk for standing strong through days of protest. 

Hoping the rest of their demands are met so this turns into an even bigger milestone movement! 🤍

#NEET #JantarMantar #Protest #Delhi https://t.co/Tan7dq48or","Huge victory! 💥🔥 Huge respect to the students, CJP, and Sonam Wangchuk for standing strong through days of protest. Hoping the rest of their demands are met so this turns into an even bigger milestone movement! 🤍 NEET JantarMantar Protest Delhi"
614,2080945672480850181,5,"18 Delhi Metro stations remain shut for fourth straight day amid CJP protest
 https://t.co/6Bxe6OUK2J",18 Delhi Metro stations remain shut for fourth straight day amid CJP protest
615,2080945666101264569,11,"News Nation पर CJP पर  Abhijeet Dipke Exclusive | Jantar Mantar | CJP Protest | Delhi | Dharmendra Pradhan

#NEETExamProtest #DharmendraPradhan #NewsNation https://t.co/jhTMJ2Z6bm",News Nation पर CJP पर Abhijeet Dipke Exclusive | Jantar Mantar | CJP Protest | Delhi | Dharmendra Pradhan NEETExamProtest DharmendraPradhan NewsNation
616,2080945291688300800,0,"victory 🙌🏿 #BIGVICTORY 

#resign #protest #cjp #win #delhi 
@dhruv_rathee https://t.co/db9mY8Vk2L",victory 🙌🏿 BIGVICTORY resign protest cjp win delhi
617,2080945037458936170,5,18 Delhi Metro stations remain shut for fourth straight day amid CJP protest https://t.co/pM2B1nuRAC,18 Delhi Metro stations remain shut for fourth straight day amid CJP protest
618,2080945003820720240,0,#WATCH | Delhi: Moment when Union Education Minister Dharmendra Pradhan resigned from his post; visuals from the protest at Jantar Mantar https://t.co/6YNf9LN3bN,WATCH | Delhi: Moment when Union Education Minister Dharmendra Pradhan resigned from his post; visuals from the protest at Jantar Mantar
619,2080944999412433236,0,"What next for the protests as Dharmendra Pradhan quits as Union Education Minister?

""CJP, Opposition might claim victory, and there might be a victory rally tomorrow among the protesters,"" says @SardesaiRajdeep.

#Delhi #NEETPaperLeakCase #DharmendraPradhan #StudentProtest https://t.co/QmU0yAICTi","What next for the protests as Dharmendra Pradhan quits as Union Education Minister? ""CJP, Opposition might claim victory, and there might be a victory rally tomorrow among the protesters,"" says . Delhi NEETPaperLeakCase DharmendraPradhan StudentProtest"
620,2080944984317214727,0,"Jantar Mantar protests LIVE: Dharmendra Pradhan resigns as Union Education Minister

Updated - July 25, 2026 02:41 pm IST @the_hindu 

https://t.co/zg2lbR3hfu #Resignation #DharmendraPradhan https://t.co/G0p7k6ovGF","Jantar Mantar protests LIVE: Dharmendra Pradhan resigns as Union Education Minister Updated - July 25, 2026 02:41 pm IST Resignation DharmendraPradhan"
621,2080944868684354003,-1,Reality of Delhi CJP Protest NEET Paper Leak Behaviour of these People https://t.co/VSNZclWTHe,Reality of Delhi CJP Protest NEET Paper Leak Behaviour of these People
622,2080944743203418183,0,"DHARMENDRA PRADHAN RESIGNS 💥
NOW WAITING FOR CJP @abhijeet_dipke @SauravDassss to demand resignation of Ministers in PUNJAB AND KARNATAKA for exam frauds / leaks

HOPE YOU ARE NEUTRAL 👀

#neetug #cjp #punjab #jantarmantar #CJP #karnataka #delhi #protest .",DHARMENDRA PRADHAN RESIGNS 💥 NOW WAITING FOR CJP to demand resignation of Ministers in PUNJAB AND KARNATAKA for exam frauds / leaks HOPE YOU ARE NEUTRAL 👀 neetug cjp punjab jantarmantar CJP karnataka delhi protest .
623,2080944437920961023,-1,"### Protecting the Sanctity of Student Protests: A Blueprint for Genuine Dissent
To the leadership of the CJP and all movement organizers: If this agitation is truly for the future of our youth and students, accountability and absolute transparency must begin from within.

**If","### Protecting the Sanctity of Student Protests: A Blueprint for Genuine Dissent To the leadership of the CJP and all movement organizers: If this agitation is truly for the future of our youth and students, accountability and absolute transparency must begin from within. **If"
624,2080944190150869201,0,"Education minister #DharmendraPradhan submits his resignation after CJP protest takes over the nation. 

#CJPprotest #delhi #absoluteindianews https://t.co/A9ZJ0msqDU",Education minister DharmendraPradhan submits his resignation after CJP protest takes over the nation. CJPprotest delhi absoluteindianews
625,2080944132747604336,0,"#Dharmendrapradhan, India's Education Minister, resigned after huge protests against him in New Delhi following paper leaks. 🙌 #CJParty #NeetPaperLeak #NEETExamProtest #Neet #cjp #Protest https://t.co/lLpiULwjpt","Dharmendrapradhan, India's Education Minister, resigned after huge protests against him in New Delhi following paper leaks. 🙌 CJParty NeetPaperLeak NEETExamProtest Neet cjp Protest"
626,2080944061641621900,8,"Delhi: Latest visuals from Jantar Mantar, where CJP (Cockroach Janta Party) continues its protest.
#CJPprotest
#StudentProtest https://t.co/sfCKTKd4wo","Delhi: Latest visuals from Jantar Mantar, where CJP (Cockroach Janta Party) continues its protest. CJPprotest StudentProtest"
627,2080943565094719703,0,"🚨 Dharmendra Pradhan has resigned as Education Minister.

Considering the chaos, violence and repeated clashes surrounding the CJP protest at Jantar Mantar over the past five days, this decision is absolutely right. 👏

Now the protesters have no excuse left to continue sitting https://t.co/rwHaRMtuar","🚨 Dharmendra Pradhan has resigned as Education Minister. Considering the chaos, violence and repeated clashes surrounding the CJP protest at Jantar Mantar over the past five days, this decision is absolutely right. 👏 Now the protesters have no excuse left to continue sitting"
628,2080943501358092514,0,"He Resigned !
More power to the students 💪

#cjp #cockroachisback #dharmendrapradhan #resigned #protest #jantarmantar #delhi #sonam #dipke",He Resigned ! More power to the students 💪 cjp cockroachisback dharmendrapradhan resigned protest jantarmantar delhi sonam dipke
629,2080943385993707708,0,"VIDEO | Delhi: As Union Education Minister Dharmendra Pradhan posts a letter, saying he has sent his resignation to PM Modi, CJP founder Abhijeet Dipke says, “Dharmendra Pradhan has resigned. This is the proof that if you don’t get scared, if you don’t bow down in front of this https://t.co/ztgGjB21uu","VIDEO | Delhi: As Union Education Minister Dharmendra Pradhan posts a letter, saying he has sent his resignation to PM Modi, CJP founder Abhijeet Dipke says, “Dharmendra Pradhan has resigned. This is the proof that if you don’t get scared, if you don’t bow down in front of this"
630,2080943380734034209,0,"#WATCH | Delhi: Earlier visuals from Jantar Mantar, where CJP (Cockroach Janta Party) is continuing its protest over the demand of Union Education Minister Dharmendra Pradhan's resignation.

In a latest development, Dharmendra Pradhan has resigned from his post. https://t.co/Soz02C4VHV","WATCH | Delhi: Earlier visuals from Jantar Mantar, where CJP (Cockroach Janta Party) is continuing its protest over the demand of Union Education Minister Dharmendra Pradhan's resignation. In a latest development, Dharmendra Pradhan has resigned from his post."
631,2080943278330102019,0,"Finally education minister Pradhan resigned. All the hardwork of protesters from students to parents, to activists, to oppositions, finally paid off. 
Thanks to almighty God.

https://t.co/iW0Zka159q","Finally education minister Pradhan resigned. All the hardwork of protesters from students to parents, to activists, to oppositions, finally paid off. Thanks to almighty God."
632,2080943044900372915,-1,"This is how a Delhi girl with a high body count 
explains Dharmendra Pradhan at the CJP protest 
#DharmendraPradhan https://t.co/b9Jkh0YFjB",This is how a Delhi girl with a high body count explains Dharmendra Pradhan at the CJP protest DharmendraPradhan
633,2080942995600560414,0,"Dharmendra Pradhan, finally resigned. #cjp #resigned #protest #delhi #dpresign https://t.co/SRPV5Sre7K","Dharmendra Pradhan, finally resigned. cjp resigned protest delhi dpresign"
634,2080942883235147878,0,"CJP Jantar Mantar Protest Live Updates: Union education minister Dharmendra Pradhan resigns
 https://t.co/XoX6PYTcLx
Download the TOI app now:
https://t.co/BYcPhmmxh3",CJP Jantar Mantar Protest Live Updates: Union education minister Dharmendra Pradhan resigns Download the TOI app now:
635,2080942779166085140,0,"Dharmendra Pradhan has resigned as Education Minister.

Considering the kind of chaos CJP protesters have created at Jantar Mantar over the past five days, this is the right decision.

Now they have no excuse left to stay there. If they still refuse to leave, then Delhi Police https://t.co/buGerhGpj0","Dharmendra Pradhan has resigned as Education Minister. Considering the kind of chaos CJP protesters have created at Jantar Mantar over the past five days, this is the right decision. Now they have no excuse left to stay there. If they still refuse to leave, then Delhi Police"
636,2080942750632157281,0,A single statement by the CJP led to the Education Minister's resignation after such a prolonged protest https://t.co/vECoHa1sQn,A single statement by the CJP led to the Education Minister's resignation after such a prolonged protest
637,2080942487108231440,0,"Dharmendra Pradhan resigns amid mounting CJP protest pressure
https://t.co/1zmkbNgkRy

Follow the Indian Express for Live Updates",Dharmendra Pradhan resigns amid mounting CJP protest pressure Follow the Indian Express for Live Updates
638,2080942445261738004,19,End of CJP protest in Delhi,End of CJP protest in Delhi
639,2080941502768025981,0,"VIDEO | Delhi: As Union Education Minister Dharmendra Pradhan posts a letter, saying he has sent his resignation to PM Modi, CJP founder Abhijeet Dipke says, “We have done it. Dharmendra Pradhan has resigned.”

(Full video available on PTI Videos - https://t.co/n147TvrpG7) https://t.co/M7XmkgYhRG","VIDEO | Delhi: As Union Education Minister Dharmendra Pradhan posts a letter, saying he has sent his resignation to PM Modi, CJP founder Abhijeet Dipke says, “We have done it. Dharmendra Pradhan has resigned.” (Full video available on PTI Videos -"
640,2080940917356462389,24,"Delhi Police has claimed that Pakistan-operated social media accounts circulated AI-generated content, deepfake videos and edited visuals related to the ongoing CJP protest. According to DCP Central Rohit Rajbir Singh, over 400 such handles have been identified and blocked for https://t.co/N3TG3beOlc","Delhi Police has claimed that Pakistan-operated social media accounts circulated AI-generated content, deepfake videos and edited visuals related to the ongoing CJP protest. According to DCP Central Rohit Rajbir Singh, over 400 such handles have been identified and blocked for"
641,2080940827237621952,8,"Cockroach Janta Party alleges illegal detention of youths by Delhi Police, warns of protest at police headquarters

Read @ANI Story |
https://t.co/uSNTERNXrc

#CJP #IllegalDetention #Youths #DelhiPolice #PoliceHeadquarters #protest https://t.co/c6Bg1yKzpw","Cockroach Janta Party alleges illegal detention of youths by Delhi Police, warns of protest at police headquarters Read Story | CJP IllegalDetention Youths DelhiPolice PoliceHeadquarters protest"
642,2080940400517558406,9,"Delhi: CJP spokesperson Saurav Das sat on a dharna after alleging that Delhi Police stopped food and water supplies at the protest site.

He says, ""Access to clean water and food is a basic human right. Is Delhi Police trying to deprive people of food and water? Delhi Police https://t.co/pnZg0lZYjA","Delhi: CJP spokesperson Saurav Das sat on a dharna after alleging that Delhi Police stopped food and water supplies at the protest site. He says, ""Access to clean water and food is a basic human right. Is Delhi Police trying to deprive people of food and water? Delhi Police"
643,2080939539539927278,-1,"@amitmalviya ""Back the protest"" ???

Kejriwal - Deep State's Agent behind the CJP Creation n Protest and Sonia Gandhi had directed GoI not to post out then IRS Serving Officer Kejriwal out of Delhi for 20 yrs.
There is ""Not to think ahead but to do task given by Deep State"" for its Agents.","""Back the protest"" ??? Kejriwal - Deep State's Agent behind the CJP Creation n Protest and Sonia Gandhi had directed GoI not to post out then IRS Serving Officer Kejriwal out of Delhi for 20 yrs. There is ""Not to think ahead but to do task given by Deep State"" for its Agents."
644,2080939517713010932,24,"The Delhi Police press conference has exposed the misinformation campaign surrounding the protest at Jantar Mantar.

Key takeaways:

• Delhi Police said there was no death of a woman due to police firing, contrary to viral claims.

• Police rejected claims of a crackdown on https://t.co/R5nyTaXAup","The Delhi Police press conference has exposed the misinformation campaign surrounding the protest at Jantar Mantar. Key takeaways: • Delhi Police said there was no death of a woman due to police firing, contrary to viral claims. • Police rejected claims of a crackdown on"
645,2080939416978371000,27,"Not everyone joined the protest. Some fed it. From full meals to protein drinks, Delhiites, Gurudwaras and local businesses kept students going. The support was so overwhelming that CJP appealed to people to stop sending food for the day https://t.co/aRlqfnemko","Not everyone joined the protest. Some fed it. From full meals to protein drinks, Delhiites, Gurudwaras and local businesses kept students going. The support was so overwhelming that CJP appealed to people to stop sending food for the day"
646,2080939276142026847,27,"@Cockroachisback @CJP_for_India can anyone tell the procedure and location that i can send some food from swiggy and zomato to the people who are protesting?
I am from U.P want to help them , even everyone else should do same.
#protest #delhi #cjp","can anyone tell the procedure and location that i can send some food from swiggy and zomato to the people who are protesting? I am from U.P want to help them , even everyone else should do same. protest delhi cjp"
647,2080938931936539033,2,"Farmers to join Jantar Mantar protest on July 27; CJP plans legal action against police @Cockroachisback #protest #jantarmantar #cjp_पार्टी 
https://t.co/Qyo0Ezp5K5",Farmers to join Jantar Mantar protest on July 27; CJP plans legal action against police protest jantarmantar cjp_पार्टी
648,2080938586568896936,1,"@ramanmann1974 This is good news for genuine farmers. The last time the farmers blockade &amp; riot happened  in Delhi, Wheat production went up by 25% in Punjab &amp; Haryana. How much is paid per goon to protest in Delhi? @SauravDassss #CJP","This is good news for genuine farmers. The last time the farmers blockade & riot happened in Delhi, Wheat production went up by 25% in Punjab & Haryana. How much is paid per goon to protest in Delhi? CJP"
649,2080938532148052374,-1,"@unfazed_cali The same hijabis and are in active mode in cjp protest. 
Their hindu bf did not support them when they were beaten by Delhi police in Jamia. 
But the same hijabis are fully supporting their hindu bf in cjp. 
His hindu bf will again vote bjp to power to tighten hijabis brothers.",The same hijabis and are in active mode in cjp protest. Their hindu bf did not support them when they were beaten by Delhi police in Jamia. But the same hijabis are fully supporting their hindu bf in cjp. His hindu bf will again vote bjp to power to tighten hijabis brothers.
650,2080938457858474109,9,"VIDEO | Jantar Mantar Protest: ""Food and water being stopped', says CJP spokesperson Saurav Das in heated argument with Delhi Police.

#JantarMantarProtest #CJP

(Full video available on PTI Videos - https://t.co/n147TvrpG7) https://t.co/JDrzIUjhdO","VIDEO | Jantar Mantar Protest: ""Food and water being stopped', says CJP spokesperson Saurav Das in heated argument with Delhi Police. JantarMantarProtest CJP (Full video available on PTI Videos -"
651,2080938326429937741,-1,@Cockroachisback CJP volunteers need to check the food percel coming to protest site thoroughly. There should not be entered/encourage any suspicious person/percel into the protest site. Delhi police are under tremendous pressure to protect protester as well as capital of india also.,CJP volunteers need to check the food percel coming to protest site thoroughly. There should not be entered/encourage any suspicious person/percel into the protest site. Delhi police are under tremendous pressure to protect protester as well as capital of india also.
652,2080937995977605312,8,"Watch | Delhi Police held a press conference on the ongoing Cockroach Janata Party (CJP) protest.

DCP Central Rohit Rajbir Singh said, ""Our investigation has revealed that some social media accounts operated from Pakistan are spreading fake content related to the protest. So https://t.co/bSuMsP1IPR","Watch | Delhi Police held a press conference on the ongoing Cockroach Janata Party (CJP) protest. DCP Central Rohit Rajbir Singh said, ""Our investigation has revealed that some social media accounts operated from Pakistan are spreading fake content related to the protest. So"
653,2080937866813956109,8,"🎯Delhi Police: A protest has been going on at Jantar Mantar for the past several weeks by the Cockroach Janata Party. Information on social media goes viral very quickly, but not every post, video, or photo is necessarily accurate. It is extremely important to fact-check any https://t.co/Dcwhve0kBg","🎯Delhi Police: A protest has been going on at Jantar Mantar for the past several weeks by the Cockroach Janata Party. Information on social media goes viral very quickly, but not every post, video, or photo is necessarily accurate. It is extremely important to fact-check any"
654,2080937838376607845,-1,"#InPics: Bengaluru, Chennai, Mumbai, Kolkata - Student Protests Move Beyond Delhi

Read more: https://t.co/TQIYASooXi https://t.co/yxr4EXUeMH","InPics: Bengaluru, Chennai, Mumbai, Kolkata - Student Protests Move Beyond Delhi Read more:"
655,2080937734387147236,9,"Heated argument between cops and CJP Protestors.

CJP makes wild allegation that police is stopping water and food.

They might protest to police HQ. https://t.co/TQwGgTysrA",Heated argument between cops and CJP Protestors. CJP makes wild allegation that police is stopping water and food. They might protest to police HQ.
656,2080937673603317931,8,"#WATCH | Delhi: Latest visuals from Jantar Mantar, where CJP (Cockroach Janta Party) continues its protest. https://t.co/9J7qLwF3pz","WATCH | Delhi: Latest visuals from Jantar Mantar, where CJP (Cockroach Janta Party) continues its protest."
657,2080937590761648298,2,"Who is behind the CJP Protest?

#NEETExamProtest #cjp #delhi  https://t.co/JZ8bP9vk6U",Who is behind the CJP Protest? NEETExamProtest cjp delhi
658,2080937549472883195,1,"@MeghUpdates These miscreants needs belt treatment from delhi police asap, enough is enough there’s huge difference between creating ruckus and protesting, everybody knows that the CJP protest has been already hijacked and what’s going on
DELHI POLICE LATH BAJAO !! 🔥","These miscreants needs belt treatment from delhi police asap, enough is enough there’s huge difference between creating ruckus and protesting, everybody knows that the CJP protest has been already hijacked and what’s going on DELHI POLICE LATH BAJAO !! 🔥"
659,2080937300792644063,2,"CJP protest LIVE updates: Minutes after Delhi Police presser, tear gas shells fired at Jantar Mantar protesters https://t.co/rzYzqwj7IQ","CJP protest LIVE updates: Minutes after Delhi Police presser, tear gas shells fired at Jantar Mantar protesters"
660,2080936732422459463,6,"Chandrashekhar Azad -

""You CJP protestors are not holding a peaceful protest. You deliberately clash with the police and throw stones at them.
Then why do you complain when the police resort to lathi charge?""
 https://t.co/CaMKlIZpy0","Chandrashekhar Azad - ""You CJP protestors are not holding a peaceful protest. You deliberately clash with the police and throw stones at them. Then why do you complain when the police resort to lathi charge?"""
661,2080936726542143678,1,how come there is always an intelligence failure to gauge the protests be it this on or the farmers protest https://t.co/p7InqPGunx,how come there is always an intelligence failure to gauge the protests be it this on or the farmers protest
662,2080936384005894455,9,"VIDEO | Delhi Jantar Mantar Protest: CJP spokesperson Saurav Das, says, ""Our food and water is being stopped. Is Delhi Police trying to deprive people of food and water? Let the Delhi Police clarify its position. Instead of listening to the demands of the youth, the https://t.co/BJo8OCTAV5","VIDEO | Delhi Jantar Mantar Protest: CJP spokesperson Saurav Das, says, ""Our food and water is being stopped. Is Delhi Police trying to deprive people of food and water? Let the Delhi Police clarify its position. Instead of listening to the demands of the youth, the"
663,2080935834312929597,-1,"Next time the so-called Delhi-Dilli crowd claims they're more elite or better than the Mumbai or Bengaluru crowd, just show them the videos from this CJP protest. An educated crowd behaving like absolute dehats chapri, foul-mouthed, and displaying gutter-level sophistication.","Next time the so-called Delhi-Dilli crowd claims they're more elite or better than the Mumbai or Bengaluru crowd, just show them the videos from this CJP protest. An educated crowd behaving like absolute dehats chapri, foul-mouthed, and displaying gutter-level sophistication."
664,2080935701550362935,-1,"Delhi: CJP Spokesperson Saurav Das says, ""On July 26th, Sunday, we have declared that all people across the country, in their respective villages and cities, will take out a peaceful candle march. Every youth who is a victim of this system, every student who is suffering because https://t.co/UkshV5aU1F","Delhi: CJP Spokesperson Saurav Das says, ""On July 26th, Sunday, we have declared that all people across the country, in their respective villages and cities, will take out a peaceful candle march. Every youth who is a victim of this system, every student who is suffering because"
665,2080935031112073607,6,"Now even Chandrashekhar Azad Ravan is openly expressing his anger at these CJP protesters.

According to him, they are not holding a peaceful protest. Instead, they deliberately clash with the police and throw bottles and stones at them.

He is also saying, ""Then why do you https://t.co/wT8P5pZ5qO","Now even Chandrashekhar Azad Ravan is openly expressing his anger at these CJP protesters. According to him, they are not holding a peaceful protest. Instead, they deliberately clash with the police and throw bottles and stones at them. He is also saying, ""Then why do you"
666,2080934412829778240,-1,"Delhi: CJP Spokesperson Saurav Das says, ""On July 26th, Sunday, we have declared that all people across the country, in their respective villages and cities, will take out a peaceful candle march. Every youth who is a victim of this system, every student who is suffering because https://t.co/c5zGwIunIq","Delhi: CJP Spokesperson Saurav Das says, ""On July 26th, Sunday, we have declared that all people across the country, in their respective villages and cities, will take out a peaceful candle march. Every youth who is a victim of this system, every student who is suffering because"
667,2080934335801328003,9,"@DelhiPolice @Cockroachisback @AshutoshRanka The CJP has demanded that the Delhi Police immediately stop detaining, intimidating or preventing citizens from reaching Jantar Mantar, alleging that an atmosphere of ""fear and siege"" has been created around the protest site.

@Cockroachisback #CJPprotest @SauravDassss https://t.co/Y1cNJ3FzJM","The CJP has demanded that the Delhi Police immediately stop detaining, intimidating or preventing citizens from reaching Jantar Mantar, alleging that an atmosphere of ""fear and siege"" has been created around the protest site. CJPprotest"
668,2080933995387486317,-1,"A video from the ongoing CJP student prøtest at Jantar Mantar, New Delhi, has gone viral, showing an elderly man in a wheelchair rebuking prøtesters raising anti-Prime Minister Narendra Modi slogans. The man defended PM Modi, calling him an honest leader and objecting to slogans https://t.co/MCYAZio1nb","A video from the ongoing CJP student prøtest at Jantar Mantar, New Delhi, has gone viral, showing an elderly man in a wheelchair rebuking prøtesters raising anti-Prime Minister Narendra Modi slogans. The man defended PM Modi, calling him an honest leader and objecting to slogans"
669,2080933574061027336,2,"Late-night videos from Jantar Mantar show music and dancing at the ongoing CJP student protest, sparking debate across social media.

#JantarMantar #Delhi #CJP #CockroachJantaParty #StudentProtest #DelhiProtest #YouthProtest https://t.co/vvc2uO2wiP","Late-night videos from Jantar Mantar show music and dancing at the ongoing CJP student protest, sparking debate across social media. JantarMantar Delhi CJP CockroachJantaParty StudentProtest DelhiProtest YouthProtest"
670,2080933184427167765,18,"Dear parents,

Please keep an eye on your children.

&gt; Where are they going?
&gt; Why are they going?
&gt; What are they going to do?
&gt; Who are they going with?

You should have all this information.

Seeing the videos that have been surfacing from the Cockroach Janta Party protest at https://t.co/SPRiXATuoz","Dear parents, Please keep an eye on your children. > Where are they going? > Why are they going? > What are they going to do? > Who are they going with? You should have all this information. Seeing the videos that have been surfacing from the Cockroach Janta Party protest at"
671,2080933087735935401,24,"BREAKING | 

Delhi Police Cracks Down on Misinformation Amid CJP Protest

Delhi Police says fake news, AI-generated videos, deepfakes and false social media narratives were used to create panic during the CJP protests at Jantar Mantar.

▪️ No woman died during the July 20 https://t.co/nC3Gry1GYc","BREAKING | Delhi Police Cracks Down on Misinformation Amid CJP Protest Delhi Police says fake news, AI-generated videos, deepfakes and false social media narratives were used to create panic during the CJP protests at Jantar Mantar. ▪️ No woman died during the July 20"
672,2080932941497245698,3,"SHOCKING NEWS 🚨 Political analyst Amitabh Tiwari says he received invitation from Pakistani TV channel to discuss CJP protest 🤯

He said he declined as he loves India 🔥",SHOCKING NEWS 🚨 Political analyst Amitabh Tiwari says he received invitation from Pakistani TV channel to discuss CJP protest 🤯 He said he declined as he loves India 🔥
673,2080932892205867402,14,"No Death Occured During 20th July CJP Protest By Police Action

~ Delhi Police

#DelhiPolice #CJPRiots #JantarMantarUpdates https://t.co/sNKS3iF08o",No Death Occured During 20th July CJP Protest By Police Action ~ Delhi Police DelhiPolice CJPRiots JantarMantarUpdates
674,2080932755463106934,-1,"VIDEO | On CJP protest in Delhi, DCP Rohit Rajbir Singh says, ""A politician posted a video on social media at night claiming that the Central government was preparing for a crackdown on protesters at Jantar Mantar. The video created fear, confusion, and panic among the public. https://t.co/6N3FMahOra","VIDEO | On CJP protest in Delhi, DCP Rohit Rajbir Singh says, ""A politician posted a video on social media at night claiming that the Central government was preparing for a crackdown on protesters at Jantar Mantar. The video created fear, confusion, and panic among the public."
675,2080932665125920796,3,Real Journalism Aura Presents At New Delhi Jantar Mantar . Cjp protest. https://t.co/IqUqphDMeC,Real Journalism Aura Presents At New Delhi Jantar Mantar . Cjp protest.
676,2080931963133968492,-1,"Previously, Elvish also took to his X account and condemned violence during protests in New Delhi.

#ElvishYadav #X
 
https://t.co/ruH0bnitPq","Previously, Elvish also took to his X account and condemned violence during protests in New Delhi. ElvishYadav X"
677,2080931722531623029,2,"Peaceful March in Support of the Nation &amp; Delhi Police

Youth Stands for Society (YSS) is organizing a peaceful march to express solidarity with our police personnel and raise concerns regarding public safety and law &amp; order.

 Event Details
📅 Date: 26 July 2026
⏰ Time: 2:00 PM https://t.co/xlIAeQJYQA",Peaceful March in Support of the Nation & Delhi Police Youth Stands for Society (YSS) is organizing a peaceful march to express solidarity with our police personnel and raise concerns regarding public safety and law & order. Event Details 📅 Date: 26 July 2026 ⏰ Time: 2:00 PM
678,2080931634136658041,12,"Big Update on CJP and Jantar Mantar Protest

A major revelation has emerged through the FRS (Facial Recognition System).
More than 2,500 individuals with criminal backgrounds were identified among those present at Jantar Mantar.
Criminal elements allegedly infiltrated the crowd https://t.co/y6Fqa6HjUh","Big Update on CJP and Jantar Mantar Protest A major revelation has emerged through the FRS (Facial Recognition System). More than 2,500 individuals with criminal backgrounds were identified among those present at Jantar Mantar. Criminal elements allegedly infiltrated the crowd"
679,2080931299863547949,10,"Govt supports plea seeking NIA probe into CJP protest, Delhi High Court refuses to entertain it https://t.co/WNRM6syu9E","Govt supports plea seeking NIA probe into CJP protest, Delhi High Court refuses to entertain it"
680,2080931088126636430,28,"@AP Thank you world for showing the real picture of India.  Mainstream media is sold out (to Moti) or spineless. We common people now depend on you and social media. Keep supporting the #CJP protest at #JantarMantar, New Delhi and across #India #World🙏","Thank you world for showing the real picture of India. Mainstream media is sold out (to Moti) or spineless. We common people now depend on you and social media. Keep supporting the CJP protest at JantarMantar, New Delhi and across India World🙏"
681,2080931024255766782,23,"CJP Protest at Jantar Mantar 

SG Tushar Mehta Defends NEET Protest Surveillance Before Delhi High Court; Says Videography Essential For Law And Order

https://t.co/n3XEgb1gZ9",CJP Protest at Jantar Mantar SG Tushar Mehta Defends NEET Protest Surveillance Before Delhi High Court; Says Videography Essential For Law And Order
682,2080930948246544890,30,"Delhi liquor shops to close by 8 pm over weekend amid CJP protest at Jantar Mantar

https://t.co/XTFsBRwwnQ",Delhi liquor shops to close by 8 pm over weekend amid CJP protest at Jantar Mantar
683,2080930807359926666,2,"LIVE: Delhi Police Press Meet On CJP Protest At Jantar Mantar | V6 News
https://t.co/dbR7yqx5x8",LIVE: Delhi Police Press Meet On CJP Protest At Jantar Mantar | V6 News
684,2080930677831389567,2,"LIVE: Delhi Police Press Meet On CJP Protest At Jantar Mantar | V6 News
https://t.co/ieivWW5OVF",LIVE: Delhi Police Press Meet On CJP Protest At Jantar Mantar | V6 News
685,2080930666754277561,8,"VIDEO | On CJP protest in Delhi, DCP Rohit Rajbir Singh says, ""As you are aware, the protest has been taking place under the banner of Cockroach Janta Party (CJP) for the past several weeks. One notable aspect of this protest is the extensive use of social media, particularly https://t.co/uIVQ6EqwNg","VIDEO | On CJP protest in Delhi, DCP Rohit Rajbir Singh says, ""As you are aware, the protest has been taking place under the banner of Cockroach Janta Party (CJP) for the past several weeks. One notable aspect of this protest is the extensive use of social media, particularly"
686,2080930562320282085,8,"🚨 #NewsAlert | Delhi Police held a press conference regarding the ongoing Cockroach Janata Party (CJP) protest.

📌 DCP Central Rohit Rajbir Singh said, ""For the past several weeks, the Cockroach Janata Party (CJP) protest has been underway at Jantar Mantar. Information spreads https://t.co/fRezl4X5U8","🚨 NewsAlert | Delhi Police held a press conference regarding the ongoing Cockroach Janata Party (CJP) protest. 📌 DCP Central Rohit Rajbir Singh said, ""For the past several weeks, the Cockroach Janata Party (CJP) protest has been underway at Jantar Mantar. Information spreads"
687,2080929916799918290,12,"🚨 Wait... WHAT?

Delhi Police says its Face Recognition System (FRS) has identified 215 wanted criminals at the so-called student protest at Jantar Mantar. It also says 2,000+ people are under the scanner over the violence and unrest.

Many of them already have criminal cases","🚨 Wait... WHAT? Delhi Police says its Face Recognition System (FRS) has identified 215 wanted criminals at the so-called student protest at Jantar Mantar. It also says 2,000+ people are under the scanner over the violence and unrest. Many of them already have criminal cases"
688,2080929707458228599,3,"Bhakts : There is Chinese , American and Pakistani conspiracy behind the CJP Protest.

MEA : We have no such information.

Bhakts started getting trolled.

MEA under pressure: Just to clarify we didn’t say there is no conspiracy, we just said we have no information yet.

What a","Bhakts : There is Chinese , American and Pakistani conspiracy behind the CJP Protest. MEA : We have no such information. Bhakts started getting trolled. MEA under pressure: Just to clarify we didn’t say there is no conspiracy, we just said we have no information yet. What a"
689,2080929430135001180,18,"This should be a lesson for Modi that he is not persecuting these roaches enough. There should be concentration camps for mullis, sterilization camps for mullahs. Uyghur treatment should be given. @PMOIndia @HMOIndia @narendramodi @AmitShah #cjp_पार्टी #cjp #protest #neet #delhi","This should be a lesson for Modi that he is not persecuting these roaches enough. There should be concentration camps for mullis, sterilization camps for mullahs. Uyghur treatment should be given. cjp_पार्टी cjp protest neet delhi"
690,2080929059903787422,-1,"Fifty days since the CJP's sit-in began at Jantar Mantar on June 6. This past week alone moved through nearly every layer this protest touches, digital, administrative, personal. 
It started with solidarity outpacing infrastructure. 
One of the most extensive bureaucratic https://t.co/rPRKsHWzRR","Fifty days since the CJP's sit-in began at Jantar Mantar on June 6. This past week alone moved through nearly every layer this protest touches, digital, administrative, personal. It started with solidarity outpacing infrastructure. One of the most extensive bureaucratic"
691,2080928681699295374,9,🚨 Delhi Police have barricaded and sealed off the Jantar Mantar area in the national capital as the CJP protest continues. https://t.co/9JrXqBtXIv,🚨 Delhi Police have barricaded and sealed off the Jantar Mantar area in the national capital as the CJP protest continues.
692,2080928003240910953,5,18 Delhi Metro stations remain shut for fourth straight day amid CJP protest https://t.co/BJ17VqimlJ https://t.co/h4ZRNzOeTD,18 Delhi Metro stations remain shut for fourth straight day amid CJP protest
693,2080927687049097307,13,"Sonam Wangchuk's heated exchange at Safdarjung Hospital went viral after he alleged police stopped him from leaving despite a Delhi High Court order allowing his transfer to a private hospital. Wangchuk, on a hunger strike supporting the CJP protest, questioned officials and https://t.co/1iKpOpjCzT","Sonam Wangchuk's heated exchange at Safdarjung Hospital went viral after he alleged police stopped him from leaving despite a Delhi High Court order allowing his transfer to a private hospital. Wangchuk, on a hunger strike supporting the CJP protest, questioned officials and"
694,2080927619017752967,-1,A good Musalman is a dead Musalman. Your progeny deserves gas chambers. Hope we conduct your quoms narsanhar #cjp_पार्टी #cjp #protest #delhi #neet,A good Musalman is a dead Musalman. Your progeny deserves gas chambers. Hope we conduct your quoms narsanhar cjp_पार्टी cjp protest delhi neet
695,2080927230059020706,8,"Supporters of Aam Aadmi Party in Kashmir Show Solidarity with CJP Protest in Delhi

#cockroachjantaparty #Kashmir #JantarMantar #AamAadmiParty https://t.co/jMXezBFq2D",Supporters of Aam Aadmi Party in Kashmir Show Solidarity with CJP Protest in Delhi cockroachjantaparty Kashmir JantarMantar AamAadmiParty
696,2080926822825709812,5,18 Delhi Metro stations remain shut for fourth straight day amid CJP-led protest  https://t.co/P4rfORer6y,18 Delhi Metro stations remain shut for fourth straight day amid CJP-led protest
697,2080926776763752819,9,🚨 Delhi Police have barricaded and sealed off the Jantar Mantar area in the national capital as the CJP protest continues. https://t.co/md4LomRo5A,🚨 Delhi Police have barricaded and sealed off the Jantar Mantar area in the national capital as the CJP protest continues.
698,2080926707532632441,-1,"#Why? #Police detains #Junaid's family, who have been providing food and water to the #CJP #Protest at at#JatntarMantar for 34 days
#DelhiPolice #Delhi #StudentsProtest #India #BreakingNews #JantarMantar #Youth #Democracy #StudentVoice https://t.co/u6Hg4qzs9U","Why? Police detains Junaid's family, who have been providing food and water to the CJP Protest at atJatntarMantar for 34 days DelhiPolice Delhi StudentsProtest India BreakingNews JantarMantar Youth Democracy StudentVoice"
699,2080926210163695994,13,"Sonam Ali Mazari

- Had no connection with CJP
- Entered their protest late
- Went on a hunger strike
- Drew massive media attention
- Became face of the movement
- Didn't create a scene when Delhi Police took him to hospital
- Called two cabinet ministers to break his fast
- https://t.co/ekYqhykiar",Sonam Ali Mazari - Had no connection with CJP - Entered their protest late - Went on a hunger strike - Drew massive media attention - Became face of the movement - Didn't create a scene when Delhi Police took him to hospital - Called two cabinet ministers to break his fast -
700,2080925897620926683,-1,Is this the protest #CJP is doing at #Jantarmantar? This is just looting from a simple delivery man who can't fight with goons and mobs. I think the protest has lost the plot. #Dharmendrapradhan #Delhi,Is this the protest CJP is doing at Jantarmantar? This is just looting from a simple delivery man who can't fight with goons and mobs. I think the protest has lost the plot. Dharmendrapradhan Delhi
701,2080925591042404558,-1,Is this the protest #CJP is doing at #Jantarmantar? This is just looting from a simple delivery man who can't fight with goons and mobs. I think the protest has lost the plot. #Dharmendrapradhan #Delhi,Is this the protest CJP is doing at Jantarmantar? This is just looting from a simple delivery man who can't fight with goons and mobs. I think the protest has lost the plot. Dharmendrapradhan Delhi
702,2080925579814342668,2,"#LIVE | Delhi Police addresses Press Conference on CJP Protest 

#WATCH-https://t.co/g3gOJYcYse https://t.co/h7eY7yw2Ld",LIVE | Delhi Police addresses Press Conference on CJP Protest WATCH-
703,2080925462855909431,1,"Congress in Delhi: “Police brutality! Death of democracy! Students have every right to protest! Resign, Education Minister!”

Congress in Kerala: quietly files FIR against 100 people (including a popular rapper) for holding a solidarity protest in support of the exact same cause. https://t.co/1Ivd9EebMQ","Congress in Delhi: “Police brutality! Death of democracy! Students have every right to protest! Resign, Education Minister!” Congress in Kerala: quietly files FIR against 100 people (including a popular rapper) for holding a solidarity protest in support of the exact same cause."
704,2080925418606272858,8,"#WATCH | Delhi: On the misleading and false information related to Jantar Mantar protest, DCP Central Rohit Rajbir Singh says, ""A protest has been going on at Jantar Mantar for the past several weeks by the Cockroach Janata Party... Information on social media goes viral very https://t.co/eStIyMXa1Y","WATCH | Delhi: On the misleading and false information related to Jantar Mantar protest, DCP Central Rohit Rajbir Singh says, ""A protest has been going on at Jantar Mantar for the past several weeks by the Cockroach Janata Party... Information on social media goes viral very"
705,2080925108471054647,-1,"CRPF personnel has completely exposed the entire CJP protest.

He is currently deployed at Jantar Mantar, and every single word he said is absolutely accurate and powerful.

I was deeply moved by what he said, and I believe every Indian should listen to him and understand his https://t.co/ZwAhG9soj1","CRPF personnel has completely exposed the entire CJP protest. He is currently deployed at Jantar Mantar, and every single word he said is absolutely accurate and powerful. I was deeply moved by what he said, and I believe every Indian should listen to him and understand his"
706,2080924986509009170,-1,"""Lauday main Bhujiyam""

It should be made,
National slogan of protest.
🤣✌🏻✌🏻
#cjp
#DelhiChalo 
#delhi
#NEETExamProtest 
#studentprotestdelhi
#genz
#jantarmantar
#MODIFAILED","""Lauday main Bhujiyam"" It should be made, National slogan of protest. 🤣✌🏻✌🏻 cjp DelhiChalo delhi NEETExamProtest studentprotestdelhi genz jantarmantar MODIFAILED"
707,2080924935955067376,5,"18 Delhi Metro stations remain shut for fourth straight day amid CJP protest

#DelhiMetro #DMRC #CJPProtest

https://t.co/hu2zsyLXlD",18 Delhi Metro stations remain shut for fourth straight day amid CJP protest DelhiMetro DMRC CJPProtest
708,2080924889897386091,-1,"The Inspiration 💥
#jantarmantar
#protest
#cjp
#delhi
#women
#power https://t.co/AMH7qbWv9Y",The Inspiration 💥 jantarmantar protest cjp delhi women power
709,2080924698393866654,-1,"""You can break my leg, but you cannot break my will.""

27-year-old Abhishek Singh came to Delhi's Jantar Mantar as a UPSC aspirant volunteering for the Cockroach Janata Party (CJP). Today, he is walking with a plaster on his leg.

According to Singh, he was injured during the 20 https://t.co/l2qNje932F","""You can break my leg, but you cannot break my will."" 27-year-old Abhishek Singh came to Delhi's Jantar Mantar as a UPSC aspirant volunteering for the Cockroach Janata Party (CJP). Today, he is walking with a plaster on his leg. According to Singh, he was injured during the 20"
710,2080924695717965850,2,"The best video of the CJP protest so far. 

You might be able to fool Gen Z, but an older person cannot be manipulated like that. https://t.co/3Izalpw9Ay","The best video of the CJP protest so far. You might be able to fool Gen Z, but an older person cannot be manipulated like that."
711,2080924490507211094,29,"Investigative agencies probing the CJP-linked protests in Delhi, which were projected as a students’ movement, have reportedly uncovered disturbing details about the composition of the crowd. According to the findings using FRS, nearly 2,000 participants had criminal records,","Investigative agencies probing the CJP-linked protests in Delhi, which were projected as a students’ movement, have reportedly uncovered disturbing details about the composition of the crowd. According to the findings using FRS, nearly 2,000 participants had criminal records,"
712,2080924401307177455,-1,"From local cafes opening doors to citizens sharing food, the solidarity around the student movement in Delhi shows the true spirit of our community. The youth are simply fighting for their future. 🎓🇮🇳 
#cjp #protest #youth #india","From local cafes opening doors to citizens sharing food, the solidarity around the student movement in Delhi shows the true spirit of our community. The youth are simply fighting for their future. 🎓🇮🇳 cjp protest youth india"
713,2080924377097617430,0,"Jantar Mantar protest LIVE: Moving Dharmendra Pradhan to another Ministry not acceptable to students, Rahul Gandhi says - https://t.co/rxmUem9ZP0","Jantar Mantar protest LIVE: Moving Dharmendra Pradhan to another Ministry not acceptable to students, Rahul Gandhi says -"
714,2080923764532150471,-1,"CJP spokesperson Saurav Das -

""Govt will have to accept our non-negotiable demands today.

Dharmendra Pradhan's resignation is our non-negotiable demand.

We have told the govt if they don't agree to our this demand, then we call for a bigger protest"" https://t.co/qcoiq18eFE","CJP spokesperson Saurav Das - ""Govt will have to accept our non-negotiable demands today. Dharmendra Pradhan's resignation is our non-negotiable demand. We have told the govt if they don't agree to our this demand, then we call for a bigger protest"""
715,2080923610999624007,2,"@WiseRavan @toxicflairs @NindaTurtles 3 May 2026 - Leak alleged
14 May 2026 - First CBI arrest
15 May 2026 - Kingpin arrested

6 Jun 2026 - CJP first Delhi protest",3 May 2026 - Leak alleged 14 May 2026 - First CBI arrest 15 May 2026 - Kingpin arrested 6 Jun 2026 - CJP first Delhi protest
716,2080923087294664883,7,"Delhi: CJP Spokesperson Saurav Das says, ""No one here will return home until Dharmendra Pradhan resigns or is removed from the Union Cabinet. We have conveyed this to the government in clear terms. If the government does not accept this demand today, then talks will not lead to https://t.co/5e4XLY97dL","Delhi: CJP Spokesperson Saurav Das says, ""No one here will return home until Dharmendra Pradhan resigns or is removed from the Union Cabinet. We have conveyed this to the government in clear terms. If the government does not accept this demand today, then talks will not lead to"
717,2080922185804493003,0,"""THE YOUTH-LED PROTEST happening in India’s capital territory New Delhi has taken the entire nation by storm. The protest, initially helmed by the Cockroach Janta Party (CJP) demanding for accountability over the NEET paper leak and seeking Union Education Minister Dharmendra https://t.co/wxudY62pV5","""THE YOUTH-LED PROTEST happening in India’s capital territory New Delhi has taken the entire nation by storm. The protest, initially helmed by the Cockroach Janta Party (CJP) demanding for accountability over the NEET paper leak and seeking Union Education Minister Dharmendra"
718,2080922167773139158,1,"Jantar Mantar Updates :

CJP has built a sanctum santorum kind of set-up to enter their protest site on Sansad Marg. 

There is atleast half a km long queue. It feels like tirupati somehow. Idiotic. They have no way to know what is happening outside their temple set-up.

People",Jantar Mantar Updates : CJP has built a sanctum santorum kind of set-up to enter their protest site on Sansad Marg. There is atleast half a km long queue. It feels like tirupati somehow. Idiotic. They have no way to know what is happening outside their temple set-up. People
719,2080921729938215382,12,"2000+ Identified at CJP Protest in Jantar Mantar

As per updates given by sources from Delhi police to ANI and PTI, they've identified 2000+ Anti-Social elements at Jantar Mantar.

Know more about it in our 2 mins shorts.

#CJPProtest #JantarManatar #DelhiPolice https://t.co/15QAtoI4WX","2000+ Identified at CJP Protest in Jantar Mantar As per updates given by sources from Delhi police to ANI and PTI, they've identified 2000+ Anti-Social elements at Jantar Mantar. Know more about it in our 2 mins shorts. CJPProtest JantarManatar DelhiPolice"
720,2080921722472313211,9,"CJP Alleges Delhi Police Curbs at Jantar Mantar, Seeks Unrestricted Access for Protesters   KNOW MORE:  https://t.co/50ZWWgcrbq

@CJP_2029 @DelhiPolice 

CJP has accused Delhi Police of restricting access and essential supplies at Jantar Mantar, urging authorities to ensure","CJP Alleges Delhi Police Curbs at Jantar Mantar, Seeks Unrestricted Access for Protesters KNOW MORE: CJP has accused Delhi Police of restricting access and essential supplies at Jantar Mantar, urging authorities to ensure"
721,2080921511054196935,-1,"Delhi: Traffic was disrupted on Connaught Place's Outer Circle due to a protest by CJP supporters near Regal Cinema, leading to congestion at several locations. Heavy police deployment was made in and around Regal Cinema to maintain law and order. https://t.co/O8hUFKafqs","Delhi: Traffic was disrupted on Connaught Place's Outer Circle due to a protest by CJP supporters near Regal Cinema, leading to congestion at several locations. Heavy police deployment was made in and around Regal Cinema to maintain law and order."
722,2080921425033244754,29,Delhi police have detected 2000 people with criminal records who participated in the voilent protest by CJP on 20th July.,Delhi police have detected 2000 people with criminal records who participated in the voilent protest by CJP on 20th July.
723,2080920592929198508,7,"VIDEO | On CJP meeting with ministers held earlier today, CJP spokesperson Saurav Das says, ""We hope the government accepts our non-negotiable demand today, that Dharmendra Pradhan should resign or be dismissed from the Union Cabinet. This movement is not just about the CJP https://t.co/HeKFCX7sgq","VIDEO | On CJP meeting with ministers held earlier today, CJP spokesperson Saurav Das says, ""We hope the government accepts our non-negotiable demand today, that Dharmendra Pradhan should resign or be dismissed from the Union Cabinet. This movement is not just about the CJP"
724,2080920170927997181,11,"VIDEO | Delhi: At Jantar Mantar, CJP founder Abhijeet Dipke says, ""Our protest has been underway for the past 36 days. Some said not many people would join us, but protests have taken place across the country. The government is nervous, which is why it is calling for meetings."" https://t.co/xAhHOXrRIb","VIDEO | Delhi: At Jantar Mantar, CJP founder Abhijeet Dipke says, ""Our protest has been underway for the past 36 days. Some said not many people would join us, but protests have taken place across the country. The government is nervous, which is why it is calling for meetings."""
725,2080919973720125466,0,"VIDEO | Delhi: On Anti-paper leak bill, CJP spokesperson Saurav Das says, ""That was our demand as well, that the punishment be increased from three years to 10 years. But all of this comes into play only after a paper leak has occurred. What are you doing to prevent paper leaks https://t.co/ftawT7jC1t","VIDEO | Delhi: On Anti-paper leak bill, CJP spokesperson Saurav Das says, ""That was our demand as well, that the punishment be increased from three years to 10 years. But all of this comes into play only after a paper leak has occurred. What are you doing to prevent paper leaks"
726,2080919419157430611,0,"The Cockroach Janta Party (CJP) has called for a nationwide candlelight march on Sunday, 26th July 2026, at 6:00 PM across all districts to protest against exam irregularities, paper leaks, and alleged police brutality.

#CGBhaskar #cjp_पार्टी #cjp_ही_aap_है #Nation #Pradhan https://t.co/I179gnHeZ8","The Cockroach Janta Party (CJP) has called for a nationwide candlelight march on Sunday, 26th July 2026, at 6:00 PM across all districts to protest against exam irregularities, paper leaks, and alleged police brutality. CGBhaskar cjp_पार्टी cjp_ही_aap_है Nation Pradhan"
727,2080918911743353017,15,"Beganli's Enterprises The House 🤣🤣

#gez #genzee #dmkgenz #NEET #Modi #Delhi #Dharmendrapradhan #SonamWangchuk #CJP #CJPMovement #AbhijeetDipke #CockroachJantaParty #Protest #India #ModiGovernment #BJP #jantarmantar #junaid https://t.co/GhfN8VAZyw",Beganli's Enterprises The House 🤣🤣 gez genzee dmkgenz NEET Modi Delhi Dharmendrapradhan SonamWangchuk CJP CJPMovement AbhijeetDipke CockroachJantaParty Protest India ModiGovernment BJP jantarmantar junaid
728,2080918807594562000,-1,"An elderly man came to the CJP protest.

Dipke and the cockroaches thought he would make good reel material, so they went to him hoping to hear him rant against PM Modi.

Instead, the uncle gave them a lesson on PM Modi's honesty..😂 https://t.co/osSZeucJEW","An elderly man came to the CJP protest. Dipke and the cockroaches thought he would make good reel material, so they went to him hoping to hear him rant against PM Modi. Instead, the uncle gave them a lesson on PM Modi's honesty..😂"
729,2080918527691911563,14,"Delhi Police Add Attempted Murder Charge in FIR Over July 20 NEET Protest Violence   KNOW MORE:  https://t.co/GMkIHmq2dc

@DelhiPolice 

Delhi Police have added an attempted murder charge to an FIR over the July 20 protest violence near Parliament, alleging attacks on security","Delhi Police Add Attempted Murder Charge in FIR Over July 20 NEET Protest Violence KNOW MORE: Delhi Police have added an attempted murder charge to an FIR over the July 20 protest violence near Parliament, alleging attacks on security"
730,2080918393054802177,-1,"Hooliganism, vulgar abuses, mob-lynching, food porn, parties, dance, 'Taharrush', harassment of journalists, anti-Hindu statements— the CJP protest has shown everything.

But not actual aspirants. https://t.co/rbk1XkbAav","Hooliganism, vulgar abuses, mob-lynching, food porn, parties, dance, 'Taharrush', harassment of journalists, anti-Hindu statements— the CJP protest has shown everything. But not actual aspirants."
731,2080918373559660929,14,"Delhi Police sources say 130 police personnel and 65 students were injured during the July 20 CJP protest. A total of 15 FIRs have been registered in connection with the incident.

#Delhi #CJP #Protest #DelhiPolice #Students #NewsUpdate #OI https://t.co/fkXdvyEman",Delhi Police sources say 130 police personnel and 65 students were injured during the July 20 CJP protest. A total of 15 FIRs have been registered in connection with the incident. Delhi CJP Protest DelhiPolice Students NewsUpdate OI
732,2080918206940893457,27,Food is required at Protest!! ‼️🚨 #cjp #jantarmantar #emergency #delhi #genz #help https://t.co/TA75txwDb4,Food is required at Protest!! ‼️🚨 cjp jantarmantar emergency delhi genz help
733,2080918130793271792,2,"CJP protest or Baddies assemble ? 

Chal kya rha hai delhi me https://t.co/MUI0Wce0TO",CJP protest or Baddies assemble ? Chal kya rha hai delhi me
734,2080917880053645487,-1,"Now vultures are after
 #SonamWangchuk 

Cockroach Dipke and his political 
bosses exposed

So what I was saying all along about this political gang was absolutely correct
#CJP #Protest #Dipke #Delhi 
#Arvindkejriwal #cjp_ही_aap_है https://t.co/pIHICtO11g",Now vultures are after SonamWangchuk Cockroach Dipke and his political bosses exposed So what I was saying all along about this political gang was absolutely correct CJP Protest Dipke Delhi Arvindkejriwal cjp_ही_aap_है
735,2080917696263454874,9,"CJP Accuses Delhi Police Of 'Siege' At Jantar Mantar, Alleges Food, Water Supplies Blocked

#CJP #Delhi 
https://t.co/KwrVWJ7IY5","CJP Accuses Delhi Police Of 'Siege' At Jantar Mantar, Alleges Food, Water Supplies Blocked CJP Delhi"
736,2080917681885331756,-1,"21-Year-Old Injured in Delhi CJP Protest Taken Off Ventilator After 72 Hours, Condition Stable

https://t.co/MrwXqmpQ6e https://t.co/RxG2XIVMXl","21-Year-Old Injured in Delhi CJP Protest Taken Off Ventilator After 72 Hours, Condition Stable"
737,2080917672183922816,-1,"#WATCH | An unexpected moment unfolded at the CJP protest in Delhi when an elderly man, who arrived in a wheelchair, stopped protesters from raising anti-PM Narendra Modi slogans. 

Instead of joining the chants, he defended the Prime Minister, saying Modi's image was being https://t.co/voCqPWxhEM","WATCH | An unexpected moment unfolded at the CJP protest in Delhi when an elderly man, who arrived in a wheelchair, stopped protesters from raising anti-PM Narendra Modi slogans. Instead of joining the chants, he defended the Prime Minister, saying Modi's image was being"
738,2080917441778155895,14,Delhi Cops Add Attempt To Murder Charge In CJP Protest Violence Case https://t.co/Ynn6JX4Kma,Delhi Cops Add Attempt To Murder Charge In CJP Protest Violence Case
739,2080916920241676548,15,"This region is not as bad as is depicted in books and media. 
#GenZWithBharat #NEET #Modi #Delhi #Dharmendrapradhan #SonamWangchuk #CJP #CJPMovement #AbhijeetDipke #CockroachJantaParty #Protest #India #ModiGovernment #BJP #genz #jantarmantar",This region is not as bad as is depicted in books and media. GenZWithBharat NEET Modi Delhi Dharmendrapradhan SonamWangchuk CJP CJPMovement AbhijeetDipke CockroachJantaParty Protest India ModiGovernment BJP genz jantarmantar
740,2080916914340286923,26,Two north Indian students at Manipal CJP protest started harrasing older officers on duty. Now tell me again is this okay? https://t.co/aLJ7PJ2PVd,Two north Indian students at Manipal CJP protest started harrasing older officers on duty. Now tell me again is this okay?
741,2080916624891314223,5,"CJP Protest: 18 Delhi Metro Stations Closed; Major Travel Curbs Across Central Delhi 

https://t.co/QYNC1OGzHT
 
#DelhiMetro #DelhiMetroUpdate #MetroClosure #JantarMantar",CJP Protest: 18 Delhi Metro Stations Closed; Major Travel Curbs Across Central Delhi DelhiMetro DelhiMetroUpdate MetroClosure JantarMantar
742,2080916547460374699,26,"BREAKING: UN reacts to protests in Delhi.  

UN Spox Stéphane Dujarric, in response to a question says, ""important that people wishing to protest peacefully be allowed to do so without the fear of harassment, the fear of arrest, or the fear of injury"" https://t.co/S8fUCxLIG4","BREAKING: UN reacts to protests in Delhi. UN Spox Stéphane Dujarric, in response to a question says, ""important that people wishing to protest peacefully be allowed to do so without the fear of harassment, the fear of arrest, or the fear of injury"""
743,2080915572192166036,2,"@ANI 🚨🚨 BREAKING NEWS: Delhi Police (@DelhiPolice) had not granted permission for the (@Cockroachisback) CJP's proposed march to Sansad Bhavan on 20 July 2026.

》Section 163 of the Bharatiya Nagarik Suraksha Sanhita (BNSS) was in force in Delhi, and the police had displayed public https://t.co/N81bzOrpib","🚨🚨 BREAKING NEWS: Delhi Police () had not granted permission for the () CJP's proposed march to Sansad Bhavan on 20 July 2026. 》Section 163 of the Bharatiya Nagarik Suraksha Sanhita (BNSS) was in force in Delhi, and the police had displayed public"
744,2080915265886593317,4,"Delhi: When asked whether opposition parties hijacked the ongoing protest, former CJP spokesperson Vijeta Dahiya says, ""It's not as if we are a political party. The CJP is unregistered, just like the RSS. This is a people's movement, a youth movement. We ourselves invited them. https://t.co/PKQCsv3wh7","Delhi: When asked whether opposition parties hijacked the ongoing protest, former CJP spokesperson Vijeta Dahiya says, ""It's not as if we are a political party. The CJP is unregistered, just like the RSS. This is a people's movement, a youth movement. We ourselves invited them."
745,2080915004807881019,-1,"Delhi –
Prime Minister Narendra Modi spoke with Assam Chief Minister Himanta Biswa Sarma over the phone to review the flood situation in the state and assured him of all possible assistance from the Central Government.

Prime Minister Narendra Modi will interact with participants",Delhi – Prime Minister Narendra Modi spoke with Assam Chief Minister Himanta Biswa Sarma over the phone to review the flood situation in the state and assured him of all possible assistance from the Central Government. Prime Minister Narendra Modi will interact with participants
746,2080914550942273653,1,"@amitmalviya Sir to be very true and blunt. Home ministry is a total failure in Delhi. Whether it's Farmers protest, CAA or this CJP. HMO allowed them to grow the protest by ignoring them. Innocent people are suffering cause of HMOs failure to control delhi.","Sir to be very true and blunt. Home ministry is a total failure in Delhi. Whether it's Farmers protest, CAA or this CJP. HMO allowed them to grow the protest by ignoring them. Innocent people are suffering cause of HMOs failure to control delhi."
747,2080914319563497636,17,"DELHI CJP PROTEST: Behind The Protest Chaos: What Led To The Pellet Gun Controversy? 

https://t.co/FdHRMFpHdZ

#DelhiCJPProtest #CJPProtest #DelhiProtest #JantarMantar",DELHI CJP PROTEST: Behind The Protest Chaos: What Led To The Pellet Gun Controversy? DelhiCJPProtest CJPProtest DelhiProtest JantarMantar
748,2080913941597999538,-1,"'FIRs Will Be Registered...': CJP To Launch Website To Identify Delhi Police Officers Allegedly Assaulting Students During 'Sansad Chalo' Protest

#CJP #CockroachJantaParty #AbhijeetDikpe #NEETExamProtest #NEET #NEETPaperLeak #Delhi #protest

https://t.co/wnXkopURJP",'FIRs Will Be Registered...': CJP To Launch Website To Identify Delhi Police Officers Allegedly Assaulting Students During 'Sansad Chalo' Protest CJP CockroachJantaParty AbhijeetDikpe NEETExamProtest NEET NEETPaperLeak Delhi protest
749,2080913450004549982,0,"Ahead of third round of talks CJP stead fast on Pradhan’s resignation

#cjp #protest #delhi 

https://t.co/8BCssRQkhO",Ahead of third round of talks CJP stead fast on Pradhan’s resignation cjp protest delhi
750,2080913430509416525,-1,"MEA spokesperson:

""I have been asked about the funding of the CJP protest many a time

I want to say that our intelligence &amp; investigation reveals there is no Foreign funding in it""

Another slap on the face of Godi Media and bhakts https://t.co/9IJNnfmuiB","MEA spokesperson: ""I have been asked about the funding of the CJP protest many a time I want to say that our intelligence & investigation reveals there is no Foreign funding in it"" Another slap on the face of Godi Media and bhakts"
751,2080913267648782495,24,Delhi Police will hold a press conference to address alleged misinformation and false reports circulating on social media regarding the ongoing CJP protest at Jantar Mantar. DCP Central Rohit Rajbir Singh will brief the media and provide clarification on the claims and https://t.co/Q1HZYYjiTZ,Delhi Police will hold a press conference to address alleged misinformation and false reports circulating on social media regarding the ongoing CJP protest at Jantar Mantar. DCP Central Rohit Rajbir Singh will brief the media and provide clarification on the claims and
752,2080913058160087356,11,"CJP Leader Abhijeet Dipke Diagnosed With Typhoid Amid NEET Paper Leak Protest In Delhi: Know About His Health Condition

#CJP #AbhijeetDipke #NEET #NEETPaperLeak #Delhi 

https://t.co/r6Li5iwbOX",CJP Leader Abhijeet Dipke Diagnosed With Typhoid Amid NEET Paper Leak Protest In Delhi: Know About His Health Condition CJP AbhijeetDipke NEET NEETPaperLeak Delhi
753,2080912183085736418,-1,Mamata Banerjee will be in Delhi on Monday. Likely to attend CJP Protest: sources,Mamata Banerjee will be in Delhi on Monday. Likely to attend CJP Protest: sources
754,2080911943406440661,5,"CJP protest LIVE updates: 18 Delhi Metro stations remain shut for 4th straight day

https://t.co/rzYzqwj7IQ",CJP protest LIVE updates: 18 Delhi Metro stations remain shut for 4th straight day
755,2080911901857624550,-1,"EPSIODE:1 | Black Day For Indian Democracy 💔🥲 | CJP PROTEST | Abhijeet Dipke | CJP Protest Jantar Mantar | Delhi Protest | 20th July 2026 | CJP latest News | Priyanshu Rai 

#facts #abhijeetdipke #cjp #cjpprotest #delhiprotest #jantarmantar #cjp2026 #priyanshurai https://t.co/Uvu7Qw8UV9",EPSIODE:1 | Black Day For Indian Democracy 💔🥲 | CJP PROTEST | Abhijeet Dipke | CJP Protest Jantar Mantar | Delhi Protest | 20th July 2026 | CJP latest News | Priyanshu Rai facts abhijeetdipke cjp cjpprotest delhiprotest jantarmantar cjp2026 priyanshurai
756,2080911808957972965,3,"From astrology to exclusive content, this wannabe now claims she was molested at a Temple during the CJP protest. https://t.co/5SGkwDPkTo","From astrology to exclusive content, this wannabe now claims she was molested at a Temple during the CJP protest."
757,2080911804054765826,25,"If being a slimeball had a face, it would be Rajdeep Sardesai.

He writes a long post glorifying one of the prominent faces of the protest in the name of students, yet conveniently omits a detail that readers deserve to know: the individual is an AAP office bearer from Rajasthan https://t.co/fgKqLpXSXu","If being a slimeball had a face, it would be Rajdeep Sardesai. He writes a long post glorifying one of the prominent faces of the protest in the name of students, yet conveniently omits a detail that readers deserve to know: the individual is an AAP office bearer from Rajasthan"
758,2080911423069434158,12,"Over 2,500 listed ‘criminals’ identified at Jantar Mantar amid CJP protest, says Delhi Police
https://t.co/CLEeGv4zyf https://t.co/uYcbJVfDMJ","Over 2,500 listed ‘criminals’ identified at Jantar Mantar amid CJP protest, says Delhi Police"
759,2080911394841772100,-1,"#WATCH | Delhi: At CJP protest at Jantar Mantar yesterday, Mani Shankar Aiyar said, ""...Today's youth are not just students, they are teaching a lesson to the country. What is that lesson? The lesson is - Be Fearless. Our generation was really scared. Hearing Modi ji and Amit https://t.co/XBYeiwM5Ve","WATCH | Delhi: At CJP protest at Jantar Mantar yesterday, Mani Shankar Aiyar said, ""...Today's youth are not just students, they are teaching a lesson to the country. What is that lesson? The lesson is - Be Fearless. Our generation was really scared. Hearing Modi ji and Amit"
760,2080911174988894435,0,"'Either Bomb Protesters Or Accept Demands': 

CJP Warns 'Time Is Ticking', Renews Demand For Dharmendra Pradhan's Resignation
https://t.co/VWklq7xJTJ","'Either Bomb Protesters Or Accept Demands': CJP Warns 'Time Is Ticking', Renews Demand For Dharmendra Pradhan's Resignation"
761,2080910949662527869,1,"@Desh_bhakati CJP will be treated properly in Uttar Pradesh. Any protest without permission must be dealt strictly. UP is not Delhi 
@dgpup 
@CMOfficeUP",CJP will be treated properly in Uttar Pradesh. Any protest without permission must be dealt strictly. UP is not Delhi
762,2080910853298323626,2,"This video is absolute cinema. by far the best from CJP protest

Couldn’t resist sharing this again and again.🔥 https://t.co/Ef1jI7xxIZ",This video is absolute cinema. by far the best from CJP protest Couldn’t resist sharing this again and again.🔥
763,2080910756820980215,9,#Watch: CJP Raises Allegations Against Delhi Police Over Suspension of Food Supply at Protest Site #KalingaTV https://t.co/mb7RzSGHNv,Watch: CJP Raises Allegations Against Delhi Police Over Suspension of Food Supply at Protest Site KalingaTV
764,2080910586326695988,25,"CJP warned Yogi Adityanath.

 Saying, Yogi ji, stop paper leaks in your state. Otherwise, there will be a bigger protest in Uttar Pradesh than at Jantar Mantar.

But why only BJP-ruled states? Why not Karnataka and Punjab as well? https://t.co/XWPrfJaVq9","CJP warned Yogi Adityanath. Saying, Yogi ji, stop paper leaks in your state. Otherwise, there will be a bigger protest in Uttar Pradesh than at Jantar Mantar. But why only BJP-ruled states? Why not Karnataka and Punjab as well?"
765,2080910504185430055,5,"Eighteen Delhi Metro stations in central Delhi remained closed for the fourth consecutive day on Saturday due to security concerns amid the ongoing CJP-led protest at Jantar Mantar. According to the DMRC, the stations will remain shut from 7:30 am until further notice, while https://t.co/NyWM1PROpe","Eighteen Delhi Metro stations in central Delhi remained closed for the fourth consecutive day on Saturday due to security concerns amid the ongoing CJP-led protest at Jantar Mantar. According to the DMRC, the stations will remain shut from 7:30 am until further notice, while"
766,2080910405476720954,-1,"‘If Needed, I’ll Come to Delhi’: Mamata Banerjee Signals Support for CJP’s Jantar Mantar Protest

https://t.co/hGf7bWr9hg

#MamataBanerjee #JantarMantar #DelhiProtest #WestBengal #TrinamoolCongress #IndianPolitics","‘If Needed, I’ll Come to Delhi’: Mamata Banerjee Signals Support for CJP’s Jantar Mantar Protest MamataBanerjee JantarMantar DelhiProtest WestBengal TrinamoolCongress IndianPolitics"
767,2080910239306834225,0,"Delhi Protest #Live: CJP Says Dharmendra Pradhan's Resignation 'Non Negotiable', Warns Of 'Tougher Decisions' If Govt Rejects Demand

#NEETPaperLeak #DharmendraPradhanMustResign #JantarMantarProtest #RahulGandhi #CockroachJantaParty #AbhijeetDipke

https://t.co/SiuWEw6Q56","Delhi Protest Live: CJP Says Dharmendra Pradhan's Resignation 'Non Negotiable', Warns Of 'Tougher Decisions' If Govt Rejects Demand NEETPaperLeak DharmendraPradhanMustResign JantarMantarProtest RahulGandhi CockroachJantaParty AbhijeetDipke"
768,2080909881297731944,4,"This isn't Gen Z, it's Gen C.

In the name of a ""peaceful protest"", the only competition at the CJP protest is who can hurl the filthiest abuses at Modi Ji.

Not even once throughout the entire day does anyone at Jantar Mantar talk about NEET or students anymore. https://t.co/uwrBHKUu1O","This isn't Gen Z, it's Gen C. In the name of a ""peaceful protest"", the only competition at the CJP protest is who can hurl the filthiest abuses at Modi Ji. Not even once throughout the entire day does anyone at Jantar Mantar talk about NEET or students anymore."
769,2080909679660871959,17,"How lethal is a non-lethal pellet gun? Physics behind injuries to Delhi protesters

https://t.co/n5TiOIdnuH

@Astro_Radifah explains",How lethal is a non-lethal pellet gun? Physics behind injuries to Delhi protesters explains
770,2080909485741338685,9,"Amid the ongoing CJP protest at Jantar Mantar, Delhi Police has intensified security measures by reinforcing barricades with chains around the protest site. The move comes as authorities continue to strengthen arrangements in the area, with additional security personnel deployed https://t.co/3kUOM24hZo","Amid the ongoing CJP protest at Jantar Mantar, Delhi Police has intensified security measures by reinforcing barricades with chains around the protest site. The move comes as authorities continue to strengthen arrangements in the area, with additional security personnel deployed"
771,2080909410768179403,12,"Delhi Police has justified deploying Facial Recognition System (FRS) cameras at Jantar Mantar, stating that more than 2,500 individuals with criminal records were identified near the protest area. 

While authorities argue that the technology is essential for ensuring law and https://t.co/ErVzDZFTSj","Delhi Police has justified deploying Facial Recognition System (FRS) cameras at Jantar Mantar, stating that more than 2,500 individuals with criminal records were identified near the protest area. While authorities argue that the technology is essential for ensuring law and"
772,2080909056915718391,14,"Delhi Cops Add Attempt To Murder Charge In CJP Protest Violence Case
https://t.co/v4Y9SsGqyz https://t.co/u1zJRn7rJU",Delhi Cops Add Attempt To Murder Charge In CJP Protest Violence Case
773,2080908945812840525,5,"‘Couldn’t shut paper leaks': Opposition attacks Centre over Delhi metro, internet restrictions amid CJP protest

Stay updated with all the stories that matter — download the Hindustan Times App

https://t.co/X98L9vyDOv","‘Couldn’t shut paper leaks': Opposition attacks Centre over Delhi metro, internet restrictions amid CJP protest Stay updated with all the stories that matter — download the Hindustan Times App"
774,2080908680623706516,8,"The Cockroach Janta Party (CJP) has demanded that the Delhi Police immediately cease and desist from unlawfully detaining, intimidating, or preventing citizens from reaching Jantar Mantar. 

The party also urged the police to stop creating what it described as an atmosphere of https://t.co/DTrjaaDTXa","The Cockroach Janta Party (CJP) has demanded that the Delhi Police immediately cease and desist from unlawfully detaining, intimidating, or preventing citizens from reaching Jantar Mantar. The party also urged the police to stop creating what it described as an atmosphere of"
775,2080908663905231158,-1,"RML Hospital Update: The 21-year-old woman injured in the protest-related incident is showing steady improvement. She has been off the ventilator for nearly 72 hours, is conscious, alert, breathing on her own, and tolerating oral feeds. Her condition is stable, though she remains https://t.co/FtTSLsMoX9","RML Hospital Update: The 21-year-old woman injured in the protest-related incident is showing steady improvement. She has been off the ventilator for nearly 72 hours, is conscious, alert, breathing on her own, and tolerating oral feeds. Her condition is stable, though she remains"
776,2080908561228722329,-1,"Dear DU students of Delhi,

Please didn't turn up to the CJP protest. Mr. @AshutoshRanka
@abhijeet_dipke want to ruin your bright careers. Please don't get trapped. Your parents have many expectations from you. Please respect their wishes.","Dear DU students of Delhi, Please didn't turn up to the CJP protest. Mr. want to ruin your bright careers. Please don't get trapped. Your parents have many expectations from you. Please respect their wishes."
777,2080908216024846474,3,"WTF Is Happening At CJP Protest ?

Two more female journalists were targeted, heckled, harassed, and molested by blood-thirsty CJP goons at Jantar Mantar.

All these attacks on women are being livestreamed on Instagram, and CJP goons at Jantar Mantar are celebrating it.

Abhijeet https://t.co/WAPlRL6Pof","WTF Is Happening At CJP Protest ? Two more female journalists were targeted, heckled, harassed, and molested by blood-thirsty CJP goons at Jantar Mantar. All these attacks on women are being livestreamed on Instagram, and CJP goons at Jantar Mantar are celebrating it. Abhijeet"
778,2080908135112544393,5,"Opposition leaders on Saturday criticised the Centre over the closure of 18 Delhi Metro stations and other restrictions imposed around Central Delhi amid the ongoing Cockroach Janta Party (CJP) protest at Jantar Mantar.

#Indianews #JantarMantar #CJPProtest #Delhi https://t.co/Ye9pjYsgxV",Opposition leaders on Saturday criticised the Centre over the closure of 18 Delhi Metro stations and other restrictions imposed around Central Delhi amid the ongoing Cockroach Janta Party (CJP) protest at Jantar Mantar. Indianews JantarMantar CJPProtest Delhi
779,2080908024043254232,9,"Delhi has been turned into a fortress ahead of the weekend as security is ramped up amid the escalating Cockroach Janta Party (CJP) protest at Jantar Mantar. Anticipating a significantly larger turnout of protesters, authorities have installed multiple layers of iron barricades https://t.co/qCda0GokUG","Delhi has been turned into a fortress ahead of the weekend as security is ramped up amid the escalating Cockroach Janta Party (CJP) protest at Jantar Mantar. Anticipating a significantly larger turnout of protesters, authorities have installed multiple layers of iron barricades"
780,2080907903591174390,4,"For many young Indians, a loss of trust in education and rising economic insecurity are giving way to anger, anxiety and collective action

@kunalpurohit writes on CJP protests:
https://t.co/jvGiv7qtXD","For many young Indians, a loss of trust in education and rising economic insecurity are giving way to anger, anxiety and collective action writes on CJP protests:"
781,2080907068824018992,13,"A video showing activist Sonam Wangchuk inside Delhi's Safdarjung Hospital has gone viral, capturing moments after he was shifted there from the Jantar Mantar protest site during his hunger strike. The footage shows Wangchuk confronting a police officer and alleging ""harassment"" https://t.co/isnbuNbIjP","A video showing activist Sonam Wangchuk inside Delhi's Safdarjung Hospital has gone viral, capturing moments after he was shifted there from the Jantar Mantar protest site during his hunger strike. The footage shows Wangchuk confronting a police officer and alleging ""harassment"""
782,2080907033545445581,-1,"Mani Shankar Aiyar (former INC leader) also attended the student protest at Jantar Mantar in Delhi under the banner of the CJP. He said: Umar Khalid &amp; Sharjeel Imam have been in jail for 6 years.

Fact! Both Umar &amp; Sharjeel Imam are traitors. They are currently in Tihar Jail. https://t.co/FyyztQgiJ0",Mani Shankar Aiyar (former INC leader) also attended the student protest at Jantar Mantar in Delhi under the banner of the CJP. He said: Umar Khalid & Sharjeel Imam have been in jail for 6 years. Fact! Both Umar & Sharjeel Imam are traitors. They are currently in Tihar Jail.
783,2080906191044243701,-1,"🚨 NEW : 15,000 Security Personnels are Expected to be Deployed Across Delhi soon

Goverment has Orderd to Airlift more CRPF Companies from Chattisgarh to Delhi amid CJP Protest.","🚨 NEW : 15,000 Security Personnels are Expected to be Deployed Across Delhi soon Goverment has Orderd to Airlift more CRPF Companies from Chattisgarh to Delhi amid CJP Protest."
784,2080905983187185825,-1,"Another one 

How can someone be like her??
Is everyone doing just to be famous? No cause, no motive and only fame???

#cjp #JantarMantarprotests #delhi #india #protest #students  https://t.co/3MsLZGmvrS","Another one How can someone be like her?? Is everyone doing just to be famous? No cause, no motive and only fame??? cjp JantarMantarprotests delhi india protest students"
785,2080905959518662788,20,"तुम्हारा एक गलत कदम और सम्पूर्ण करियर खत्म 👇 

Delhi Police have released CCTV footage and other digital evidence as part of their investigation into the violence that erupted during the recent ""Chalo Sansad"" protest in central Delhi. According to police, several government https://t.co/EZIiL8V7PY","तुम्हारा एक गलत कदम और सम्पूर्ण करियर खत्म 👇 Delhi Police have released CCTV footage and other digital evidence as part of their investigation into the violence that erupted during the recent ""Chalo Sansad"" protest in central Delhi. According to police, several government"
786,2080905426162557418,5,"18 #MetroStations Closed in #Delhi Amid #CJPProtest 

#NirvayNews #NirvayWebNews 

https://t.co/wxl4NlPC0B",18 MetroStations Closed in Delhi Amid CJPProtest NirvayNews NirvayWebNews
787,2080905274798567720,30,"Liquor shops across Delhi will close at 8 pm, two hours earlier than the usual 10 pm, over the weekend amid the ongoing Cockroach Janta Party (CJP) protest at Jantar Mantar over the alleged NEET-UG 2026 paper leak.

According to a senior Delhi government official, the decision https://t.co/dW4CrHKl66","Liquor shops across Delhi will close at 8 pm, two hours earlier than the usual 10 pm, over the weekend amid the ongoing Cockroach Janta Party (CJP) protest at Jantar Mantar over the alleged NEET-UG 2026 paper leak. According to a senior Delhi government official, the decision"
788,2080904719225241982,5,"18 Delhi Metro stations remain shut for fourth straight day amid CJP protest
#DelhiMetro #Delhi #DMRC #JantarMantar 

https://t.co/sArbwLcZNs",18 Delhi Metro stations remain shut for fourth straight day amid CJP protest DelhiMetro Delhi DMRC JantarMantar
789,2080904544624738808,5,"#DelhiMetro services face major disruptions amid the ongoing Cockroach Janta Party protest. Entry and exit at 18 stations have been shut, while services on the Airport Express Line are restricted. Commuters have been advised to plan alternate routes. #Delhi #CJP #Protests #India https://t.co/A7gUFb8ejj","DelhiMetro services face major disruptions amid the ongoing Cockroach Janta Party protest. Entry and exit at 18 stations have been shut, while services on the Airport Express Line are restricted. Commuters have been advised to plan alternate routes. Delhi CJP Protests India"
790,2080904536886235517,26,Dear students dont get into trap of dirty politics by CJP and other parties. We as a democracy given everyone right to protest peacefully. Delhi Police always stand by peaceful protest. They are the best among others. Do your studies and make your future better. Follow advisories,Dear students dont get into trap of dirty politics by CJP and other parties. We as a democracy given everyone right to protest peacefully. Delhi Police always stand by peaceful protest. They are the best among others. Do your studies and make your future better. Follow advisories
791,2080904235680661863,12,"🚨Delhi Police busted big revealed on 20th July CJP Protesters-

Delhi Police busted by facial recognition system to over 400 history siter who has criminal records also involved in protest. https://t.co/hpbltPTLfD",🚨Delhi Police busted big revealed on 20th July CJP Protesters- Delhi Police busted by facial recognition system to over 400 history siter who has criminal records also involved in protest.
792,2080904182425608311,20,"🚨BREAKING 🚨DELHI 
Delhi Police has released CCTV footage that it says captures incidents of stone-pelting and vandalism during the July 20 protest in the national capital.
According to police, the footage forms part of the ongoing investigation into the violence. #cjp
#protest","🚨BREAKING 🚨DELHI Delhi Police has released CCTV footage that it says captures incidents of stone-pelting and vandalism during the July 20 protest in the national capital. According to police, the footage forms part of the ongoing investigation into the violence. cjp protest"
793,2080903749992931543,5,"#DelhiMetro closes 18 stations amid #CJPprotest at Jantar Mantar: Full list

https://t.co/TKUmD9TkaM",DelhiMetro closes 18 stations amid CJPprotest at Jantar Mantar: Full list
794,2080902952336699897,5,"Thousands of supporters of the Cockroach Janata Party (CJP) rallied in ⁠central Delhi despite the fourth day of ⁠closure of the city's 18 metro stations, as authorities tried to limit access to the protest site.
https://t.co/wgueGeJSPj","Thousands of supporters of the Cockroach Janata Party (CJP) rallied in ⁠central Delhi despite the fourth day of ⁠closure of the city's 18 metro stations, as authorities tried to limit access to the protest site."
795,2080902054219071724,29,"Delhi police have detected 2000 criminals who participated in the voilent protest by CJP on 20th July.

Sabka hisaab hoga baari baari 🫡",Delhi police have detected 2000 criminals who participated in the voilent protest by CJP on 20th July. Sabka hisaab hoga baari baari 🫡
796,2080901880675483853,-1,"This is the scene at the CJP protest site today at 9 AM.

The crowd is about the same as yesterday. Considering it's the weekend, it should have increased by now, but it looks like the crowd will grow in the evening.

Even outside the protest site, the crowd is still nowhere near https://t.co/ZPrvDfcpHH","This is the scene at the CJP protest site today at 9 AM. The crowd is about the same as yesterday. Considering it's the weekend, it should have increased by now, but it looks like the crowd will grow in the evening. Even outside the protest site, the crowd is still nowhere near"
797,2080901638139883685,14,"CJP Protest Case: 15 FIRs Registered as Delhi Police Report Injuries to 130 Personnel, 65 Students
#CJP 
#CJPProtest 
#Nationalnews 
#Newdelhi 
#KalingaTV 
https://t.co/7Jqkbt8JNB","CJP Protest Case: 15 FIRs Registered as Delhi Police Report Injuries to 130 Personnel, 65 Students CJP CJPProtest Nationalnews Newdelhi KalingaTV"
798,2080900131029967333,17,"Jabalpur Student Claims Pellet Injuries During #JantarMantarProtest, Undergoing Treatment In Delhi Hospital

#IrshadMansoori #PelletGunControversy #DelhiPolice #JPNadda #CJPProtest

https://t.co/MMnQMSMRFe","Jabalpur Student Claims Pellet Injuries During JantarMantarProtest, Undergoing Treatment In Delhi Hospital IrshadMansoori PelletGunControversy DelhiPolice JPNadda CJPProtest"
799,2080899887508701268,5,"CJP protest: Delhi Police welds extra barricades, tightens security; 18 metro stations shut for fourth day 

https://t.co/GPIOkcBvYw","CJP protest: Delhi Police welds extra barricades, tightens security; 18 metro stations shut for fourth day"
800,2080899353334685857,12,"You identify us. We'll identify you. Let's meet in court.
That sums up the latest phase of the CJP protest.
Delhi Police has deployed FRS cameras, while CJP has launched a portal to crowdsource photos and videos to identify police personnel allegedly involved in assaults and","You identify us. We'll identify you. Let's meet in court. That sums up the latest phase of the CJP protest. Delhi Police has deployed FRS cameras, while CJP has launched a portal to crowdsource photos and videos to identify police personnel allegedly involved in assaults and"
801,2080899287576375474,5,"DMRC increased the closure from 17 to 18 central Delhi Metro stations from 7:30 AM today due to the massive CJP paper-leak protest. Entry/exit is shut, but crucial interchanges remain open at Rajiv Chowk, Mandi House, and Central Secretariat. https://t.co/Ur2tOdPVpS","DMRC increased the closure from 17 to 18 central Delhi Metro stations from 7:30 AM today due to the massive CJP paper-leak protest. Entry/exit is shut, but crucial interchanges remain open at Rajiv Chowk, Mandi House, and Central Secretariat."
802,2080898607566532712,1,"@Sidprabhakar7 Brother the protest of TN which is led by DMK not CJP indirectly, why because I'm saying this means their motto isn't what Delhi students are. So, we can't expect like this anything from them.","Brother the protest of TN which is led by DMK not CJP indirectly, why because I'm saying this means their motto isn't what Delhi students are. So, we can't expect like this anything from them."
803,2080898473218765237,14,"130 police personnel, 65 students injured; 15 FIRs registered in connection with CJP's July 20 protest, say Delhi police sources

Read @ANI Story |
https://t.co/vcFsAab6K1

#CJP #July20Protest #DelhiPolice #PolicePersonnel #StudentInjured #FIRs https://t.co/yCZMokbeIv","130 police personnel, 65 students injured; 15 FIRs registered in connection with CJP's July 20 protest, say Delhi police sources Read Story | CJP July20Protest DelhiPolice PolicePersonnel StudentInjured FIRs"
804,2080898406357328348,2,"LIVE : CJP Reaction To PM Modi's Message | CJP Protest In Delhi | V6 News
https://t.co/hEcgReyQVb",LIVE : CJP Reaction To PM Modi's Message | CJP Protest In Delhi | V6 News
805,2080898330809487479,2,"LIVE : CJP Reaction To PM Modi's Message | CJP Protest In Delhi | V6 News
https://t.co/YiTetEnmZI",LIVE : CJP Reaction To PM Modi's Message | CJP Protest In Delhi | V6 News
806,2080898218230190474,-1,"When students sleep on footpaths to protect education, the nation should lose its sleep.@CJP_for_India
@SauravDassss @abhijeet_dipke #JantarMantarUpdates #students #education #delhi #jantarmantar #CJP #NEET #Protest #DharmindraPradhan #Modi https://t.co/qDxhTH42bQ","When students sleep on footpaths to protect education, the nation should lose its sleep. JantarMantarUpdates students education delhi jantarmantar CJP NEET Protest DharmindraPradhan Modi"
807,2080897706986553793,12,"Delhi Police identified around 2500 with criminal backgrounds at Jantar Mantar CJP Protest

#CJPProtest #CJPRiots #JantarManatar https://t.co/zVvROYwpnu",Delhi Police identified around 2500 with criminal backgrounds at Jantar Mantar CJP Protest CJPProtest CJPRiots JantarManatar
808,2080897313200038400,14,"The ongoing CJP protest at Jantar Mantar has witnessed rising tensions, with Delhi Police sources claiming that 130 police personnel and around 65 students have been injured.

According to officials, 15 FIRs have been registered, while nearly 3,000 police personnel have been https://t.co/7aH9nfywMh","The ongoing CJP protest at Jantar Mantar has witnessed rising tensions, with Delhi Police sources claiming that 130 police personnel and around 65 students have been injured. According to officials, 15 FIRs have been registered, while nearly 3,000 police personnel have been"
809,2080897272490193313,5,"CJP protest: 18 Delhi Metro stations to remain closed today, list includes Rajiv Chowk, Janpath, Supreme Court and…, check full list

READ MORE➡️https://t.co/MnUEZWtJRv

#CJPProtest #MetroStations #MetroUpdate #DelhiMetro 

https://t.co/N0Y1EH75mW","CJP protest: 18 Delhi Metro stations to remain closed today, list includes Rajiv Chowk, Janpath, Supreme Court and…, check full list READ MORE➡️ CJPProtest MetroStations MetroUpdate DelhiMetro"
810,2080896794519846941,-1,"The continuation of the NEET protests in Delhi is not because of Modi's ego; it is because of Abhijeet Dipke's ego.

This is perhaps the first time PM Modi has appeared on video twice to address a protest, in addition to tweeting about the issue. He has assured the public of","The continuation of the NEET protests in Delhi is not because of Modi's ego; it is because of Abhijeet Dipke's ego. This is perhaps the first time PM Modi has appeared on video twice to address a protest, in addition to tweeting about the issue. He has assured the public of"
811,2080896477812195403,25,"@_sabanaqvi Don't spread misinformation. The protest is limited to Delhi. It's mainly SDFI and JNU types participating in it. There is no nationwide support. It's not that others are happy about the paper leaks, but this idiotic CJP is not the solution.","Don't spread misinformation. The protest is limited to Delhi. It's mainly SDFI and JNU types participating in it. There is no nationwide support. It's not that others are happy about the paper leaks, but this idiotic CJP is not the solution."
812,2080896274241630582,26,"Great Delhi police 
Conspiracy against innocent unknown students who are not even part of any protest

https://t.co/jR3XhhKDGT

#nsfwtwtًً  #ॐ_शं_शनैश्चराय_नमः #bjp #cjp #Delhi #sonamwangchukprotest #CongressProtest #Aap #AAPkaPAAP",Great Delhi police Conspiracy against innocent unknown students who are not even part of any protest nsfwtwtًً ॐ_शं_शनैश्चराय_नमः bjp cjp Delhi sonamwangchukprotest CongressProtest Aap AAPkaPAAP
813,2080896219510083681,1,"Ludicrous appearance of Nihangs at the protest is only adding to the larger problem and creating unnecessary offshoot issues for Delhi Police. I say, that they had no business being at the protest in the first place. 

It seems that some Khalistani elements involved in the https://t.co/pEvzSwlQpL","Ludicrous appearance of Nihangs at the protest is only adding to the larger problem and creating unnecessary offshoot issues for Delhi Police. I say, that they had no business being at the protest in the first place. It seems that some Khalistani elements involved in the"
814,2080896074194260060,1,"Did you notice?

There hasn't been a single CJP protest in Uttar Pradesh yet.
You probably know the reason. 

Bulldozer Baba Yogi Adityanath 💀😎 https://t.co/O0PisN1zib",Did you notice? There hasn't been a single CJP protest in Uttar Pradesh yet. You probably know the reason. Bulldozer Baba Yogi Adityanath 💀😎
815,2080895995727184020,3,"This Muslim girl exposed the truth behind the Jantar Mantar protest. 

Instead of addressing her points, CJP supporters are abusing her in the comments.🙂 https://t.co/Dx5uBRPyAz","This Muslim girl exposed the truth behind the Jantar Mantar protest. Instead of addressing her points, CJP supporters are abusing her in the comments.🙂"
816,2080895771625349564,22,"#cjp_पार्टी #cJp #संसद_मार्च #JantarMantar #cjp_ही_aap_है 

This happened yesterday in Delhi.

Police stopped students from Jamia Millia Islamia who were returning after participating in a protest at Jantar Mantar and asked for their names.

Five Muslim students. The police https://t.co/WWEdfUVKsG",cjp_पार्टी cJp संसद_मार्च JantarMantar cjp_ही_aap_है This happened yesterday in Delhi. Police stopped students from Jamia Millia Islamia who were returning after participating in a protest at Jantar Mantar and asked for their names. Five Muslim students. The police
817,2080895265553457387,11,"New Delhi: Cockroach Janta Party (#CJP) founder #AbhijeetDipke on Saturday said he had been diagnosed with typhoid but vowed that his illness would not slow the movement seeking Union Education Minister #DharmendraPradhan's resignation. I

https://t.co/gxlxfIbjs1",New Delhi: Cockroach Janta Party (CJP) founder AbhijeetDipke on Saturday said he had been diagnosed with typhoid but vowed that his illness would not slow the movement seeking Union Education Minister DharmendraPradhan's resignation. I
818,2080894932316013028,4,#CJP Will CJP  support NEET or NEET Ban totally? Will CJP confirm only Education Minister resign to take over another Ministry in rejig? Will CJP respect DELHI or use outsiders to punish Delhi people? Will CJP help kids to get govt jobs in all States? Protest in Taluks for kids,CJP Will CJP support NEET or NEET Ban totally? Will CJP confirm only Education Minister resign to take over another Ministry in rejig? Will CJP respect DELHI or use outsiders to punish Delhi people? Will CJP help kids to get govt jobs in all States? Protest in Taluks for kids
819,2080894829987512625,8,"#Delhi

#Morning visuals from Jantar Mantar, where the Cockroach Janta Party's protest is underway.

#CJP
#CJPProtest
#JantarMantar
#DelhiProtest
#StudentsProtest
#YouthVoices
#JusticeForStudents
#ExamReforms
#PaperLeak
#NewDelhi
#Delhi
#GenZ
#YouthPower
#SpeakUp
#DelhiNews https://t.co/GiJHp5huAo","Delhi Morning visuals from Jantar Mantar, where the Cockroach Janta Party's protest is underway. CJP CJPProtest JantarMantar DelhiProtest StudentsProtest YouthVoices JusticeForStudents ExamReforms PaperLeak NewDelhi Delhi GenZ YouthPower SpeakUp DelhiNews"
820,2080894760294953179,-1,"'If needed, I'll come to Delhi': Mamata Banerjee likely to join CJP's Jantar Mantar protest
#MamataBanerjee #CJP #NEET #JantarMantar #DelhiProtest 
Read more at: https://t.co/41otxF7RO7","'If needed, I'll come to Delhi': Mamata Banerjee likely to join CJP's Jantar Mantar protest MamataBanerjee CJP NEET JantarMantar DelhiProtest Read more at:"
821,2080894732000239866,32,"#BREAKING ;  Police constable Sher Singh handed over his resignation to Abhijeet Deepakat Jantar Mantar, Extends Support to Students' Protest
Expressing solidarity with the ongoing student movement.

#delhi  #JantarMantar  #CJP #cockroachjantaparty","BREAKING ; Police constable Sher Singh handed over his resignation to Abhijeet Deepakat Jantar Mantar, Extends Support to Students' Protest Expressing solidarity with the ongoing student movement. delhi JantarMantar CJP cockroachjantaparty"
822,2080894599175036989,15,"An educated lady. 

#GenZWithBharat #NEET #Modi #Delhi #Dharmendrapradhan #SonamWangchuk #CJP #CJPMovement #AbhijeetDipke #CockroachJantaParty #Protest #India #ModiGovernment #BJP #genz #jantarmantar",An educated lady. GenZWithBharat NEET Modi Delhi Dharmendrapradhan SonamWangchuk CJP CJPMovement AbhijeetDipke CockroachJantaParty Protest India ModiGovernment BJP genz jantarmantar
823,2080894545764720963,-1,"@HansrajMeena @narendramodi Wah Modi Wah👌ok why have para military landed in Delhi why ⁉️‼️ negotiate or mursee few ⁉️Dictator 
A big salute &amp; thank U to every noble soul around the 🌍 sending food for our hungry, thirsty protestors.
At Jantar Mantar, cruel Dictator Modi / Amit Shah have cut electricity, https://t.co/EKGwaAGzWq","Wah Modi Wah👌ok why have para military landed in Delhi why ⁉️‼️ negotiate or mursee few ⁉️Dictator A big salute & thank U to every noble soul around the 🌍 sending food for our hungry, thirsty protestors. At Jantar Mantar, cruel Dictator Modi / Amit Shah have cut electricity,"
824,2080894472066617365,15,"I also condemn such lanaguage. 

#GenZWithBharat #NEET #Modi #Delhi #Dharmendrapradhan #SonamWangchuk #CJP #CJPMovement #AbhijeetDipke #CockroachJantaParty #Protest #India #ModiGovernment #BJP #genz #jantarmantar",I also condemn such lanaguage. GenZWithBharat NEET Modi Delhi Dharmendrapradhan SonamWangchuk CJP CJPMovement AbhijeetDipke CockroachJantaParty Protest India ModiGovernment BJP genz jantarmantar
825,2080894132650905607,3,"Now even the people making content for CJP are saying this protest has become completely unserious.

They demand resignations while dancing and making obscene gestures.

Every night, all this drama happens at Jantar Mantar with everyone completely drunk. https://t.co/k0mS24Mthy","Now even the people making content for CJP are saying this protest has become completely unserious. They demand resignations while dancing and making obscene gestures. Every night, all this drama happens at Jantar Mantar with everyone completely drunk."
826,2080893900462624787,15,"The last level of making other Zaleel.
#GenZWithBharat #NEET #Modi #Delhi #Dharmendrapradhan #SonamWangchuk #CJP #CJPMovement #AbhijeetDipke #CockroachJantaParty #Protest #India #ModiGovernment #BJP #genz #jantarmantar",The last level of making other Zaleel. GenZWithBharat NEET Modi Delhi Dharmendrapradhan SonamWangchuk CJP CJPMovement AbhijeetDipke CockroachJantaParty Protest India ModiGovernment BJP genz jantarmantar
827,2080893389768217034,15,"Same like people lived before partition. No hate for others. 

#GenZWithBharat #NEET #Modi #Delhi #Dharmendrapradhan #SonamWangchuk #CJP #CJPMovement #AbhijeetDipke #CockroachJantaParty #Protest #India #ModiGovernment #BJP #genz #jantarmantar",Same like people lived before partition. No hate for others. GenZWithBharat NEET Modi Delhi Dharmendrapradhan SonamWangchuk CJP CJPMovement AbhijeetDipke CockroachJantaParty Protest India ModiGovernment BJP genz jantarmantar
828,2080892922778771544,-1,"A MUST-WATCH video from the CJP protest at Jantar Mantar, Delhi.

Elderly Man in a Wheelchair Shuts Down Anti-Modi Slogans at the CJP Protest.

Abhijit Dipke and other organisers came down from the stage to welcome him, assuming he was an anti-Modi supporter as the crowd shouted, https://t.co/DSthX5EYHE","A MUST-WATCH video from the CJP protest at Jantar Mantar, Delhi. Elderly Man in a Wheelchair Shuts Down Anti-Modi Slogans at the CJP Protest. Abhijit Dipke and other organisers came down from the stage to welcome him, assuming he was an anti-Modi supporter as the crowd shouted,"
829,2080892679911817312,14,"CJP Protest Probe

Delhi Police steps up investigation: 15 FIRs registered in the case.

@Priyanktripathi takes you inside the Delhi Police FRS Centre, explaining how the technology works amid the facial recognition row | WATCH

＠_kritika_tiwari shares more details with https://t.co/gKLpqaZYie","CJP Protest Probe Delhi Police steps up investigation: 15 FIRs registered in the case. takes you inside the Delhi Police FRS Centre, explaining how the technology works amid the facial recognition row | WATCH ＠_kritika_tiwari shares more details with"
830,2080892606293385216,29,"Alert ‼️ At CJP protest: 2,000 people with criminal records, including 450 history-sheeters.
क्यों आए ये लोग ? कौन लाया इनको ?
They will kill a few innocent protesters so the ecosystem can put the blame on Delhi Police and start riots. https://t.co/Ojwsoy8VgS","Alert ‼️ At CJP protest: 2,000 people with criminal records, including 450 history-sheeters. क्यों आए ये लोग ? कौन लाया इनको ? They will kill a few innocent protesters so the ecosystem can put the blame on Delhi Police and start riots."
831,2080892244622709103,15,"#EpsteinPedoFiles are reality. Most of Elite in the world is preyed of them.

#GenZWithBharat #NEET #Modi #Delhi #Dharmendrapradhan #SonamWangchuk #CJP #CJPMovement #AbhijeetDipke #CockroachJantaParty #Protest #India #ModiGovernment #BJP #genz #jantarmantar",EpsteinPedoFiles are reality. Most of Elite in the world is preyed of them. GenZWithBharat NEET Modi Delhi Dharmendrapradhan SonamWangchuk CJP CJPMovement AbhijeetDipke CockroachJantaParty Protest India ModiGovernment BJP genz jantarmantar
832,2080891882570400112,9,"@CJP_for_India 🙏 CJP stay 💪 Thank you to all the noble souls worldwide sending food for our hungry &amp; thirsty protestors at Jantar Mantar, Delhi.
Modi &amp; Amit Shah have cut power, water, sanitation, jammed networks &amp; sent goons to beat up students and parents.
Jantar Mantar is sealed for days.","🙏 CJP stay 💪 Thank you to all the noble souls worldwide sending food for our hungry & thirsty protestors at Jantar Mantar, Delhi. Modi & Amit Shah have cut power, water, sanitation, jammed networks & sent goons to beat up students and parents. Jantar Mantar is sealed for days."
833,2080891805705687456,14,"JUST IN | New Delhi DCP said a total of 13 FIRs have been registered in connection with the Jantar Mantar protest. 
- Shrimansi Kaushik reports 

https://t.co/GmC7bVDFyL",JUST IN | New Delhi DCP said a total of 13 FIRs have been registered in connection with the Jantar Mantar protest. - Shrimansi Kaushik reports
834,2080891714278170736,-1,"@CJP_for_India 🙏big salute and thank you to every noble soul around the world sending food for our hungry, thirsty protestors.
At Jantar Mantar, Dictator Modi / Amit Shah have cut electricity, water, sanitation and jammed communications, while sending goons to attack children and their","🙏big salute and thank you to every noble soul around the world sending food for our hungry, thirsty protestors. At Jantar Mantar, Dictator Modi / Amit Shah have cut electricity, water, sanitation and jammed communications, while sending goons to attack children and their"
835,2080891553569193990,-1,"CJP Jantar Mantar Protest: 'We too will give a list of Police personnel  to Delhi Police, who cracked open the heads of children', says CJP

Oh, how rich calling the rioters as 'children'. They were abusing PM, even his late mother using filthiest language,","CJP Jantar Mantar Protest: 'We too will give a list of Police personnel to Delhi Police, who cracked open the heads of children', says CJP Oh, how rich calling the rioters as 'children'. They were abusing PM, even his late mother using filthiest language,"
836,2080891363294695746,21,"ACTRESS AKANKSHA PURI.

""I was offered money to support CJP and Jantar Mantar Protest.

They even offered me Flight tickets to Jantar Mantar. I was asked to post reels. Many other creators received similar offers too. I refused. Students should be supported genuinely. It is not a https://t.co/UmAvuC18WQ","ACTRESS AKANKSHA PURI. ""I was offered money to support CJP and Jantar Mantar Protest. They even offered me Flight tickets to Jantar Mantar. I was asked to post reels. Many other creators received similar offers too. I refused. Students should be supported genuinely. It is not a"
837,2080890657460412517,12,"VIDEO | Mumbai: Speaking on the CJP protestors being recognised by Delhi Police's facial recognition systems, Congress leader Hussain Dalwai says, ""Delhi Police can say anything. It's not that RSS or its people came there to spoil the protest, no, that's not the issue. But who https://t.co/FSLEERWpAl","VIDEO | Mumbai: Speaking on the CJP protestors being recognised by Delhi Police's facial recognition systems, Congress leader Hussain Dalwai says, ""Delhi Police can say anything. It's not that RSS or its people came there to spoil the protest, no, that's not the issue. But who"
838,2080890632315531332,15,"Come on middle class. 

#GenZWithBharat #NEET #Modi #Delhi #Dharmendrapradhan #SonamWangchuk #CJP #CJPMovement #AbhijeetDipke #CockroachJantaParty #Protest #India #ModiGovernment #BJP #genz #jantarmantar",Come on middle class. GenZWithBharat NEET Modi Delhi Dharmendrapradhan SonamWangchuk CJP CJPMovement AbhijeetDipke CockroachJantaParty Protest India ModiGovernment BJP genz jantarmantar
839,2080890624946114947,1,"@Kollywood_Aura @INCTamilNadu Its not a shit movie its a good movie, rather than giving voice for this fake protest I suggest you watch movie once with your family. And rral CJP warriors will take care of this in Delhi so you don’t worry beta🙂‍↔️","Its not a shit movie its a good movie, rather than giving voice for this fake protest I suggest you watch movie once with your family. And rral CJP warriors will take care of this in Delhi so you don’t worry beta🙂‍↔️"
840,2080890296792125938,4,"1) CJP Delhi protest has 3 clear demands and Ban NEET is NOT one of them

2) So how is demanding Ban NEET in Tamil Nadu called a supportive protest for CJP

3)  Pushing Ban NEET and singing about religious riots is this really a student support protest. https://t.co/Cj8SFK0O33",1) CJP Delhi protest has 3 clear demands and Ban NEET is NOT one of them 2) So how is demanding Ban NEET in Tamil Nadu called a supportive protest for CJP 3) Pushing Ban NEET and singing about religious riots is this really a student support protest.
841,2080889747636101265,8,"From Delhi Jantar Mantar To Whole India🇮🇳
#protest #cjp #cockroachjantaparty #jantarmantarprotest #delhiprotest 

@cockroachjantaparty @wangchuksworld @abhijeetdipke @dhruvrathee @joinprakashraj
@azmishabana18 @vishaldadlani @bhimarmychief

@cjp.delhiofficial @cjp_protest_mumba https://t.co/nxi1zuVxhN",From Delhi Jantar Mantar To Whole India🇮🇳 protest cjp cockroachjantaparty jantarmantarprotest delhiprotest .delhiofficial
842,2080889735166484751,30,"Delhi liquor shops to shut at 8 pm over the weekend amid student protests
 🪳✊ #CJP Protest #Live Updates ➠ https://t.co/uzcG4xQiaM 📋",Delhi liquor shops to shut at 8 pm over the weekend amid student protests 🪳✊ CJP Protest Live Updates ➠ 📋
843,2080889676811125012,5,18 Delhi Metro stations remain shut for fourth straight day amid CJP protest https://t.co/J3kPbPswIK,18 Delhi Metro stations remain shut for fourth straight day amid CJP protest
844,2080889549597647083,-1,"Jantar Mantar Protest LIVE: CJP leaders to meet govt for talks today, security tightened at protest site https://t.co/mUQHkvqvfW #news #inqalabNews https://t.co/ppmVQ2oo5N","Jantar Mantar Protest LIVE: CJP leaders to meet govt for talks today, security tightened at protest site news inqalabNews"
845,2080889040371683528,20,The Delhi Police has officially released CCTV footage from the  protest organized by the Cockroach Janta Party (CJP). The newly released videos aim to counter allegations of excessive police force by providing visual documentation of how the demonstration escalated into violence. https://t.co/UaFOaBZTqe,The Delhi Police has officially released CCTV footage from the protest organized by the Cockroach Janta Party (CJP). The newly released videos aim to counter allegations of excessive police force by providing visual documentation of how the demonstration escalated into violence.
846,2080888845571121207,15,"They are more educated than their rulers. It's #GenZ of #Subcontinent 

#GenZWithBharat #NEET #Modi #Delhi #Dharmendrapradhan #SonamWangchuk #CJP #CJPMovement #AbhijeetDipke #CockroachJantaParty #Protest #India #ModiGovernment #BJP #genz #jantarmantar",They are more educated than their rulers. It's GenZ of Subcontinent GenZWithBharat NEET Modi Delhi Dharmendrapradhan SonamWangchuk CJP CJPMovement AbhijeetDipke CockroachJantaParty Protest India ModiGovernment BJP genz jantarmantar
847,2080888718798287134,3,"Shameless Protest Girls part-2

This is 2nd Batch of CJP shit .They want to be famous lets make them famous.

-Abusing PM Modi. B*dwa
-Abusing Indian Armed forces.
-Abusing Delhi Force by N*mard.
-A hippo saying,""Modi can't m*sterbate so He beating children"".
-Want to make India https://t.co/JKh0pJXETn","Shameless Protest Girls part-2 This is 2nd Batch of CJP shit .They want to be famous lets make them famous. -Abusing PM Modi. B*dwa -Abusing Indian Armed forces. -Abusing Delhi Force by N*mard. -A hippo saying,""Modi can't m*sterbate so He beating children"". -Want to make India"
848,2080888700498751750,11,Breaking: CJP founder Abhijeet Deepak says he has been “typhoided” as Delhi Police tighten security at Jantar Mantar. Another round of talks with the government is expected today amid the ongoing NEET leak protest. #NEET #NEETPaperLeak #JantarMantar #DelhiPolice #CJP #IndiaNews,Breaking: CJP founder Abhijeet Deepak says he has been “typhoided” as Delhi Police tighten security at Jantar Mantar. Another round of talks with the government is expected today amid the ongoing NEET leak protest. NEET NEETPaperLeak JantarMantar DelhiPolice CJP IndiaNews
849,2080888662150320281,4,"The CJP protest is against NEET 2026 Paper Leak but there is not even one student who has appeared for NEET amongst the crowd - Why?

Because REAL students don’t have time for this nonsense &amp; are now busy with NEET counselling process

The entire Jantar Mantar precinct has become https://t.co/g2m3dBhAUV",The CJP protest is against NEET 2026 Paper Leak but there is not even one student who has appeared for NEET amongst the crowd - Why? Because REAL students don’t have time for this nonsense & are now busy with NEET counselling process The entire Jantar Mantar precinct has become
850,2080888275158307011,5,"The ongoing CJP protest in Delhi has started affecting school operations, with traffic restrictions and repeated Metro station closures causing travel disruptions. Several schools in Central Delhi, including RS Junior Modern School and Sardar Patel Vidyalaya, have shifted some https://t.co/DDFkVKAE7K","The ongoing CJP protest in Delhi has started affecting school operations, with traffic restrictions and repeated Metro station closures causing travel disruptions. Several schools in Central Delhi, including RS Junior Modern School and Sardar Patel Vidyalaya, have shifted some"
851,2080888204966961244,15,"Creativity 
#GenZWithBharat #NEET #Modi #Delhi #Dharmendrapradhan #SonamWangchuk #CJP #CJPMovement #AbhijeetDipke #CockroachJantaParty #Protest #India #ModiGovernment #BJP #genz #jantarmantar",Creativity GenZWithBharat NEET Modi Delhi Dharmendrapradhan SonamWangchuk CJP CJPMovement AbhijeetDipke CockroachJantaParty Protest India ModiGovernment BJP genz jantarmantar
852,2080887937391337525,11,"🎥 | Cockroach Janta Party (CJP) founder Abhijeet Dipke on Saturday shared an update on his health, saying he has been diagnosed with typhoid. Despite his illness, he asserted that the nationwide protests demanding the resignation of Union Minister Dharmendra Pradhan will https://t.co/a2CCJwJmKj","🎥 | Cockroach Janta Party (CJP) founder Abhijeet Dipke on Saturday shared an update on his health, saying he has been diagnosed with typhoid. Despite his illness, he asserted that the nationwide protests demanding the resignation of Union Minister Dharmendra Pradhan will"
853,2080887764904747408,-1,"VIDEO | Delhi: On CJP-led protest at Jantar Mantar, TMC MP Kirti Azad, says, ""The Modi government is cruel and ruthless. They are country's children, they haven't come here from Pakistan... they are not intruders.""

""My only appeal is that these are the country's children, coming https://t.co/UNk6t7AkBd","VIDEO | Delhi: On CJP-led protest at Jantar Mantar, TMC MP Kirti Azad, says, ""The Modi government is cruel and ruthless. They are country's children, they haven't come here from Pakistan... they are not intruders."" ""My only appeal is that these are the country's children, coming"
854,2080886707759743238,12,"Responding to Delhi Police's claim that its Facial Recognition System (FRS) identified over 2,000 people with criminal backgrounds at the Jantar Mantar protest, Cockroach Janta Party National Spokesperson Ashutosh Ranka said the party would release its own list of police https://t.co/oUvVFLrLYB","Responding to Delhi Police's claim that its Facial Recognition System (FRS) identified over 2,000 people with criminal backgrounds at the Jantar Mantar protest, Cockroach Janta Party National Spokesperson Ashutosh Ranka said the party would release its own list of police"
855,2080886012834914350,15,"It's awareness. 

#GenZWithBharat #NEET #Modi #Delhi #Dharmendrapradhan #SonamWangchuk #CJP #CJPMovement #AbhijeetDipke #CockroachJantaParty #Protest #India #ModiGovernment #BJP #genz #jantarmantar",It's awareness. GenZWithBharat NEET Modi Delhi Dharmendrapradhan SonamWangchuk CJP CJPMovement AbhijeetDipke CockroachJantaParty Protest India ModiGovernment BJP genz jantarmantar
856,2080885999492870519,21,Actress Akanksha Puri #exposed Paid #campaign behind #CJP Protest https://t.co/CKAC31HjsP,Actress Akanksha Puri exposed Paid campaign behind CJP Protest
857,2080885806529683493,27,"New Delhi - A Domino’s pizza delivery boy was allegedly mobbed and assaulted by protesters associated with Citizens for Justice and Peace (CJP) while attempting to deliver an order at Jantar Mantar, the delivery executive arrived at the protest site to drop off pizzas when a https://t.co/n8p9Zt9x90","New Delhi - A Domino’s pizza delivery boy was allegedly mobbed and assaulted by protesters associated with Citizens for Justice and Peace (CJP) while attempting to deliver an order at Jantar Mantar, the delivery executive arrived at the protest site to drop off pizzas when a"
858,2080885631253946377,1,"BIG BUZZ 🤯

Strong reports say Modi Govt may take an UNEXPECTED step to end the CJP protest. 

Some speculate the sudden 360° shift is linked to fresh intelligence inputs.

All eyes on Delhi now 🇮🇳

#ModiGovt #CJPProtest #BreakingNews #India #Politics",BIG BUZZ 🤯 Strong reports say Modi Govt may take an UNEXPECTED step to end the CJP protest. Some speculate the sudden 360° shift is linked to fresh intelligence inputs. All eyes on Delhi now 🇮🇳 ModiGovt CJPProtest BreakingNews India Politics
859,2080885481709957267,-1,"There is a cultural shift happening in Indian politics and journalism, and all of it has unfolded over the last few weeks on the sidelines of the CJP protest against the Education Minister in Delhi.

Ever since COVID-19, Instagram Reels have taken over people's daily lives like a https://t.co/6CSN3gyPax","There is a cultural shift happening in Indian politics and journalism, and all of it has unfolded over the last few weeks on the sidelines of the CJP protest against the Education Minister in Delhi. Ever since COVID-19, Instagram Reels have taken over people's daily lives like a"
860,2080884566215241858,12,"Big News: Delhi Police, using Facial Recognition System cameras identified over 2,000 individuals with criminal records who had gathered at Jantar Mantar. Out of them, 450+ were history-sheeters.

That says a lot about who chose to join the protest. https://t.co/m9Fh1ZRpaU","Big News: Delhi Police, using Facial Recognition System cameras identified over 2,000 individuals with criminal records who had gathered at Jantar Mantar. Out of them, 450+ were history-sheeters. That says a lot about who chose to join the protest."
861,2080884465371681278,25,"2 different videos but from same Protest..

1.  Threating Adityanath to resign because of some paper leak in UP

2.  Total silence, no comments when people' ask opinion on recent paper leak in AAP lead PUNJAB.

CJP IS AAP PROXY AND THEY ARE DOING THIS TO COME IN LIMELIGHT AND","2 different videos but from same Protest.. 1. Threating Adityanath to resign because of some paper leak in UP 2. Total silence, no comments when people' ask opinion on recent paper leak in AAP lead PUNJAB. CJP IS AAP PROXY AND THEY ARE DOING THIS TO COME IN LIMELIGHT AND"
862,2080884311461609726,22,"Delhi Police, stop harassing people.

You are detaining young people on their way to Jantar Mantar late at night without giving them meaningful access to legal assistance. You are also allegedly targeting those who merely distributed food at the protest site and threatening them","Delhi Police, stop harassing people. You are detaining young people on their way to Jantar Mantar late at night without giving them meaningful access to legal assistance. You are also allegedly targeting those who merely distributed food at the protest site and threatening them"
863,2080884244885524900,12,"🚨 BIG BREAKING 

Delhi Police's Facial Recognition System (FRS) IDENTIFIED 2,500+ people with CRIMINAL antecedents during the Jantar Mantar protest by matching live camera feeds with its database. https://t.co/6i6lVm9h2N","🚨 BIG BREAKING Delhi Police's Facial Recognition System (FRS) IDENTIFIED 2,500+ people with CRIMINAL antecedents during the Jantar Mantar protest by matching live camera feeds with its database."
864,2080884179886309557,5,"🔴Jantar Mantar protest LIVE  

'No point in talks without Pradhan's resignation': CJP spokesperson

18 Delhi Metro stations remain shut for fourth straight day amid CJP protest

@Cockroachisback @AshutoshRanka #CJPprotest
https://t.co/FIg2bMpNqS",🔴Jantar Mantar protest LIVE 'No point in talks without Pradhan's resignation': CJP spokesperson 18 Delhi Metro stations remain shut for fourth straight day amid CJP protest CJPprotest
865,2080883974235460019,6,"Nihang Sikhs are now beating CJP protesters at Jantar Mantar.

According to them, this is no longer a protest. It's a fair. People come here only to hurl abusive slogans, mess around, and throw stones or bottles at the police.

This is no longer a peaceful protest. They say https://t.co/7y1NOo8xq1","Nihang Sikhs are now beating CJP protesters at Jantar Mantar. According to them, this is no longer a protest. It's a fair. People come here only to hurl abusive slogans, mess around, and throw stones or bottles at the police. This is no longer a peaceful protest. They say"
866,2080883819411067308,3,"This Bimboo is Assam’s Disaster Management Minister @keshab_mahanta’s daughter. She first abused PM @narendramodi ji, now in another video she is saying that she is so proud of being part of the protest and stands with every issues raised by CJP. 
Fine that means she disagrees https://t.co/McMku7RyvP","This Bimboo is Assam’s Disaster Management Minister ’s daughter. She first abused PM ji, now in another video she is saying that she is so proud of being part of the protest and stands with every issues raised by CJP. Fine that means she disagrees"
867,2080883821189411037,9,"Delhi: Tight security arrangements are in place at Jantar Mantar amid the ongoing CJP protest over the paper leak.
https://t.co/2cBEUVhsAX",Delhi: Tight security arrangements are in place at Jantar Mantar amid the ongoing CJP protest over the paper leak.
868,2080883542012330084,17,"@CJP_for_India 📌📌📌

CJP must seek compensation for students brutalised by Delhi police during protest. Pellet guns are meant for terrorists, not students.","📌📌📌 CJP must seek compensation for students brutalised by Delhi police during protest. Pellet guns are meant for terrorists, not students."
869,2080883216420897132,24,"Pakistani handles are sharing a digitally manipulated video falsely portraying NDTV news anchor @SehgalRahesha as reporting that Punjab Police personnel refused deployment orders in Delhi amid the CJP protest unrest. In reality, the anchor's clip was lifted from an NDTV broadcast https://t.co/J1T7grDasy","Pakistani handles are sharing a digitally manipulated video falsely portraying NDTV news anchor as reporting that Punjab Police personnel refused deployment orders in Delhi amid the CJP protest unrest. In reality, the anchor's clip was lifted from an NDTV broadcast"
870,2080882824874451105,22,"Last night, the Delhi Police detained five Muslim students from Jamia University who were returning from the Jantar Mantar protest. Social activist Zeba Khan secured their release after chasing down the police vehicle. #cjp #delhipolice https://t.co/K0E7uzid1a","Last night, the Delhi Police detained five Muslim students from Jamia University who were returning from the Jantar Mantar protest. Social activist Zeba Khan secured their release after chasing down the police vehicle. cjp delhipolice"
871,2080882787683598615,2,Bharatiya Kisan Union (Ekta Ugrahan) has announced that it will join the ongoing students' protest at Jantar Mantar in Delhi. The farmers' union will march to the national capital on July 27 and has said its members will remain in Delhi until the students' demands are accepted. https://t.co/fRquMkztFM,Bharatiya Kisan Union (Ekta Ugrahan) has announced that it will join the ongoing students' protest at Jantar Mantar in Delhi. The farmers' union will march to the national capital on July 27 and has said its members will remain in Delhi until the students' demands are accepted.
872,2080881213678731647,3,"""These protestors want to turn India into Bangladesh and Nepal,"" and ""We'll beat them black and blue,"" are some of the statements made by Hindutva miscreants who have taken their online vitriol onto the streets of Delhi to mobilise a 'counter-protest' against CJP-led youth https://t.co/POrzky3ONX","""These protestors want to turn India into Bangladesh and Nepal,"" and ""We'll beat them black and blue,"" are some of the statements made by Hindutva miscreants who have taken their online vitriol onto the streets of Delhi to mobilise a 'counter-protest' against CJP-led youth"
873,2080880593144041528,13,Sonam Wangchuk LIVE 🔴 Explains Why He Ended His 26-Day Hunger Strike | CJP | Delhi Students Protest #SonamWangchuk#NEET#HungerStrike#CJP#LiveNews https://t.co/FzWYr6L2iH,Sonam Wangchuk LIVE 🔴 Explains Why He Ended His 26-Day Hunger Strike | CJP | Delhi Students Protest SonamWangchukNEETHungerStrikeCJPLiveNews
874,2080880506871406746,26,"For any such Police harassment , Legal Advice related to GenZ / CJP protest

Plz send Wattsapp Message on Free Helpline 8588833548","For any such Police harassment , Legal Advice related to GenZ / CJP protest Plz send Wattsapp Message on Free Helpline 8588833548"
875,2080880291380592843,4,"@VKreflections @MacroMatrix1 CJP Delhi demands a fair NEET while CJP Chennai demands a ban on NEET. Did you listen to his full speech? He covered all the issues related to NEET and the protest. Additionally, he also addressed the Tamil Nadu govt’s lack of action on Dalit issues in his own stage.","CJP Delhi demands a fair NEET while CJP Chennai demands a ban on NEET. Did you listen to his full speech? He covered all the issues related to NEET and the protest. Additionally, he also addressed the Tamil Nadu govt’s lack of action on Dalit issues in his own stage."
876,2080880136308523086,1,"@INCIndia Le Delhi police:- ""no pallet guns were used, no tear gas were use at cjp protest  this are all falce claims and totally misleading ""
Shame on you delhi police atleast have guts to acknowledge","Le Delhi police:- ""no pallet guns were used, no tear gas were use at cjp protest this are all falce claims and totally misleading "" Shame on you delhi police atleast have guts to acknowledge"
877,2080880039286255866,1,"Madam I would like to ask a simple question.

What if the Central Govt agrees to the demand of CJP? The Protest in Delhi will be called off. Likewise in TN the protest organised by CJP also will be called off. 

What about others who are asking #BanNeet?",Madam I would like to ask a simple question. What if the Central Govt agrees to the demand of CJP? The Protest in Delhi will be called off. Likewise in TN the protest organised by CJP also will be called off. What about others who are asking BanNeet?
878,2080879735836639607,-1,"Congress leader Mani Shankar brings up Delhi Riots 2020 Key Accused Umar Khalid and Sharjeel Imam from #CJP protest stage.
Wht do they got to do wit #NEET aspirants? 😐 https://t.co/H76SkOCtaY",Congress leader Mani Shankar brings up Delhi Riots 2020 Key Accused Umar Khalid and Sharjeel Imam from CJP protest stage. Wht do they got to do wit NEET aspirants? 😐
879,2080879653183783082,4,"@Xityouerg @OGprasanna Didnt u see TVK also firm on NEET BAn 

CJP TN is just a proxy 
CJP delhi doesnt even know these fake ppl and their motives

A page started merely to gain followers during the cockroach viral time suddenly acts as if its original. 

Can you or any 1 in protest tell who is admin? https://t.co/I3pG8UYNga",Didnt u see TVK also firm on NEET BAn CJP TN is just a proxy CJP delhi doesnt even know these fake ppl and their motives A page started merely to gain followers during the cockroach viral time suddenly acts as if its original. Can you or any 1 in protest tell who is admin?
880,2080879286354128979,9,"VIDEO | Delhi: Security remains tight at Jantar Mantar amid CJP protest over paper leak.

(Full video available on PTI Videos - https://t.co/n147TvrpG7) https://t.co/ojZnHbGdYG",VIDEO | Delhi: Security remains tight at Jantar Mantar amid CJP protest over paper leak. (Full video available on PTI Videos -
881,2080879266590589171,32,"#Constable_Joins_Student_Protest_Resigned_job

Constable Sher Singh Joins Student Protest : Constable Sher Singh Joins Student Protest

#delhi  : #UttarakhandPolice  constable Sher Singh reportedly arrived at #JantarMantar  and handed his resignation letter to student leader https://t.co/0hieAmdvy3",Constable_Joins_Student_Protest_Resigned_job Constable Sher Singh Joins Student Protest : Constable Sher Singh Joins Student Protest delhi : UttarakhandPolice constable Sher Singh reportedly arrived at JantarMantar and handed his resignation letter to student leader
882,2080878819112796605,0,"▶️ #WATCH | Protest against the NEET paper leak and demands for the resignation of Education Minister Dharmendra Pradhan continue unabated.

➡️ On one hand, students begin arriving at Jantar Mantar early in the morning; on the other, crowds of people have gathered along the https://t.co/7UaYNwwRNy","▶️ WATCH | Protest against the NEET paper leak and demands for the resignation of Education Minister Dharmendra Pradhan continue unabated. ➡️ On one hand, students begin arriving at Jantar Mantar early in the morning; on the other, crowds of people have gathered along the"
883,2080878706214764886,6,"Abhijeet Dipke: The BJP has sent goons and hooligans in the CJP protest who were responsible for the stone pelting and attack on police.

Then why was your Paw Paw, Aravind Kejriwal sitting at the Delhi Police station,with his team, for securing their release, Dipke ???? https://t.co/AfM7qrc8nh","Abhijeet Dipke: The BJP has sent goons and hooligans in the CJP protest who were responsible for the stone pelting and attack on police. Then why was your Paw Paw, Aravind Kejriwal sitting at the Delhi Police station,with his team, for securing their release, Dipke ????"
884,2080878420360323543,4,"@Xityouerg @OGprasanna Tell me 1 think if you r protesting for the violence against students alone and resignation of education minister 
everyone would have joined the protest

The difference in motive btw CJP delhi and a PROXY CJP TN 
makes common ppl think what are these fools up to",Tell me 1 think if you r protesting for the violence against students alone and resignation of education minister everyone would have joined the protest The difference in motive btw CJP delhi and a PROXY CJP TN makes common ppl think what are these fools up to
885,2080878349820260476,30,"Delhi Wine Shop Closed | ਰਾਤ 8 ਵਜੇ ਬੰਦ ਹੋਣਗੇ ਸ਼ਰਾਬ ਦੇ ਠੇਕੇ  | CJP Protest | BJP Government | News18

#delhinews #bjpgovernment #cjpprotest #news18punjab https://t.co/fGHWxUYLeA",Delhi Wine Shop Closed | ਰਾਤ 8 ਵਜੇ ਬੰਦ ਹੋਣਗੇ ਸ਼ਰਾਬ ਦੇ ਠੇਕੇ | CJP Protest | BJP Government | News18 delhinews bjpgovernment cjpprotest news18punjab
886,2080877951852179593,4,"Is this student protest? I wonder her parents, what they are going to do?
#cjp #studentprotest #delhi #JantarMantarUpdates https://t.co/qhVmGBg8lq","Is this student protest? I wonder her parents, what they are going to do? cjp studentprotest delhi JantarMantarUpdates"
887,2080877949654331883,14,"Delhi Police have registered an FIR in connection with the violence during the student protest near Rail Bhavan. The FIR invokes multiple charges, including attempt to murder and assault on public servants. Police have also said they are using facial recognition technology to https://t.co/HRagGdsg2v","Delhi Police have registered an FIR in connection with the violence during the student protest near Rail Bhavan. The FIR invokes multiple charges, including attempt to murder and assault on public servants. Police have also said they are using facial recognition technology to"
888,2080877415224807781,11,"In a social media post, CJP founder Abhijeet Dipke said he has been diagnosed with typhoid, but the fight will go on until Dharmendra Pradhan resigns.

🔗https://t.co/DL4yEmLFJp https://t.co/g2R7ncBeu6","In a social media post, CJP founder Abhijeet Dipke said he has been diagnosed with typhoid, but the fight will go on until Dharmendra Pradhan resigns. 🔗"
889,2080877323419791382,-1,"This kid is literally becoming a nightmare for left Liberals 🔥

He is EXPOSING CJP Protest left right and centre with deep research 🔥

Liberals tried to silence him by copyright strike but now he’s ROASTING them at 10x speed.

More power to him 🙌🔥 https://t.co/ohkpE6nK3K",This kid is literally becoming a nightmare for left Liberals 🔥 He is EXPOSING CJP Protest left right and centre with deep research 🔥 Liberals tried to silence him by copyright strike but now he’s ROASTING them at 10x speed. More power to him 🙌🔥
890,2080876899992322346,5,"STORY | 18 Delhi Metro stations remain shut for fourth straight day amid CJP protest

Eighteen Delhi Metro stations in central Delhi remained closed for the fourth straight day on Saturday due to security concerns amid the ongoing Cockroach Janta Party (CJP) protest near the https://t.co/ShVEgl7lpM",STORY | 18 Delhi Metro stations remain shut for fourth straight day amid CJP protest Eighteen Delhi Metro stations in central Delhi remained closed for the fourth straight day on Saturday due to security concerns amid the ongoing Cockroach Janta Party (CJP) protest near the
891,2080876300668154137,2,"Protest join karne ke liye thank you @dhruv_rathee 🙌

#CJP #JantarMantar #Protest #Delhi https://t.co/OSwLUxTqtw",Protest join karne ke liye thank you 🙌 CJP JantarMantar Protest Delhi
892,2080876055154372962,9,"☀Delhi: Jantar Mantar completely barricaded and sealed as CJP-led protest continues; heavy security deployed at the site.

☀AI deepfake video of Union Minister Piyush Goyal circulating on social media. Govt says many links taken down.

☀Dipke posts: Have been diagnosed with https://t.co/fMgrtxXTx3",☀Delhi: Jantar Mantar completely barricaded and sealed as CJP-led protest continues; heavy security deployed at the site. ☀AI deepfake video of Union Minister Piyush Goyal circulating on social media. Govt says many links taken down. ☀Dipke posts: Have been diagnosed with
893,2080875999944909122,5,"For the fourth consecutive day, 18 Delhi Metro stations in central Delhi remain closed due to heightened security around the ongoing CJP protest near Jantar Mantar. 

Services are suspended from 7:30 AM until further notice, while interchange facilities remain available at Rajiv https://t.co/gRqQhn35SC","For the fourth consecutive day, 18 Delhi Metro stations in central Delhi remain closed due to heightened security around the ongoing CJP protest near Jantar Mantar. Services are suspended from 7:30 AM until further notice, while interchange facilities remain available at Rajiv"
894,2080875539565629489,14,"🚨 Students Protest:  130 police personnel were injured, 15 FIRs have been registered, and about 65 students were injured during the protest. Around 10,000 people, on average, are present at and around Jantar Mantar, where 3,000 police personnel have been deployed: Delhi Police https://t.co/SUNsiXbaTw","🚨 Students Protest: 130 police personnel were injured, 15 FIRs have been registered, and about 65 students were injured during the protest. Around 10,000 people, on average, are present at and around Jantar Mantar, where 3,000 police personnel have been deployed: Delhi Police"
895,2080875398544740837,21,"Actress Akanksha Puri exposed Paid campaign behind #CJP Protest
#cjp_ही_aap_है #Delhi #Paidcampaign https://t.co/5ggMpR1FHu",Actress Akanksha Puri exposed Paid campaign behind CJP Protest cjp_ही_aap_है Delhi Paidcampaign
896,2080874462392856665,-1,"They were expecting people to criticize Modi Ji, but this elderly man’s reaction was completely unexpected. #cjp #delhi #protest #congress #narendramodi @narendramodi ji https://t.co/dgMi2PsQfN","They were expecting people to criticize Modi Ji, but this elderly man’s reaction was completely unexpected. cjp delhi protest congress narendramodi ji"
897,2080874459720720427,-1,"Bundi, Rajasthan. Torches lit up the streets at midnight.
23 lakh students. One leaked paper. One minister still in office.
This protest isn't just Delhi.
#NEETLeak #DharmendrapradhanMustResign #CJP #BundiProtest #NEET2026 #StudentsMatter #IndiaProtests
@thewire_in @scroll_in","Bundi, Rajasthan. Torches lit up the streets at midnight. 23 lakh students. One leaked paper. One minister still in office. This protest isn't just Delhi. NEETLeak DharmendrapradhanMustResign CJP BundiProtest NEET2026 StudentsMatter IndiaProtests"
898,2080874324463104301,-1,"@GaziOmer5 , a member of CJP Kashmir, has issued a statement on ""Godi media"" regarding the Jantar Mantar protest, condemning the Delhi Police's actions against peaceful demonstrators.
#cjp 
#jantarmantar #dharmendrapradhanresign https://t.co/7hLjZ3OoqQ",", a member of CJP Kashmir, has issued a statement on ""Godi media"" regarding the Jantar Mantar protest, condemning the Delhi Police's actions against peaceful demonstrators. cjp jantarmantar dharmendrapradhanresign"
899,2080873796295340520,9,"VIDEO | Delhi: Jantar Mantar completely barricaded and sealed as CJP-led protest continues; heavy security deployed at the site.

(Full video  available on PTI Videos - https://t.co/n147TvrpG7) https://t.co/mbg7pNdlKh",VIDEO | Delhi: Jantar Mantar completely barricaded and sealed as CJP-led protest continues; heavy security deployed at the site. (Full video available on PTI Videos -
900,2080873662488723760,25,"A man asked Abhijeet Dipke about paper leak in Punjab.

Abhijeet Dipke answered in a very general way and then ignored him.

A girl asked Abhijeet Dipke to remove Samrat Choudhary from  Bihar as she didn't choose him as CM of Bihar 💅

Abhijeet Dipke: Yes, we will protest in https://t.co/PlT4fiwU6l","A man asked Abhijeet Dipke about paper leak in Punjab. Abhijeet Dipke answered in a very general way and then ignored him. A girl asked Abhijeet Dipke to remove Samrat Choudhary from Bihar as she didn't choose him as CM of Bihar 💅 Abhijeet Dipke: Yes, we will protest in"
901,2080873365385224658,-1,"The cockroach movement began over paper leaks and student suicides and the terrible testing system. 

Currently, some sort of conversations are happening with the govt on these issues including the resignation of Dharmendra Pradhan. 

But out on the streets of Delhi on July 20","The cockroach movement began over paper leaks and student suicides and the terrible testing system. Currently, some sort of conversations are happening with the govt on these issues including the resignation of Dharmendra Pradhan. But out on the streets of Delhi on July 20"
902,2080873227044438126,-1,"@PoornimaNimo They were expecting people to criticize Modi Ji, but this elderly man’s reaction was completely unexpected. #cjp #delhi #protest #congress #narendramodi https://t.co/hD1ByekNcy","They were expecting people to criticize Modi Ji, but this elderly man’s reaction was completely unexpected. cjp delhi protest congress narendramodi"
903,2080873176750227546,5,"The Delhi Metro Rail Corporation (DMRC) has announced the closure of 18 metro stations from 7:30 AM on Saturday until further notice amid the ongoing CJP-led protest. However, interchange facilities will remain operational at Rajiv Chowk, Mandi House and Central Secretariat for https://t.co/zvsTdYax9w","The Delhi Metro Rail Corporation (DMRC) has announced the closure of 18 metro stations from 7:30 AM on Saturday until further notice amid the ongoing CJP-led protest. However, interchange facilities will remain operational at Rajiv Chowk, Mandi House and Central Secretariat for"
904,2080873141820387759,1,"Here comes trouble !!🔥

The Delhi High Court grants an NGO permission to file a case of recovery of compensation due to damage of public &amp; private property by the CJP protestors.
(Those who have vandalised public or private property should be made liable to compensate for the https://t.co/ptQViFbg1z",Here comes trouble !!🔥 The Delhi High Court grants an NGO permission to file a case of recovery of compensation due to damage of public & private property by the CJP protestors. (Those who have vandalised public or private property should be made liable to compensate for the
905,2080873048723632368,-1,"They were expecting people to criticize Modi Ji, but this elderly man’s reaction was completely unexpected. #cjp #delhi #protest #congress #narendramodi https://t.co/9SkdCqYukZ","They were expecting people to criticize Modi Ji, but this elderly man’s reaction was completely unexpected. cjp delhi protest congress narendramodi"
906,2080872398690373889,-1,"CJP Protest News LIVE Updates: PM Modi posts ‘thanks friends’ Instagram reel after paper leak selfie video, 18 Delhi Metro stations shut today

READ MORE➡️https://t.co/aRYefRpb2n

#CJPProtest #PMModi #InstagramReel #SocialMedia #PaperLeakCase #DelhiMetro

https://t.co/oHrkXbXdCK","CJP Protest News LIVE Updates: PM Modi posts ‘thanks friends’ Instagram reel after paper leak selfie video, 18 Delhi Metro stations shut today READ MORE➡️ CJPProtest PMModi InstagramReel SocialMedia PaperLeakCase DelhiMetro"
907,2080872155886325902,14,"Students protest in Delhi | Delhi Police Sources say - 130 Police personnel have been injured. 15 FIRs have been registered. About 65 students were injured in the protest. Around 10,000 people on average are present at and around Jantar Mantar, 3000 Police personnel deployed https://t.co/eI8csRNQdR","Students protest in Delhi | Delhi Police Sources say - 130 Police personnel have been injured. 15 FIRs have been registered. About 65 students were injured in the protest. Around 10,000 people on average are present at and around Jantar Mantar, 3000 Police personnel deployed"
908,2080871461682893119,-1,"Umar Khalid and Sharjeel celebrated and eulogised in front of Abhijit Dipke- on the official platform of CJP…

What is their connection in NEET protest? 🧐 https://t.co/SWTjZMdwVq",Umar Khalid and Sharjeel celebrated and eulogised in front of Abhijit Dipke- on the official platform of CJP… What is their connection in NEET protest? 🧐
909,2080869784795680915,1,"@Bring_congress Dmk hijack ila, openly they support the protest ,kanimozhi and other mps participated in the cjp protest in Delhi🪧.","Dmk hijack ila, openly they support the protest ,kanimozhi and other mps participated in the cjp protest in Delhi🪧."
910,2080869294364139957,16,"VIDEO | CJP protest in Delhi: CJP spokesperson Ashutosh Ranka says, ""We expect to receive a written agreement today on the issues of compensation and legal action. We also expect a response to the core demand of this movement, the resignation of Union Education Minister https://t.co/SRJVhcvSNF","VIDEO | CJP protest in Delhi: CJP spokesperson Ashutosh Ranka says, ""We expect to receive a written agreement today on the issues of compensation and legal action. We also expect a response to the core demand of this movement, the resignation of Union Education Minister"
911,2080868343209181447,14,"CJP Protest Probe

Delhi Police steps up investigation: 15 FIRs registered in the case.

@Priyanktripathi joins @anchoramitaw with more updates. https://t.co/JuOmhc9WAs",CJP Protest Probe Delhi Police steps up investigation: 15 FIRs registered in the case. joins with more updates.
912,2080868238381191541,3,"He is Vibhu Gautam.
He made abusive remarks against the Indian Army during the CJP protest.
After his video went viral, some people decided that he should be handed over to the police. However, when they went to his house, they found out that his father is disabled. Seeing his https://t.co/dhuid8IEVc","He is Vibhu Gautam. He made abusive remarks against the Indian Army during the CJP protest. After his video went viral, some people decided that he should be handed over to the police. However, when they went to his house, they found out that his father is disabled. Seeing his"
913,2080867498665398535,11,"Government, CJP to meet again for 3rd round of talks; Dipke says diagnosed with typhoid

Track CJP protest today LIVE updates: https://t.co/ibmLn9vHyt https://t.co/C14voEFZaI","Government, CJP to meet again for 3rd round of talks; Dipke says diagnosed with typhoid Track CJP protest today LIVE updates:"
914,2080867313621012750,22,"STUDENTS RETURNING FROM PROTEST DETAINED NEAR JAMIA !!!

5 students returning from the CJP protest at Jantar Mantar were allegedly detained by police near Jamia before being released following intervention by activists and journalists.

But this was not an isolated incident. https://t.co/DmclCYqiww",STUDENTS RETURNING FROM PROTEST DETAINED NEAR JAMIA !!! 5 students returning from the CJP protest at Jantar Mantar were allegedly detained by police near Jamia before being released following intervention by activists and journalists. But this was not an isolated incident.
915,2080867050709492067,9,"24/07/26 - Was at Jantar Mantar protest for around 8 hours, 3 to 11 pm &amp; I have never felt safer in Delhi. They made such good arrangements for women’s security - something which even government has failed to provide. Normally you can’t step outside after sunset in Delhi without https://t.co/M8vE27nFEx","24/07/26 - Was at Jantar Mantar protest for around 8 hours, 3 to 11 pm & I have never felt safer in Delhi. They made such good arrangements for women’s security - something which even government has failed to provide. Normally you can’t step outside after sunset in Delhi without"
916,2080866959013658722,4,"The CJP protest is the first time the Indian public got to witness what modern Gen Z girls in India are like.

Good luck having a happy married life with them.

The way they talk, abuse others, and behave. You can't expect a better future from them.","The CJP protest is the first time the Indian public got to witness what modern Gen Z girls in India are like. Good luck having a happy married life with them. The way they talk, abuse others, and behave. You can't expect a better future from them."
917,2080866487951315130,-1,"People in Melbourne unite for students in India.
Large show of support from Australia with strong voices for the student protest in New Delhi as people gather in the Victoria capital’s Fed Square braving the cold weather. Video ⁦@SBSNews⁩ 
#Australia ⁦#CJP #Studentpower https://t.co/B4sNuPWPYC",People in Melbourne unite for students in India. Large show of support from Australia with strong voices for the student protest in New Delhi as people gather in the Victoria capital’s Fed Square braving the cold weather. Video ⁦⁩ Australia ⁦CJP Studentpower
918,2080865970193842661,0,"CJP Protest News LIVE Updates: CJP-Centre 3rd round of talks today; Pradhan's resignation in focus; Delhi Metro curbs continue &amp; other top developments
https://t.co/ssbS4uNASc",CJP Protest News LIVE Updates: CJP-Centre 3rd round of talks today; Pradhan's resignation in focus; Delhi Metro curbs continue & other top developments
919,2080864917012570146,8,"VIDEO | Delhi: NCP (SP) spokesperson Anish Gawande on CJP-led Jantar Mantar protest, says, ""The only way forward is dialogue. There are thousands of people still out on the streets of New Delhi. Yesterday, more than 100 cities saw protests for the Cockroach Janta Party, for https://t.co/VJT763457n","VIDEO | Delhi: NCP (SP) spokesperson Anish Gawande on CJP-led Jantar Mantar protest, says, ""The only way forward is dialogue. There are thousands of people still out on the streets of New Delhi. Yesterday, more than 100 cities saw protests for the Cockroach Janta Party, for"
920,2080864156690055501,-1,"The bride who went to the CJP protest and went viral.

She has already been married for a long time.

And the media easily got fooled by her.

These girls go there to gain followers and views.

They don't care about paper leaks or the protest. https://t.co/21UUZJrbVb",The bride who went to the CJP protest and went viral. She has already been married for a long time. And the media easily got fooled by her. These girls go there to gain followers and views. They don't care about paper leaks or the protest.
921,2080863189689131111,-1,"#Delhi Police Officer Vivek Bhagat , who got injured in CJP protest , hails from #Jammu

https://t.co/CgHTFHes0G https://t.co/BOgmS0EaQE","Delhi Police Officer Vivek Bhagat , who got injured in CJP protest , hails from Jammu"
922,2080861598185640247,12,"🚨 BIG 🚨

Delhi Police uses AI facial recognition to identify 400+ alleged RIOTERS from protest videos💥

Police video footages, raw content, and CCTV clips are being thoroughly monitored. https://t.co/iuyyCovf0L","🚨 BIG 🚨 Delhi Police uses AI facial recognition to identify 400+ alleged RIOTERS from protest videos💥 Police video footages, raw content, and CCTV clips are being thoroughly monitored."
923,2080860939755442374,27,"One little kid came to the CJP protest to sell food and earn money to feed his family, but some CJP supporters threw it away, causing him a loss of ₹1,000.

He was standing there crying, but then one kind man came, gave him ₹2,000, and requested that he go home.

These https://t.co/WuR7fyXNuZ","One little kid came to the CJP protest to sell food and earn money to feed his family, but some CJP supporters threw it away, causing him a loss of ₹1,000. He was standing there crying, but then one kind man came, gave him ₹2,000, and requested that he go home. These"
924,2080860456106049641,12,🔴#NewsAlert | Delhi's Jantar Mantar protest probe: 400 'criminals' detected between 20 July and 24 July via facial recognition system; 15 FIRs lodged: Delhi police sources to NDTV,🔴NewsAlert | Delhi's Jantar Mantar protest probe: 400 'criminals' detected between 20 July and 24 July via facial recognition system; 15 FIRs lodged: Delhi police sources to NDTV
925,2080859732349468811,9,"The Centre has reinforced security in Delhi by deploying additional CRPF and other Central Armed Police Forces as the CJP-led protest over the NEET paper leak continues at Jantar Mantar. The move comes amid prolonged demonstrations, fresh rounds of talks with the government and https://t.co/T2AZiZYKaZ","The Centre has reinforced security in Delhi by deploying additional CRPF and other Central Armed Police Forces as the CJP-led protest over the NEET paper leak continues at Jantar Mantar. The move comes amid prolonged demonstrations, fresh rounds of talks with the government and"
926,2080858669475074228,13,"Where is the Protest headed?

With Sonam Wangchuk breaking his fast, the protest could soon fizzle out into oblivion, or could get charged into something bigger than a paper leak and lead to an actual revolution.
Why ""Follow the Process"" Misses the Point
Refuting some common","Where is the Protest headed? With Sonam Wangchuk breaking his fast, the protest could soon fizzle out into oblivion, or could get charged into something bigger than a paper leak and lead to an actual revolution. Why ""Follow the Process"" Misses the Point Refuting some common"
927,2080858544237343084,3,SFI-CJP bought the full dehati brigade from Park Circus-Moulali in yesterday's protest. See how they are harassing Journalist @SreyashiDey. https://t.co/ZqKHBJay2W,SFI-CJP bought the full dehati brigade from Park Circus-Moulali in yesterday's protest. See how they are harassing Journalist .
928,2080858140141298120,-1,"@gauravsabnis @horsemenshipX How can you be so naive? CJP suspiciously gained followers, suspiciously got permission to protest at JM, where NSUI and Kisans are waiting outside Delhi? Yeh 3 lodu log secretly jaa jaa ke kisse milte hain? Wangchuk to pahle se hi suspicious hai...","How can you be so naive? CJP suspiciously gained followers, suspiciously got permission to protest at JM, where NSUI and Kisans are waiting outside Delhi? Yeh 3 lodu log secretly jaa jaa ke kisse milte hain? Wangchuk to pahle se hi suspicious hai..."
929,2080858032658067716,-1,"#Delhi

The National Students' Union of India (NSUI) held a protest in solidarity with the ongoing demonstrations over the NEET paper leak.

#NSUI
#CJP
#CJPProtest
#JantarMantar
#DelhiProtest
#StudentsProtest
#YouthVoices
#JusticeForStudents
#ExamReforms
#PaperLeak
#NewDelhi https://t.co/LfMiiRmSTU",Delhi The National Students' Union of India (NSUI) held a protest in solidarity with the ongoing demonstrations over the NEET paper leak. NSUI CJP CJPProtest JantarMantar DelhiProtest StudentsProtest YouthVoices JusticeForStudents ExamReforms PaperLeak NewDelhi
930,2080857247593418768,6,"@malviyapankaj I dont know why you keep shifting from CJP protest.
But if you talk of the whole country then even I can use delhi riots, kashmir stone pelting etc. As proof of deserved police attacks. 
That wouldn't be nice now would it? Just how some random vid from south you used.","I dont know why you keep shifting from CJP protest. But if you talk of the whole country then even I can use delhi riots, kashmir stone pelting etc. As proof of deserved police attacks. That wouldn't be nice now would it? Just how some random vid from south you used."
931,2080857209089781798,0,"Govt Asks for a Day to Respond to Pradhan Exit Demand, Says CJP
The Centre has sought time until Saturday afternoon to respond to the Cockroach Janta Party's (CJP) demand for the resignation of Union Education Minister Dharmendra Pradhan following the second round of talks https://t.co/xHwutqmmLL","Govt Asks for a Day to Respond to Pradhan Exit Demand, Says CJP The Centre has sought time until Saturday afternoon to respond to the Cockroach Janta Party's (CJP) demand for the resignation of Union Education Minister Dharmendra Pradhan following the second round of talks"
932,2080857131096633350,13,"CJP protest LIVE updates: No deal with Centre, ended fast fearing crackdown like Ladakh, says Sonam Wangchuk https://t.co/rzYzqwj7IQ","CJP protest LIVE updates: No deal with Centre, ended fast fearing crackdown like Ladakh, says Sonam Wangchuk"
933,2080856977308332480,13,"When the police took Sonam Wangchuk from the CJP protest site to the hospital on the 21st day of his hunger strike, this video is from inside the hospital after that.

Look at how he is walking with his hands in his pockets, arguing loudly with the police officers. He forcefully https://t.co/WK0E4Gfo3r","When the police took Sonam Wangchuk from the CJP protest site to the hospital on the 21st day of his hunger strike, this video is from inside the hospital after that. Look at how he is walking with his hands in his pockets, arguing loudly with the police officers. He forcefully"
934,2080856778330279936,4,"Urgent attention is needed regarding the CJP Tamil Nadu protest.

@abhijeet_dipke @Wangchuk66 @Cockroachisback @CJP_for_India 

Please review what is happening under the CJP banner in Tamil Nadu.  A protest supposedly demanding a fair NEET has been diverted into personal attacks https://t.co/syI1GabwQj",Urgent attention is needed regarding the CJP Tamil Nadu protest. Please review what is happening under the CJP banner in Tamil Nadu. A protest supposedly demanding a fair NEET has been diverted into personal attacks
935,2080855967500316900,0,"#Mumbai

Comedian Kunal Kamra joined a protest at #ShivajiPark, where demonstrators demanded the #Resignation of the Union Education Minister over the NEET examination controversy.

#Mumbai
#Maharashtra
#KunalKamra
#CJP
#CJPProtest
#JantarMantar
#DelhiProtest
#StudentsProtest https://t.co/y6vYxPfaBi","Mumbai Comedian Kunal Kamra joined a protest at ShivajiPark, where demonstrators demanded the Resignation of the Union Education Minister over the NEET examination controversy. Mumbai Maharashtra KunalKamra CJP CJPProtest JantarMantar DelhiProtest StudentsProtest"
936,2080855801007350139,5,"VIDEO | Delhi: Central Secretariat Metro Station Gates 2 and 4 closed, Gate 3 open for exit only amid CJP protest. 

(Full video available on PTI Videos - https://t.co/n147TvrpG7) https://t.co/lBEm6srQoB","VIDEO | Delhi: Central Secretariat Metro Station Gates 2 and 4 closed, Gate 3 open for exit only amid CJP protest. (Full video available on PTI Videos -"
937,2080855582425174385,5,"CJP Protest LIVE: 17 Delhi Metro stations closed; NTA terminates 47 officials, CJP launches https://t.co/TftkrpNQkl

Read More: https://t.co/P3NsODEBSP 

#CJPprotest
#NEETpaperleak
#EducationNews https://t.co/Iu9RaptU63","CJP Protest LIVE: 17 Delhi Metro stations closed; NTA terminates 47 officials, CJP launches Read More: CJPprotest NEETpaperleak EducationNews"
938,2080854900976791895,5,"@thewire_in As New Delhi metro station is closed, people coming from other states and wanting to go to other places using metro, can't go anywhere. So they have no option but to walk to Jantar Mantar and join the protest. 😀
#JantarMantar 
#CJP 
#DelhiMetro","As New Delhi metro station is closed, people coming from other states and wanting to go to other places using metro, can't go anywhere. So they have no option but to walk to Jantar Mantar and join the protest. 😀 JantarMantar CJP DelhiMetro"
939,2080854879548195106,-1,"Neha Bora of AISA represents the GenZ student protest far better than Dipke, Ranka and Das.

She is genuine, sincere, articulate and does not have any ulterior agenda like Sonam Wangchuk or CJP leaders.

She should be the GenZ representative in all talks. https://t.co/Ble9vUZw7C","Neha Bora of AISA represents the GenZ student protest far better than Dipke, Ranka and Das. She is genuine, sincere, articulate and does not have any ulterior agenda like Sonam Wangchuk or CJP leaders. She should be the GenZ representative in all talks."
940,2080854597762269560,0,"#Pune

Thousands joined the CJP protest, turning it into one of the country's largest student-led movements. Protesters vowed to continue their agitation until Union Education Minister Dharmendra Pradhan resigns.

#Pune
#StudentMovement
#Maharashtra
#CJP
#CJPProtest
#JantarMantar https://t.co/SjBHfEevhS","Pune Thousands joined the CJP protest, turning it into one of the country's largest student-led movements. Protesters vowed to continue their agitation until Union Education Minister Dharmendra Pradhan resigns. Pune StudentMovement Maharashtra CJP CJPProtest JantarMantar"
941,2080854368044405144,5,"As New Delhi metro station is closed, people coming from other states and wanting to go to other places using metro, can't go anywhere. So they have no option but to walk to Jantar Mantar and join the protest. 😀
#JantarMantar 
#CJP 
#DelhiMetro","As New Delhi metro station is closed, people coming from other states and wanting to go to other places using metro, can't go anywhere. So they have no option but to walk to Jantar Mantar and join the protest. 😀 JantarMantar CJP DelhiMetro"
942,2080854127068827760,5,"@OfficialDMRC As New Delhi metro station is closed, people coming from other states and wanting to go to other places using metro, can't go anywhere. So they have no option but to walk to Jantar Mantar and join the protest. 😀
#JantarMantar 
#CJP 
#DelhiMetro","As New Delhi metro station is closed, people coming from other states and wanting to go to other places using metro, can't go anywhere. So they have no option but to walk to Jantar Mantar and join the protest. 😀 JantarMantar CJP DelhiMetro"
943,2080853903285850114,29,"#BreakingNews | Delhi NEET Protest Probe BIG Update: 2,500+ protesters have criminal backgrounds and serious cases registered against them 

As per Delhi Police the miscreants used knives during stir

@SimranBabbar_05  shares more details 

#CJP #SonamWangchuk #SauravDas https://t.co/bXMfbVqU74","BreakingNews | Delhi NEET Protest Probe BIG Update: 2,500+ protesters have criminal backgrounds and serious cases registered against them As per Delhi Police the miscreants used knives during stir shares more details CJP SonamWangchuk SauravDas"
944,2080853190778720613,-1,"Of Cockroach protests, booming GDP and lack of job opportunities

Jayanta Roy Chowdhury

New Delhi, July 24 (UNI) It’s well past noon, and thousands of young men and women, are sitting under the hazy Delhi sun, joining a protest which has been ongoing for quite some time with https://t.co/RsWLPUEibm","Of Cockroach protests, booming GDP and lack of job opportunities Jayanta Roy Chowdhury New Delhi, July 24 (UNI) It’s well past noon, and thousands of young men and women, are sitting under the hazy Delhi sun, joining a protest which has been ongoing for quite some time with"
945,2080852839262527988,5,"@OfficialDMRC has extended the closure of 18 stations for the fourth consecutive day as security remains tight during the CJP protest, causing major travel disruptions across central Delhi
#CJPProtest #MetroUpdate #TrafficAlert #JantarMantar #BreakingNews 
https://t.co/cTIkAkmIAi","has extended the closure of 18 stations for the fourth consecutive day as security remains tight during the CJP protest, causing major travel disruptions across central Delhi CJPProtest MetroUpdate TrafficAlert JantarMantar BreakingNews"
946,2080852214290292784,3,"He joined CJP protest to speak against NEET paper leak 

but when he saw people abusing Modi ji, he confronted them.

He told them this protest is against NEET paper leak not against Modi ji

They called him Andhbhakt, lynched him.

Now he is in serious condition!. https://t.co/1JxEu6RGRo","He joined CJP protest to speak against NEET paper leak but when he saw people abusing Modi ji, he confronted them. He told them this protest is against NEET paper leak not against Modi ji They called him Andhbhakt, lynched him. Now he is in serious condition!."
947,2080851830989582373,-1,"Delhi Police curbs food delivery, transport around Jantar Mantar; CJP says govt is “laying siege”

The @dtptraffic has advised citizens to avoid “unnecessary travel” to the Jantar Mantar area and asked app-based mobility, ride-hailing, food delivery, logistics and e-commerce https://t.co/RmpfgzluSo","Delhi Police curbs food delivery, transport around Jantar Mantar; CJP says govt is “laying siege” The has advised citizens to avoid “unnecessary travel” to the Jantar Mantar area and asked app-based mobility, ride-hailing, food delivery, logistics and e-commerce"
948,2080851771677966709,15,"Gorlllss 

#GenZWithBharat #NEET #Modi #Delhi #Dharmendrapradhan #SonamWangchuk #CJP #CJPMovement #AbhijeetDipke #CockroachJantaParty #Protest #India #ModiGovernment #BJP #genz #jantarmantar https://t.co/u6DwQMBSs2",Gorlllss GenZWithBharat NEET Modi Delhi Dharmendrapradhan SonamWangchuk CJP CJPMovement AbhijeetDipke CockroachJantaParty Protest India ModiGovernment BJP genz jantarmantar
949,2080851017483293170,17,"CRPF headquarters seeks report on pellet gun use in CJP protest

@LamaPrawesh ✍🏻 

https://t.co/qYkbBToGY9",CRPF headquarters seeks report on pellet gun use in CJP protest ✍🏻
950,2080850721076109557,-1,"An elderly man arrived at the CJP protest in a wheelchair. 
Abhijeet Dipke stepped down from the stage to personally receive him because he thought the man would be a PM Modi hater. As soon as he arrived, the CJP protesters started raising anti-Modi slogans in front of him, https://t.co/b8q1Aw3SJe","An elderly man arrived at the CJP protest in a wheelchair. Abhijeet Dipke stepped down from the stage to personally receive him because he thought the man would be a PM Modi hater. As soon as he arrived, the CJP protesters started raising anti-Modi slogans in front of him,"
951,2080849475539706195,4,"Is this the protest for NEET or DMK propaganda against the government which is been allowed in your office @CpiTamilnadu ???

The Delhi protest is a real movement for CJP for NEET regularisation. Here it’s DMK fake paid  hooliganism taking control…

Shame on @CpiTamilnadu still https://t.co/Sn25RJUeT8",Is this the protest for NEET or DMK propaganda against the government which is been allowed in your office ??? The Delhi protest is a real movement for CJP for NEET regularisation. Here it’s DMK fake paid hooliganism taking control… Shame on still
952,2080848766429716510,13,"July 21, Safdarjung Hospital, when Sonam Wangchuk was trying to leave the premises to go to Medanta Hospital. Safdarjung Hospital administration and police tried to stop him, even though Delhi High Court allowed him to be shifted to Medanta, Gurugram. 
https://t.co/GmC7bVDFyL https://t.co/iTC5NT1WNj","July 21, Safdarjung Hospital, when Sonam Wangchuk was trying to leave the premises to go to Medanta Hospital. Safdarjung Hospital administration and police tried to stop him, even though Delhi High Court allowed him to be shifted to Medanta, Gurugram."
953,2080848512082661711,1,"🚨 POLITICAL BUZZ 🚨

Strong buzz suggests the Modi Govt may take an UNEXPECTED step to end the CJP protest 🤯

Some speculate the apparent 360° shift could be linked to intelligence inputs. https://t.co/pFHLmekSnn",🚨 POLITICAL BUZZ 🚨 Strong buzz suggests the Modi Govt may take an UNEXPECTED step to end the CJP protest 🤯 Some speculate the apparent 360° shift could be linked to intelligence inputs.
954,2080848024645837135,-1,"@republic Can you put these videos on a dedicated web-page?  Else Global Tech will gradually scrub them away.

This is evidence.

Farmers protest - security forces hurt: no real penalty on rioters.

Delhi Riots - same

CJP riots - must ensure there's accountability

@PMOIndia @HMOIndia",Can you put these videos on a dedicated web-page? Else Global Tech will gradually scrub them away. This is evidence. Farmers protest - security forces hurt: no real penalty on rioters. Delhi Riots - same CJP riots - must ensure there's accountability
955,2080847261245001779,15,"Chinese Funding 😭😭

#GenZWithBharat #GenZWithBharat #NEET #Modi #Delhi #Dharmendrapradhan #SonamWangchuk #CJP #CJPMovement #AbhijeetDipke #CockroachJantaParty #Protest #India #ModiGovernment #BJP #genz #jantarmantar https://t.co/y65028xIev",Chinese Funding 😭😭 GenZWithBharat GenZWithBharat NEET Modi Delhi Dharmendrapradhan SonamWangchuk CJP CJPMovement AbhijeetDipke CockroachJantaParty Protest India ModiGovernment BJP genz jantarmantar
956,2080847147176792156,-1,"Jantar Mantar welcoming Delhi police.
The slogans are for  Delhi police by protestors. 🫡
The country which was silent for many years GenZ gave them the voice 🙏
#cjp #jantarmantar #police https://t.co/rxXit4ystb",Jantar Mantar welcoming Delhi police. The slogans are for Delhi police by protestors. 🫡 The country which was silent for many years GenZ gave them the voice 🙏 cjp jantarmantar police
957,2080845188919165256,12,Delhi Police has reportedly identified abt 400 criminals using facial recognition technique who tried to create or created ruckus at the #CJP protest. Their Chittar 🥿 parade is sure once they’re picked up. Hail DP for using the advanced technology in detecting criminals.,Delhi Police has reportedly identified abt 400 criminals using facial recognition technique who tried to create or created ruckus at the CJP protest. Their Chittar 🥿 parade is sure once they’re picked up. Hail DP for using the advanced technology in detecting criminals.
958,2080842985588261026,2,"Punjab’s largest farmers’ union, BKU (Ekta Ugrahan), is heading to Jantar Mantar on July 27. 🔥💪🚜

Thousands of farmers are expected to join the ongoing protest at Jantar Mantar in Delhi.

#cjp #cjpprotest #delhi https://t.co/H6lvDrpP8T","Punjab’s largest farmers’ union, BKU (Ekta Ugrahan), is heading to Jantar Mantar on July 27. 🔥💪🚜 Thousands of farmers are expected to join the ongoing protest at Jantar Mantar in Delhi. cjp cjpprotest delhi"
959,2080842392341512615,6,AAP government beating women sanitation workers in Punjab while Kejriwal attends CJP protest in Delhi.,AAP government beating women sanitation workers in Punjab while Kejriwal attends CJP protest in Delhi.
960,2080841434098475067,8,"VIDEO | Delhi: Latest visuals from Jantar Mantar as Cockroach Janta Party (CJP)-led protest continues.

#JantarMantar #CJP 

(Full video available on PTI Videos - https://t.co/n147TvrpG7) https://t.co/u2LpyyXWd6",VIDEO | Delhi: Latest visuals from Jantar Mantar as Cockroach Janta Party (CJP)-led protest continues. JantarMantar CJP (Full video available on PTI Videos -
961,2080840642629140777,25,"@Wangchuk66 Wangchuk Ji, Did you understand what they (opposition , CJP, Anti National Elements) want to do with you in the name of Paper Leak issues. They want to kill u. U must thank Govt that timely they have taken u in the hospital. As u r raising ur voice for the students but in the","Wangchuk Ji, Did you understand what they (opposition , CJP, Anti National Elements) want to do with you in the name of Paper Leak issues. They want to kill u. U must thank Govt that timely they have taken u in the hospital. As u r raising ur voice for the students but in the"
962,2080840000682516551,-1,"Delhi NEET Protest #LIVE | NTA Sacks 47 Officials; Pradhan's Resignation 'Non-Negotiable' Say Protestors Ahead Of 2nd CJP-Govt Talks On Saturday

#NEETProtest #NTASacks47 #DharmendraPradhan #SonamWangchuk #JantarMantar #CJPProtest

https://t.co/czn7wAYrHk",Delhi NEET Protest LIVE | NTA Sacks 47 Officials; Pradhan's Resignation 'Non-Negotiable' Say Protestors Ahead Of 2nd CJP-Govt Talks On Saturday NEETProtest NTASacks47 DharmendraPradhan SonamWangchuk JantarMantar CJPProtest
963,2080839097497931911,3,"Delhi: At the CJP protest, these girls are loudly chanting abusive and vulgar slogans against India's Prime Minister, Narendra Modi, while laughing shamelessly.

It looks like they're trying to gain attention through offensive behaviour rather than discussing the issues. When https://t.co/SWKRtn7pr3","Delhi: At the CJP protest, these girls are loudly chanting abusive and vulgar slogans against India's Prime Minister, Narendra Modi, while laughing shamelessly. It looks like they're trying to gain attention through offensive behaviour rather than discussing the issues. When"
964,2080838709579247797,0,"Wangchuk's 'character certificate' jibe at critics; 18 metro stations closed

Track CJP protest today LIVE updates: https://t.co/ibmLn9vHyt https://t.co/g1je7NrJUz",Wangchuk's 'character certificate' jibe at critics; 18 metro stations closed Track CJP protest today LIVE updates:
965,2080838601836011872,29,"BIG EXPOSE | CJP Protest

250 criminals visited Protest 
They created riot like situation 

Delhi Police FRS system has identified 250 wanted criminals who allegedly visited the CJP protest site.

Sources claim many of them were present to fuel violence and create a riot-like https://t.co/keh0ruQurD",BIG EXPOSE | CJP Protest 250 criminals visited Protest They created riot like situation Delhi Police FRS system has identified 250 wanted criminals who allegedly visited the CJP protest site. Sources claim many of them were present to fuel violence and create a riot-like
966,2080837995712897111,9,"Delhi Police Erects Fixed Barricades on Parliament Street, Jaisingh Road to Restrict CJP/student  protesters.
#jantarmantar #genz #protest #dharmendrapradhan #neetpaperleak #cjp https://t.co/X1NeroAZDq","Delhi Police Erects Fixed Barricades on Parliament Street, Jaisingh Road to Restrict CJP/student protesters. jantarmantar genz protest dharmendrapradhan neetpaperleak cjp"
967,2080837837189181782,2,"Are people even aware of the CJP protest in Delhi? Here, people are using the same name but protesting for something entirely different 🤷🏽‍♂️","Are people even aware of the CJP protest in Delhi? Here, people are using the same name but protesting for something entirely different 🤷🏽‍♂️"
968,2080836658493329523,17,‘30 pellets still inside my body’: Journalist hurt in CJP protest seeks compensation Read here 👉 https://t.co/u93QpfBeq7 https://t.co/YK2UHl6vPw,‘30 pellets still inside my body’: Journalist hurt in CJP protest seeks compensation Read here 👉
969,2080836475005100277,-1,"47 NTA officials sacked amid nationwide student protests, more cleanup to follow https://t.co/tN3cP0SWq9","47 NTA officials sacked amid nationwide student protests, more cleanup to follow"
970,2080835668822179969,-1,"lol by now he knows how common man hates this hypocritical, politically motivated, sham of a ""protest"" . iska political career launch hone se pehle hi doob gaya. ye bus ab conspiracy theories phenkega abbu khejruddin ke jaise. cjp is solely responsible for the violence in Delhi.","lol by now he knows how common man hates this hypocritical, politically motivated, sham of a ""protest"" . iska political career launch hone se pehle hi doob gaya. ye bus ab conspiracy theories phenkega abbu khejruddin ke jaise. cjp is solely responsible for the violence in Delhi."
971,2080835504636105051,-1,"@KanchanGupta @abhijeet_dipke Delhi Police is scanning with the aid of AI cams, all things that is happening in the name of CJP students protest and no one, who are vandalising and breaking the rule of law, will be spared. Yes, it may take time.","Delhi Police is scanning with the aid of AI cams, all things that is happening in the name of CJP students protest and no one, who are vandalising and breaking the rule of law, will be spared. Yes, it may take time."
972,2080832154229965284,23,"CJP protest: Supreme Court to take up petitions against ‘excessive’ use of police force on Monday

@satyastp_satya reports
https://t.co/lzmZb2aDpt",CJP protest: Supreme Court to take up petitions against ‘excessive’ use of police force on Monday reports
973,2080829957669032049,-1,"*The Cockroach Janta Party: When An Insult Became A Protest Kitchen*

*By Your Friendly Neighborhood Sarcastic Uncle*

Remember May 2026? A big judge called protesting students “cockroaches” because they were angry about paper leaks and no jobs.

Within 3 days, the students said:","*The Cockroach Janta Party: When An Insult Became A Protest Kitchen* *By Your Friendly Neighborhood Sarcastic Uncle* Remember May 2026? A big judge called protesting students “cockroaches” because they were angry about paper leaks and no jobs. Within 3 days, the students said:"
974,2080828848183320971,16,"VIDEO | Delhi Jantar Mantar Protest: CJP spokesperson Ashutosh Ranka, says, ""In yesterday's meeting, we received a positive response regarding compensation and legal cases. We got an in-principle agreement, and we hope to receive the written agreement today as well. However, https://t.co/BFvGHOZWBm","VIDEO | Delhi Jantar Mantar Protest: CJP spokesperson Ashutosh Ranka, says, ""In yesterday's meeting, we received a positive response regarding compensation and legal cases. We got an in-principle agreement, and we hope to receive the written agreement today as well. However,"
975,2080823388105523533,3,"🚨 One more so-called Instagram influencer is openly mocking CRPF and CAPF officers right in front of them.

According to his logic, if these officers had been standing at the border instead of at the CJP protest, the Pahalgam attack and the Pulwama attack would never have https://t.co/Bti6Jl4ZxP","🚨 One more so-called Instagram influencer is openly mocking CRPF and CAPF officers right in front of them. According to his logic, if these officers had been standing at the border instead of at the CJP protest, the Pahalgam attack and the Pulwama attack would never have"
976,2080823211198132512,4,"""I scored 96% in JEE Main, yet couldn't get into IIT Delhi. My friend scored 79% and got in.""

A student voices his frustration at the CJP protest: ""Why is no one talking about reservation?""
 https://t.co/8WbPxSJXcW","""I scored 96% in JEE Main, yet couldn't get into IIT Delhi. My friend scored 79% and got in."" A student voices his frustration at the CJP protest: ""Why is no one talking about reservation?"""
977,2080822323238899794,8,"I got the dream in an early morning where God Krishna had told me that Cockroach Janata Party (CJP) should always protest in the Jantar Mantar, New Delhi to give food, cloth, shelter, health, wealth, education, employment and water to all people of the world to protect the world","I got the dream in an early morning where God Krishna had told me that Cockroach Janata Party (CJP) should always protest in the Jantar Mantar, New Delhi to give food, cloth, shelter, health, wealth, education, employment and water to all people of the world to protect the world"
978,2080821567433646507,2,"BKU (Ekta Ugrahan) has announced that it will join the ongoing students' protest at Jantar Mantar in Delhi. The farmers' union will march to the national capital on July 27 and has said its members will remain in Delhi until the students' demands are accepted.

 #cjp #cjpprotest https://t.co/ClfGG1dhOO",BKU (Ekta Ugrahan) has announced that it will join the ongoing students' protest at Jantar Mantar in Delhi. The farmers' union will march to the national capital on July 27 and has said its members will remain in Delhi until the students' demands are accepted. cjp cjpprotest
979,2080817450585870582,0,"Supporters of the Cockroach Janata Party (CJP) protest at Jantar Mantar in New Delhi on July 22, 2026, demanding the resignation of Union Education Minister Dharmendra Pradhan over alleged examination irregularities and the NEET paper leak.

📸@msikku153 #shadqureshi https://t.co/vxOTDiVSQO","Supporters of the Cockroach Janata Party (CJP) protest at Jantar Mantar in New Delhi on July 22, 2026, demanding the resignation of Union Education Minister Dharmendra Pradhan over alleged examination irregularities and the NEET paper leak. 📸 shadqureshi"
980,2080817417320804495,30,"Liquor Shops To Shut By 8 PM In Delhi Over Weekend Amid CJP Protest
https://t.co/Os1hL5V4i6 https://t.co/Jt24mlz5Ms",Liquor Shops To Shut By 8 PM In Delhi Over Weekend Amid CJP Protest
981,2080817070019924122,-1,"Mohammad Junaid, who is doing catering in CJP protest says UP Police has started investigation of his bank accounts

What is wrong in it, bro is spending lakhs per day since more than month, investigation is needed","Mohammad Junaid, who is doing catering in CJP protest says UP Police has started investigation of his bank accounts What is wrong in it, bro is spending lakhs per day since more than month, investigation is needed"
982,2080816693463658834,5,"Delhi Metro disruptions continue for the fourth consecutive day. DMRC has announced the closure of 18 metro stations from 7:30 am on July 25 over the ongoing CJP protest near Jantar Mantar. 

https://t.co/4InnhDxWnH",Delhi Metro disruptions continue for the fourth consecutive day. DMRC has announced the closure of 18 metro stations from 7:30 am on July 25 over the ongoing CJP protest near Jantar Mantar.
983,2080812777904685205,30,"CJP Protest: Delhi Police Asks Swiggy, Blinkit, Uber &amp; Others To Limit Services In Restricted Areas

https://t.co/lFFE9touvD https://t.co/7quuKGBqhZ","CJP Protest: Delhi Police Asks Swiggy, Blinkit, Uber & Others To Limit Services In Restricted Areas"
984,2080811697842036953,2,@nehafolksinger Must watch #Cjp #Delhi #Protest,Must watch Cjp Delhi Protest
985,2078516035234435126,0,"Zeba Ali, Cockroach at CJP protest : If Dharmendra Pradhan does not set the paper of NEET and other exams, what is the use of this Education Minister????
He should himself set the paper.
After Modi has come, he has instigated riots, terrorists attacks and given rise to violence https://t.co/AwYPfoB6Wz","Zeba Ali, Cockroach at CJP protest : If Dharmendra Pradhan does not set the paper of NEET and other exams, what is the use of this Education Minister???? He should himself set the paper. After Modi has come, he has instigated riots, terrorists attacks and given rise to violence"
986,2078469876880908791,22,"Delhi Police is planning to crackdown on our protest during night or early hours of morning - silencing the voice of youth.

We request everyone to join us for night vigil at Jantar Mantar, so that together we can march to Sansad on 20th https://t.co/0Pk2HLW6mG","Delhi Police is planning to crackdown on our protest during night or early hours of morning - silencing the voice of youth. We request everyone to join us for night vigil at Jantar Mantar, so that together we can march to Sansad on 20th"
987,2078457011508031757,0,"Yogendra Yadav joins CJP protest -

"" PM Modi should resign""

It must be done to save the future of youths. https://t.co/wOklml9xe3","Yogendra Yadav joins CJP protest - "" PM Modi should resign"" It must be done to save the future of youths."
988,2078450819624784352,18,"""Bas Naam Rahega Allah Ka"" is chanted openly from the CJP stage, yet a man writing ""Ram-Ram"" says he was threatened by cockroaches.

Manish Pal, who writes ""Ram-Ram"" on grains of rice, alleges: ""The cockroaches told me, Ram's name won't be allowed here.""

Love for ""Allah,"" https://t.co/pjvtlC7Jpg","""Bas Naam Rahega Allah Ka"" is chanted openly from the CJP stage, yet a man writing ""Ram-Ram"" says he was threatened by cockroaches. Manish Pal, who writes ""Ram-Ram"" on grains of rice, alleges: ""The cockroaches told me, Ram's name won't be allowed here."" Love for ""Allah,"""
989,2078427586951303212,3,"Biggest fraud caught red-handed?

He was roaming at the CJP protest in guise of fake hindu priest and eating with a muslim from the same plate and defaming Hinduism.

Now some Sanatnis caught him and asked him to recite the Gayatri Mantra, but he was unable to recite it and","Biggest fraud caught red-handed? He was roaming at the CJP protest in guise of fake hindu priest and eating with a muslim from the same plate and defaming Hinduism. Now some Sanatnis caught him and asked him to recite the Gayatri Mantra, but he was unable to recite it and"
990,2078386536929006020,11,"VIDEO | Delhi: A woman throws ink at Cockroach Janata Party (CJP) founder Abhijeet Dipke at Jantar Mantar leading to chaos at the protest site. More details are awaited.

#JantarMantar #Delhi #CJP

(Full video available on PTI Videos - https://t.co/n147TvrpG7) https://t.co/VF5sG18fC2",VIDEO | Delhi: A woman throws ink at Cockroach Janata Party (CJP) founder Abhijeet Dipke at Jantar Mantar leading to chaos at the protest site. More details are awaited. JantarMantar Delhi CJP (Full video available on PTI Videos -
991,2078381580025020668,13,"After Sonam Wangchuk was admitted to the hospital this morning, some CJP supporters at Jantar Mantar themselves started chanting, ""Delhi Police, we love you.""

They said the Delhi Police did the right thing by taking Sonam Wangchuk's health into consideration. https://t.co/7XMaqZcYBI","After Sonam Wangchuk was admitted to the hospital this morning, some CJP supporters at Jantar Mantar themselves started chanting, ""Delhi Police, we love you."" They said the Delhi Police did the right thing by taking Sonam Wangchuk's health into consideration."
992,2078351152790614417,1,"Remember Ramdev Baba's protest against corruption in 2011? 

- Police fired tear gas at the sleeping protesters

- Lathicharged them in the midnight

- SC took suo motu &amp; lashed Congress due to extreme violence 

On the other side, Modi govt allowed CJP protesters to peacefully https://t.co/g8WQOp5v1b","Remember Ramdev Baba's protest against corruption in 2011? - Police fired tear gas at the sleeping protesters - Lathicharged them in the midnight - SC took suo motu & lashed Congress due to extreme violence On the other side, Modi govt allowed CJP protesters to peacefully"
993,2078349519562150243,3,"🚨 Biggest fraud caught red-handed:

He was roaming at the CJP protest becoming fake priest and eating with a Muslim from the same plate and defaming Hinduism.

Now some Hindu kings caught him and asked him to recite the Gayatri Mantra, but he was unable to answer it and simply https://t.co/mydCL4cz88","🚨 Biggest fraud caught red-handed: He was roaming at the CJP protest becoming fake priest and eating with a Muslim from the same plate and defaming Hinduism. Now some Hindu kings caught him and asked him to recite the Gayatri Mantra, but he was unable to answer it and simply"
994,2078341583402127490,11,Delhi: Cockroach Janta Party (CJP) founder Abhijeet Dipke broke down in tears at the Jantar Mantar protest site during the ongoing demonstration following activist Sonam Wangchuk's removal from the venue by the Delhi Police https://t.co/wfgfDoZVHb,Delhi: Cockroach Janta Party (CJP) founder Abhijeet Dipke broke down in tears at the Jantar Mantar protest site during the ongoing demonstration following activist Sonam Wangchuk's removal from the venue by the Delhi Police
995,2078335940309983391,4,"NEET Aspirant Mohammad Junaid Wants ""Nationwide Protest"" After Delhi Police Action.

🪳Junaid:

""Very sad news coming from Jantar Mantar""

""Now we all need to nationwide protest""

""Delhi Police might arrest me as well""

Any Words For Junaid?

🤡

#cjp https://t.co/TcZDyzHbOg","NEET Aspirant Mohammad Junaid Wants ""Nationwide Protest"" After Delhi Police Action. 🪳Junaid: ""Very sad news coming from Jantar Mantar"" ""Now we all need to nationwide protest"" ""Delhi Police might arrest me as well"" Any Words For Junaid? 🤡 cjp"
996,2078321176062099484,13,"After climate activist Sonam Wangchuk was forcefully picked up by the Delhi Police on July 18, student protesters continue to remain at Jantar Mantar, forming a protective chain around three AISA protesters continuing their hunger strike.

CJP Protest | New Delhi https://t.co/dMvYZFfvUy","After climate activist Sonam Wangchuk was forcefully picked up by the Delhi Police on July 18, student protesters continue to remain at Jantar Mantar, forming a protective chain around three AISA protesters continuing their hunger strike. CJP Protest | New Delhi"
997,2078310886977196040,-1,"Shamelessness at Jantar Mantar 

Goons of Modi Govt Delhi Police dressed up in civil dress and sports shoes forcefully entering the protest site.

They brought dozens of white bed-sheets to block camera views so that any violence/man-handling with Sonam Wangchuk &amp; others is not https://t.co/u15VlIZdT0",Shamelessness at Jantar Mantar Goons of Modi Govt Delhi Police dressed up in civil dress and sports shoes forcefully entering the protest site. They brought dozens of white bed-sheets to block camera views so that any violence/man-handling with Sonam Wangchuk & others is not
998,2078310759638110362,1,"Delhi Police remove Sonam Wangchuk from Jantar Mantar protest forcefully!!

This is shameful, instead of Removing Dharmendra Pradhan they removed Sonam !!

What a coward Govt https://t.co/gIk7jRava7","Delhi Police remove Sonam Wangchuk from Jantar Mantar protest forcefully!! This is shameful, instead of Removing Dharmendra Pradhan they removed Sonam !! What a coward Govt"
999,2078304932403487051,1,"Delhi police has picked up @Wangchuk66 and beaten Dipke.

Please start peaceful protest in your cities. 

This is the most disgusting government in the history of India. https://t.co/QhB03gtHav",Delhi police has picked up and beaten Dipke. Please start peaceful protest in your cities. This is the most disgusting government in the history of India.
1000,2078299534149742729,1,#BREAKING: The Delhi Police has stopped Abhijeet Dipke where he was staying. People are telling me that Sonam Wangchuk is being picked up from the protest site. Students are being lathicharged! https://t.co/kkKtSI83hO,BREAKING: The Delhi Police has stopped Abhijeet Dipke where he was staying. People are telling me that Sonam Wangchuk is being picked up from the protest site. Students are being lathicharged!
1001,2078298459149385753,13,"ASHUTOSH RANKA TAKES THE BAIT AND BREAKS IT 🔥

REPORTER: Why only Sonam Wangchuk fasting? Why not CJP too?

RANKA 🎯: Ridiculous question. Abhijeet, Saurav and I wanted to fast too. Sonam sir stopped us: “Then who will run the protest?” Media, stage, security, mobilisation. https://t.co/rA4xwhubqi","ASHUTOSH RANKA TAKES THE BAIT AND BREAKS IT 🔥 REPORTER: Why only Sonam Wangchuk fasting? Why not CJP too? RANKA 🎯: Ridiculous question. Abhijeet, Saurav and I wanted to fast too. Sonam sir stopped us: “Then who will run the protest?” Media, stage, security, mobilisation."
1002,2075963056895754305,32,"🚨 #WATCH : CJP Protest Jantar Mantar, Delhi 🚨 

➡️ CJP chief Abhijit Dipke injured at Jantar Mantar.

➡️ It is possible that Dipke was injured in the clash with the Delhi Police.

➡️ A bandage is wrapped around the palm of his left hand.

➡️ We can see that after all odds he is https://t.co/OPG5EuTtjz","🚨 WATCH : CJP Protest Jantar Mantar, Delhi 🚨 ➡️ CJP chief Abhijit Dipke injured at Jantar Mantar. ➡️ It is possible that Dipke was injured in the clash with the Delhi Police. ➡️ A bandage is wrapped around the palm of his left hand. ➡️ We can see that after all odds he is"
1003,2075926447907291399,8,"After getting bail in multiple voter ID cards case, Prakash Raj reaches CJP protest site in Delhi, says

""We now have weapon of social media, you (BJP) came to power with that now with same social media we will take you down. Cockroaches have support.."" https://t.co/01XzDhflTX","After getting bail in multiple voter ID cards case, Prakash Raj reaches CJP protest site in Delhi, says ""We now have weapon of social media, you (BJP) came to power with that now with same social media we will take you down. Cockroaches have support.."""
1004,2075895399328469156,25,"BJP came to power saying 'Make in India' but they have only promoted 'leak in India'.

- Actor Prakash Raj joins CJP protest in Delhi https://t.co/Q5SIaNJNev",BJP came to power saying 'Make in India' but they have only promoted 'leak in India'. - Actor Prakash Raj joins CJP protest in Delhi
1005,2069082803619446980,2,"CJP protest Delhi, Day one : 400 protestors.

CJP protest Delhi, Day two : 200 protestors.

CJP protest Delhi, Day three : 50 protestors.

After day fifth only five people will be left at the protest site.

1. Abhijeet Dipke 
2. Noodle seller
3. Mike operator 
4. One policeman
5.","CJP protest Delhi, Day one : 400 protestors. CJP protest Delhi, Day two : 200 protestors. CJP protest Delhi, Day three : 50 protestors. After day fifth only five people will be left at the protest site. 1. Abhijeet Dipke 2. Noodle seller 3. Mike operator 4. One policeman 5."
1006,2063899264988958892,-1,"“No Problem if India is broken into 7 pieces.”

Just heard a  protester saying this in CJP protest in Delhi

No surprises these people support Umar Khalid..",“No Problem if India is broken into 7 pieces.” Just heard a protester saying this in CJP protest in Delhi No surprises these people support Umar Khalid..
1007,2061424681711014315,4,CJP planning protest in delhi on 6th June and is asking youth to come and contribute meet founder at airport and go to jantar mantar with him. Should they right now focus on Re-Neet or go and take the ground ? https://t.co/w6sx4xSJGp,CJP planning protest in delhi on 6th June and is asking youth to come and contribute meet founder at airport and go to jantar mantar with him. Should they right now focus on Re-Neet or go and take the ground ?
1008,2061351455995416776,-1,"Important announcement:

CJP Founder @abhijeet_dipke will return to India on June 6 for a peaceful protest at Jantar Mantar, Delhi, demanding the resignation of the Education Minister. https://t.co/x9M1v38Pwu","Important announcement: CJP Founder will return to India on June 6 for a peaceful protest at Jantar Mantar, Delhi, demanding the resignation of the Education Minister."
1009,2079306309178946036,-1,"Security forces in India’s capital Delhi are cracking down on one of the biggest anti-government protests in recent years. 

The authorities should order police to exercise restraint, restore mobile internet connectivity near protests, and ensure people can protest peacefully. https://t.co/aKV3FJELuG","Security forces in India’s capital Delhi are cracking down on one of the biggest anti-government protests in recent years. The authorities should order police to exercise restraint, restore mobile internet connectivity near protests, and ensure people can protest peacefully."
1010,2079294945916252548,-1,"Youth protest reaches London as protesters show up at Indian High Commission

People showed up in big numbers outside the High Commission of India in London on Monday as news spread of the police crackdown on protests in Delhi and other cities in India.

https://t.co/9MiFsaawxj https://t.co/QZOvasJtSR",Youth protest reaches London as protesters show up at Indian High Commission People showed up in big numbers outside the High Commission of India in London on Monday as news spread of the police crackdown on protests in Delhi and other cities in India.
1011,2079287409754390561,3,"🇮🇳🇦🇺 Meet Ellie Grounds - Field Reporter for ABC News (Australian Broadcasting Corporation) She's In Delhi Covering the CJP Jantar Mantar Protests 

Notably she was also covering the Bangladesh Protests which overthrew Sheikh Hasina https://t.co/D7G4riwB25",🇮🇳🇦🇺 Meet Ellie Grounds - Field Reporter for ABC News (Australian Broadcasting Corporation) She's In Delhi Covering the CJP Jantar Mantar Protests Notably she was also covering the Bangladesh Protests which overthrew Sheikh Hasina
1012,2079281093090705727,-1,"YouTuber Samdish Bhatia was also present at the CJP protest and the Sansad march today.

He was standing among the protesters when the police moved in, and he appeared to be hit with a couple of lathi blows on his backside.

He's usually seen laughing and joking, but after those https://t.co/cG5Fre61Wh","YouTuber Samdish Bhatia was also present at the CJP protest and the Sansad march today. He was standing among the protesters when the police moved in, and he appeared to be hit with a couple of lathi blows on his backside. He's usually seen laughing and joking, but after those"
1013,2079264336745554019,6,Now Islamist who are part of the CJP protest are doxxing and targeting women RAF employees. https://t.co/wU6CNBFQJ4,Now Islamist who are part of the CJP protest are doxxing and targeting women RAF employees.
1014,2079260338160296370,-1,"CJP Protest march | DCP North Raja Banthia sustained injuries during the clash between Police and CJP protesters in Delhi, earlier today. 

(Source: Delhi Police) https://t.co/6w7i724wZO","CJP Protest march | DCP North Raja Banthia sustained injuries during the clash between Police and CJP protesters in Delhi, earlier today. (Source: Delhi Police)"
1015,2079256202090016862,-1,"The Propaganda Machine Is Working  Overtime :

Sudhir Chaudhary labels the CJP protest ""Shaheen Bagh 2.0"". 🥵 https://t.co/LTOYj77PXg","The Propaganda Machine Is Working Overtime : Sudhir Chaudhary labels the CJP protest ""Shaheen Bagh 2.0"". 🥵"
1016,2079245703747113202,14,Delhi Police to probe violence during CJP protest from Pakistan angle. https://t.co/MwwxyQ8sWM,Delhi Police to probe violence during CJP protest from Pakistan angle.
1017,2079243968366490001,6,"Massive stone pelting by CJP Supporters 🚨

People like @ajitanjum &amp; LKFC @zoo_bear won't share videos of attack on Delhi Police https://t.co/2veRrDypAK",Massive stone pelting by CJP Supporters 🚨 People like & LKFC won't share videos of attack on Delhi Police
1018,2079240630010778098,1,"Mumbai Police mogs Delhi Police every single time!

she asks Mumbai Police at Dadar: “protest allowed nahi hai kya?” Mumbai Police: “nahi, par hona chahiye tha”.

same protest. same issue. just 2 different police systems https://t.co/GaOIiW5BQS","Mumbai Police mogs Delhi Police every single time! she asks Mumbai Police at Dadar: “protest allowed nahi hai kya?” Mumbai Police: “nahi, par hona chahiye tha”. same protest. same issue. just 2 different police systems"
1019,2079237361393881347,-1,"My Instagram feed is full of CJP protest videos. I haven't liked or saved any posts, yet dozens of such videos keep showing up. It looks like Meta wants a Nepal like situation in India.","My Instagram feed is full of CJP protest videos. I haven't liked or saved any posts, yet dozens of such videos keep showing up. It looks like Meta wants a Nepal like situation in India."
1020,2079236972942700669,-1,"Listen to what the Doctors who'd come to the Delhi protest site to help the Injured have to say. 

Hello, @RubikaLiyaquat @smitaprakash @anjanaomkashyap @AmanChopra_ @SushantBSinha @AMISHDEVGAN @sudhirchaudhary @chitraaum @navikakumar, Pro Govt Propaganda se fursat mile toh ye https://t.co/kXyUQRC1kB","Listen to what the Doctors who'd come to the Delhi protest site to help the Injured have to say. Hello, , Pro Govt Propaganda se fursat mile toh ye"
1021,2079226219812548789,1,"THE WIND IS CHANGING ⏳️

We trusted PM Modi for too long, not anymore.

Modi ji has too much ego. 😵

— A student during CJP protest 👇 https://t.co/lvmUBrSlZY","THE WIND IS CHANGING ⏳️ We trusted PM Modi for too long, not anymore. Modi ji has too much ego. 😵 — A student during CJP protest 👇"
1022,2079226156604403752,30,"🚨If the protest site’s been cleared and you need somewhere to sleep tonight- Gurudwara Bangla Sahib, Rakab Ganj Sahib, Sis Ganj Sahib and other gurdwaras across Delhi have their doors open. 

No questions asked. We have never once turned a person away at the door.","🚨If the protest site’s been cleared and you need somewhere to sleep tonight- Gurudwara Bangla Sahib, Rakab Ganj Sahib, Sis Ganj Sahib and other gurdwaras across Delhi have their doors open. No questions asked. We have never once turned a person away at the door."
1023,2079224228319252786,9,"BIG BREAKING 🚨 CJP's Sourav Das in big trouble.

On Sourav Dass's claims, NHRC says ""Find the Child. Treat the Child. Identify Those Responsible or Else File an FIR Against Sourav Das""

NHRC takes cognizance of allegations that a minor girl was injured during the New Delhi https://t.co/zUuADUvI8z","BIG BREAKING 🚨 CJP's Sourav Das in big trouble. On Sourav Dass's claims, NHRC says ""Find the Child. Treat the Child. Identify Those Responsible or Else File an FIR Against Sourav Das"" NHRC takes cognizance of allegations that a minor girl was injured during the New Delhi"
1024,2079220347250041124,20,"Several Delhi Police vehicles have been vandalised and shattered near CP, Janpath and Jantar Mantar by CJP protestors. https://t.co/ub3DyeGWaX","Several Delhi Police vehicles have been vandalised and shattered near CP, Janpath and Jantar Mantar by CJP protestors."
1025,2079220281961509206,1,"They said BJP will never won in Delhi
They said BJP will never come in Maharastra
They said BJP won’t dominate in Assam anymore
They said BJP will never won in West Bengal

And now they think that a small protest will make the public turn against Modi ji &amp; BJP🤣 https://t.co/mYWuV6lN9t",They said BJP will never won in Delhi They said BJP will never come in Maharastra They said BJP won’t dominate in Assam anymore They said BJP will never won in West Bengal And now they think that a small protest will make the public turn against Modi ji & BJP🤣
1026,2079220124536688688,6,"Even Pro CJP Media is calling out Violent CJP Protestors.

Jurno 1:
""I'm saying this many times Pelting Stones is not good""

""By this you are weakening your movement""

Jurno 2:
""By stone pelting CJP has tarnished its protest""

""Now Police will have right to retaliate""

#cjp https://t.co/0VDxGq5n24","Even Pro CJP Media is calling out Violent CJP Protestors. Jurno 1: ""I'm saying this many times Pelting Stones is not good"" ""By this you are weakening your movement"" Jurno 2: ""By stone pelting CJP has tarnished its protest"" ""Now Police will have right to retaliate"" cjp"
1027,2079217527490859237,-1,I said this on the 8th of June. More than a month and a half ago. The CJP protest was the Delhi anti-Hindu Riot playbook and the Jantar Mantar protest site was their version of Shaheen Bagh. https://t.co/NxnDlDdJYj,I said this on the 8th of June. More than a month and a half ago. The CJP protest was the Delhi anti-Hindu Riot playbook and the Jantar Mantar protest site was their version of Shaheen Bagh.
1028,2079208377205633183,14,🚨 Breaking : Pakistan Angle to be Investigate in case of CJP Protest in Delhi today : Delhi Police Sources,🚨 Breaking : Pakistan Angle to be Investigate in case of CJP Protest in Delhi today : Delhi Police Sources
1029,2079208106991690110,-1,"Arrest Abhijit Dipke and all CJP Spokesperson for Violent Protest in Delhi

They are Responsible 

RT if you agree!",Arrest Abhijit Dipke and all CJP Spokesperson for Violent Protest in Delhi They are Responsible RT if you agree!
1030,2079203461208608859,3,"Kangana Ranaut on CJP protest, she cooked herself this time 😭 https://t.co/DWx81rGOdr","Kangana Ranaut on CJP protest, she cooked herself this time 😭"
1031,2079199061308309858,6,"Another video exposes the Umar Khalid gang pelting stones at CRPF and Delhi Police personnel. This is not a protest; this is organised violence against our security forces, reminiscent of the Delhi riots. https://t.co/e1ny0vCbw0","Another video exposes the Umar Khalid gang pelting stones at CRPF and Delhi Police personnel. This is not a protest; this is organised violence against our security forces, reminiscent of the Delhi riots."
1032,2079197844607823926,6,Stone pelting on cops was reported earlier today in Central Delhi during the CJP protest to demand resignation of Education Minister Dharmendra Pradhan over NEET Controversy. https://t.co/WeZ4I68kos,Stone pelting on cops was reported earlier today in Central Delhi during the CJP protest to demand resignation of Education Minister Dharmendra Pradhan over NEET Controversy.
1033,2079185840950088110,18,"While cockroaches are making reels, 

Delhi Police saved a life of a protestor who lost consciousness during the protest. 

However, international media won’t cover this. https://t.co/UvBgSVRtoj","While cockroaches are making reels, Delhi Police saved a life of a protestor who lost consciousness during the protest. However, international media won’t cover this."
1034,2079185457771057318,6,Look how CJP supporters attacked a Delhi Police Personnel.  They deserve no sympathy. https://t.co/r3THhKbHhX,Look how CJP supporters attacked a Delhi Police Personnel. They deserve no sympathy.
1035,2079184033494548721,18,"CJP protest site has been cleared by Delhi Police.

Look at the condition: how messy it looks... Garbage everywhere.

These cockroaches are the first to abuse India for being dirty, and this is what they themselves do... Will their father clean this up? https://t.co/IpYnfeXdUN","CJP protest site has been cleared by Delhi Police. Look at the condition: how messy it looks... Garbage everywhere. These cockroaches are the first to abuse India for being dirty, and this is what they themselves do... Will their father clean this up?"
1036,2079181881858523369,2,"Delhi Police personnel detain supporters of the CJP during a protest march near Parliament in New Delhi, India, on Monday, July 20, 2026.

#Delhi #Protest #CJP

(Photo by @rajkraj_ht  / Hindustan Times) https://t.co/g0QQog0bQg","Delhi Police personnel detain supporters of the CJP during a protest march near Parliament in New Delhi, India, on Monday, July 20, 2026. Delhi Protest CJP (Photo by / Hindustan Times)"
1037,2079179936611598612,4,"Next, CJP should do a Protest against reservation. 

Merit is being sacrificed for Doctors entrance.

This is a legit students concern https://t.co/0kSw5zfXuy","Next, CJP should do a Protest against reservation. Merit is being sacrificed for Doctors entrance. This is a legit students concern"
1038,2079179531072778441,6,A truck full of stones was on standby at Jantar Mantar protest site. Now reports coming in that CJP protestors pelted stones and injυred Delhi Police personnel. Abhijeet Dipke and CJP want to incite riσts in the name of student rights. https://t.co/F9beKAg6To,A truck full of stones was on standby at Jantar Mantar protest site. Now reports coming in that CJP protestors pelted stones and injυred Delhi Police personnel. Abhijeet Dipke and CJP want to incite riσts in the name of student rights.
1039,2079176528181764159,2,"Real Face of CJP Protest.

https://t.co/gY0XStW7rF",Real Face of CJP Protest.
1040,2079166444705587236,0,"Hundreds of supporters of India's youth-led ""cockroach"" movement gathered in New Delhi on Monday, seeking the resignation of the education minister despite police denying permission for the protest. https://t.co/OYtrHoIB3w","Hundreds of supporters of India's youth-led ""cockroach"" movement gathered in New Delhi on Monday, seeking the resignation of the education minister despite police denying permission for the protest."
1041,2079156351134208290,7,Protesting CJP Activists meet Union Minister JP Nadda at his residence in New Delhi with their list of demands over NEET Controversy including resignation of Dharmendra Pradhan. Protests continue in India’s national capital. https://t.co/nar6xtQePa,Protesting CJP Activists meet Union Minister JP Nadda at his residence in New Delhi with their list of demands over NEET Controversy including resignation of Dharmendra Pradhan. Protests continue in India’s national capital.
1042,2079155032885469265,-1,Main reason of CJP protest🧐 https://t.co/mTAWWZxaOk,Main reason of CJP protest🧐
1043,2079153639701258699,-1,"THIS IS A PEAK MOMENT 🥶🥶

A young woman lashes out at police during CJP protest as tensions escalated.👇 https://t.co/lp9R2WP1GG",THIS IS A PEAK MOMENT 🥶🥶 A young woman lashes out at police during CJP protest as tensions escalated.👇
1044,2079153366526218514,-1,"Actor-activist #PrakashRaj joined the #CJP protest, holding up the Constitution as the crowd erupted in cheers.

(Video Credit: PTI)

#NEETProtest #Trending #Celebs https://t.co/SW94R4cvKy","Actor-activist PrakashRaj joined the CJP protest, holding up the Constitution as the crowd erupted in cheers. (Video Credit: PTI) NEETProtest Trending Celebs"
1045,2079151627555287091,-1,"Omar Abdullah took a auto in Delhi &amp; went to join CJP protest today, without any security 

While Hindus have to go on their holiest Amarnath Yatra amidst heavy army deployment in in his home Kashmir

And then these people call Hindus intolerant  https://t.co/SSO7jOoB65","Omar Abdullah took a auto in Delhi & went to join CJP protest today, without any security While Hindus have to go on their holiest Amarnath Yatra amidst heavy army deployment in in his home Kashmir And then these people call Hindus intolerant"
1046,2079149211090927930,-1,How many Indan News Channels have shown this video of a injured man at Delhi protest?  https://t.co/7ZmW9G1BcD,How many Indan News Channels have shown this video of a injured man at Delhi protest?
1047,2079147348077560010,6,Congress MP Renuka Chowdhury confronts DCP Sachin Sharma amid CJP protest. https://t.co/yhuOJZ6Qwi,Congress MP Renuka Chowdhury confronts DCP Sachin Sharma amid CJP protest.
1048,2079141983151591488,-1,"HEARTBREAKING : 💔

A young woman broke down in tears in front of police officer after the lathi charge during the CJP protest. 👇 https://t.co/FIEV26eJCM",HEARTBREAKING : 💔 A young woman broke down in tears in front of police officer after the lathi charge during the CJP protest. 👇
1049,2079135288723656890,13,"Arunachal Pradesh students who were unable to come to Jantar Mantar Delhi are protesting in solidarity with Sonam Wangchuk and CJP at Itanagar, Arunachal Pradesh.

#cjpprotest https://t.co/easJskq7A4","Arunachal Pradesh students who were unable to come to Jantar Mantar Delhi are protesting in solidarity with Sonam Wangchuk and CJP at Itanagar, Arunachal Pradesh. cjpprotest"
1050,2079132381190234392,25,"The most interesting thing about the protest: Almost everybody I spoke to didn't even mention Abhijeet Dipke or CJP or Sonam Wangchuk. All they mentioned was paper leaks, dictatorship and democracy in danger. This protest has taken the form of a huge anti-incumbency protest.","The most interesting thing about the protest: Almost everybody I spoke to didn't even mention Abhijeet Dipke or CJP or Sonam Wangchuk. All they mentioned was paper leaks, dictatorship and democracy in danger. This protest has taken the form of a huge anti-incumbency protest."
1051,2079112905027686760,9,Delhi : Security intensified outside Parliament amid CJP protest and threats from the protesters. https://t.co/QUSNG2DDY4,Delhi : Security intensified outside Parliament amid CJP protest and threats from the protesters.
1052,2079109442432606305,11,"Delhi: Abhijeet Dipke, founder of the Cockroach Janta Party (CJP), has just ended his hunger strike at Jantar Mantar. https://t.co/UpTFgkdOkf","Delhi: Abhijeet Dipke, founder of the Cockroach Janta Party (CJP), has just ended his hunger strike at Jantar Mantar."
1053,2079105331561652597,28,"Thank you CJP for making people believe for the first time in 12 years that it is completely normal to protest against a regime and that Modi is just a politician and not a non biological entity blessed on earth for Indians.

Don’t know the end result but it made us believe that",Thank you CJP for making people believe for the first time in 12 years that it is completely normal to protest against a regime and that Modi is just a politician and not a non biological entity blessed on earth for Indians. Don’t know the end result but it made us believe that
1054,2079094791028289751,6,"SHAMEFUL 🚨 CJP Supporters pelted stones on Delhi Police.

Police was just standing peacefully.

Same Delhi Police was protecting them since last one month. https://t.co/4XdBA75nWj",SHAMEFUL 🚨 CJP Supporters pelted stones on Delhi Police. Police was just standing peacefully. Same Delhi Police was protecting them since last one month.
1055,2079086722865070196,-1,"CJP Protest | Internet ‘Jammed’ in Central Delhi

Protesters allege signal jammers have disrupted mobile networks at Jantar Mantar, forcing many to walk nearly 2 km away from the protest site to access the internet, make calls and stay connected.

@vipul_reports https://t.co/PWWLkmq655","CJP Protest | Internet ‘Jammed’ in Central Delhi Protesters allege signal jammers have disrupted mobile networks at Jantar Mantar, forcing many to walk nearly 2 km away from the protest site to access the internet, make calls and stay connected."
1056,2079082024917422300,4,Not one NEET aspirant who attended CJP Protest qualified NEET.,Not one NEET aspirant who attended CJP Protest qualified NEET.
1057,2079081476138910067,-1,"They've jammed the internet. 
They've barricaded all of Central Delhi. 
Won't resign. Won't let people protest
PEAK ARROGANCE",They've jammed the internet. They've barricaded all of Central Delhi. Won't resign. Won't let people protest PEAK ARROGANCE
1058,2079079632440361061,-1,"Listen to what a genuine NEET aspirant from Rajasthan, who came to support the CJP protest, has to say about the agitation.

The real truth !!🔥🔥 https://t.co/fG2T8xTzVr","Listen to what a genuine NEET aspirant from Rajasthan, who came to support the CJP protest, has to say about the agitation. The real truth !!🔥🔥"
1059,2079074731723260412,6,"WTH !

Truck loaded with stones have been parked at Jantar Mantar.

Are CJP orchestrating stone-pelting on Delhi Police?
https://t.co/meB46hlvaG",WTH ! Truck loaded with stones have been parked at Jantar Mantar. Are CJP orchestrating stone-pelting on Delhi Police?
1060,2079072102691565811,-1,"Some segments from media have mentioned sporadic use of violence/detentions at Jantar Mantar by Delhi Police.
It is informed that  no such incident has taken place and protest is being handled professionally. All are requested not to fall pray to any rumour/ misgivings, and, to","Some segments from media have mentioned sporadic use of violence/detentions at Jantar Mantar by Delhi Police. It is informed that no such incident has taken place and protest is being handled professionally. All are requested not to fall pray to any rumour/ misgivings, and, to"
1061,2079070436353315144,4,Innocent students after hearing Aazadi and radical islamic chants at the CJP protest :  https://t.co/7bXoFmXwO9,Innocent students after hearing Aazadi and radical islamic chants at the CJP protest :
1062,2079067198447145282,1,"Delhi police are acting like Taliban. How can someone be so irresponsible?    

BJPigs are creating ruckus on the protest site but instead of stopping them, police is openly giving them the excuse to create ruckus.
#DharmendraPradhanResign https://t.co/dnf0zYWcZL","Delhi police are acting like Taliban. How can someone be so irresponsible? BJPigs are creating ruckus on the protest site but instead of stopping them, police is openly giving them the excuse to create ruckus. DharmendraPradhanResign"
1063,2079056517001822225,1,"Why are Delhi police acting like Taliban?

Why has Delhi Police deployed security forces without name badges?

Why are they placing truckloads of stones at the protector site?

Why are broken vehicles parked at the protest site? https://t.co/MlaT2pRnGp",Why are Delhi police acting like Taliban? Why has Delhi Police deployed security forces without name badges? Why are they placing truckloads of stones at the protector site? Why are broken vehicles parked at the protest site?
1064,2079041445831565817,21,"If you're not questioning the Government, then you are the biggest Anti-National — A lady at the CJP protest in Jantar Mantar. https://t.co/wQkpmf1z60","If you're not questioning the Government, then you are the biggest Anti-National — A lady at the CJP protest in Jantar Mantar."
1065,2079035430373364132,-1,"One of most important reasons behind this CJP protest is the FCRA bill. Once passed, the open foreign funding of these Naxals-Jihadis will be stopped...","One of most important reasons behind this CJP protest is the FCRA bill. Once passed, the open foreign funding of these Naxals-Jihadis will be stopped..."
1066,2079023674154516525,3,"BOLD STATEMENT : I don't want to die before I actually die. 🔥

Journalist : During Anna Hazare's protest, we saw Aamir Khan, Anupam Kher, Amitabh Bachchan and many other actors speaking up. 

Why is no one coming forward for Sonam Wangchuk and CJP protest ?

Prakash Raj : They https://t.co/l1DSvXDuqh","BOLD STATEMENT : I don't want to die before I actually die. 🔥 Journalist : During Anna Hazare's protest, we saw Aamir Khan, Anupam Kher, Amitabh Bachchan and many other actors speaking up. Why is no one coming forward for Sonam Wangchuk and CJP protest ? Prakash Raj : They"
1067,2079010182282064342,6,"Shame on Delhi Police!

A truck loaded with stones and a wrecked van have already been placed at Jantar Mantar.

Soon, the Godi media will run stories claiming that the protesters vandalised the van to defame this peaceful protest. https://t.co/5ZOPOLHm8v","Shame on Delhi Police! A truck loaded with stones and a wrecked van have already been placed at Jantar Mantar. Soon, the Godi media will run stories claiming that the protesters vandalised the van to defame this peaceful protest."
1068,2079002133370995105,-1,"Message for Cockroach Janta Party from a BJP Worker Dipike and Sonam Wangchuk from a BJP Worker about the Cockroaches Protest at Jantar Mantar 

#cjp #cjpprotest #sonamwangchuk #cockroachjantaparty #bjp https://t.co/c0tIi5Ea5M",Message for Cockroach Janta Party from a BJP Worker Dipike and Sonam Wangchuk from a BJP Worker about the Cockroaches Protest at Jantar Mantar cjp cjpprotest sonamwangchuk cockroachjantaparty bjp
1069,2076528475549454588,-1,"Abhijeet Dipke started his morning by picking yet another unnecessary fight with the Delhi Police at the CJP protest.

He was trying to set up a new tent for Sonam Wangchuk on government land at Jantar Mantar without following the required process.

The moment the police asked https://t.co/SPMK2xtr9g",Abhijeet Dipke started his morning by picking yet another unnecessary fight with the Delhi Police at the CJP protest. He was trying to set up a new tent for Sonam Wangchuk on government land at Jantar Mantar without following the required process. The moment the police asked
1070,2076526934843125890,-1,"Good news for you, Priyank Kharge and INC.

The RSS has received over 25 lakhs online application in West Bengal from youths expressing a keen interest in joining the Rashtriya Swayamsevak Sangh.

While Abhijeet Dipke is struggling with 50 Cockroaches at Delhi in his CJP protest, https://t.co/Qbk8BG3VQq","Good news for you, Priyank Kharge and INC. The RSS has received over 25 lakhs online application in West Bengal from youths expressing a keen interest in joining the Rashtriya Swayamsevak Sangh. While Abhijeet Dipke is struggling with 50 Cockroaches at Delhi in his CJP protest,"
1071,2068023949355844019,1,"Did you notice ???

How the CJP protest faded after Delhi Protest at Jantar Mantar ???

Thats because ......

1. Modi ji never acknowledged their presence.
2. Amit Shah gave them immediate permission to protest at Jantar Mantar.
3. Abhijeet Dipke's agenda of Victim card,","Did you notice ??? How the CJP protest faded after Delhi Protest at Jantar Mantar ??? Thats because ...... 1. Modi ji never acknowledged their presence. 2. Amit Shah gave them immediate permission to protest at Jantar Mantar. 3. Abhijeet Dipke's agenda of Victim card,"
1072,2067804001278783840,8,"Lutyens Delhi/Jantar Mantar 

Cockroach Janta Party Gets Delhi Police Nod for June 20 Protest at Jantar Mantar

The Cockroach Janta Party (CJP) has  secured Delhi Police permission for its June 20 protest at Jantar Mantar in New Delhi. 

 CJP said students, parents, teachers and https://t.co/tkGzBN9xp5","Lutyens Delhi/Jantar Mantar Cockroach Janta Party Gets Delhi Police Nod for June 20 Protest at Jantar Mantar The Cockroach Janta Party (CJP) has secured Delhi Police permission for its June 20 protest at Jantar Mantar in New Delhi. CJP said students, parents, teachers and"
1073,2062912787983294605,2,"Important announcement from CJP spokespersons about 6th June protest.

Assemble at Parliament Street police station at 9am

#cjp #delhi #protest #jantarmantar #trendingnow https://t.co/8exsPXrwbu",Important announcement from CJP spokespersons about 6th June protest. Assemble at Parliament Street police station at 9am cjp delhi protest jantarmantar trendingnow
1074,2062896972911226888,-1,"BIG

No request has been received for protest from CJP - Delhi Police 

Kejriwal model of anarchy repeating ?",BIG No request has been received for protest from CJP - Delhi Police Kejriwal model of anarchy repeating ?
1075,2080799937521160288,2,@psppavankalyan Can you comment on CJP protest in Delhi? What do you think ?,Can you comment on CJP protest in Delhi? What do you think ?
1076,2080798624049459642,0,"Dear PMO India, Amit Shah ji, Union Home Ministry, Narendra Modi ji,
@PMOIndia @AmitShah @AmitShahOffice @HMOIndia  @NitinNabin @rajnathsingh @nsitharaman @nsitharamanoffc @narendramodi

July 25, 2026:
DMK Party Anti-NEET and Anti-Modi Protests, DMK's Anti-BJP politics in the https://t.co/qbkzLCpKKy","Dear PMO India, Amit Shah ji, Union Home Ministry, Narendra Modi ji, July 25, 2026: DMK Party Anti-NEET and Anti-Modi Protests, DMK's Anti-BJP politics in the"
1077,2080797678724890979,10,"'Up To Centre To Refer': Delhi HC Dismisses PIL Seeking NIA Probe Against CJP Protesters Who Targeted Police 

https://t.co/is1UgT9Uvd https://t.co/7FtejaexUQ",'Up To Centre To Refer': Delhi HC Dismisses PIL Seeking NIA Probe Against CJP Protesters Who Targeted Police
1078,2080794329417929038,21,"CJP is offering Air tickets, and money to celebrities to come over to Delhi and participate in the protest.. 
#CJP exposed #cjp_पार्टी #cjp_ही_aap_है #CJParty 
George Soros, and ISI funding these protests..  https://t.co/4jseCNc14g","CJP is offering Air tickets, and money to celebrities to come over to Delhi and participate in the protest.. CJP exposed cjp_पार्टी cjp_ही_aap_है CJParty George Soros, and ISI funding these protests.."
1079,2080793902118760713,23,"CJP Jantar Mantar Protest: Centre defends protest videography as Delhi HC hears privacy plea

https://t.co/i3GarZKgbT",CJP Jantar Mantar Protest: Centre defends protest videography as Delhi HC hears privacy plea
1080,2080782580970930215,-1,"CJP stir: Abhijeet Dipke claims govt kept Sonam Wangchuk detained, says protest will continue until Dharmendra Pradhan quits
https://t.co/fFbBvjLFjj","CJP stir: Abhijeet Dipke claims govt kept Sonam Wangchuk detained, says protest will continue until Dharmendra Pradhan quits"
1081,2080778079627329617,28,"@Reuters Thank you world for showing the real picture of India. Mainstream media is sold out or spineless. We common people now depend on you and social media. Keep supporting the #CJP protest at #JantarMantar, New Delhi and across #India #World🙏","Thank you world for showing the real picture of India. Mainstream media is sold out or spineless. We common people now depend on you and social media. Keep supporting the CJP protest at JantarMantar, New Delhi and across India World🙏"
1082,2080777104292303264,3,"MEDIA ALSO BECOMES A TARGET OF PROTEST.
During the CJP protest in New Delhi, demonstrators displayed a banner criticising several television journalists and alleging bias in sections of the mainstream media.
The banner reflected the protesters' views and formed part of the https://t.co/4hlJZ5Rmnh","MEDIA ALSO BECOMES A TARGET OF PROTEST. During the CJP protest in New Delhi, demonstrators displayed a banner criticising several television journalists and alleging bias in sections of the mainstream media. The banner reflected the protesters' views and formed part of the"
1083,2080775601288523808,26,Now the delhi police has started harassing the student who are going to join the protest. @CJP_for_India please chime in this matter and dialogue with delhi police team why they are asking for Instagram id of the students and warning them to get back to home. #cjp_पार्टी #cjp,Now the delhi police has started harassing the student who are going to join the protest. please chime in this matter and dialogue with delhi police team why they are asking for Instagram id of the students and warning them to get back to home. cjp_पार्टी cjp
1084,2080775531440800182,4,"This happened in CJP protest in Delhi,,

They all NEET students' sir ?

What kind of speech this ,, educated NEET People's saarh ,
I🤬🤨🤨

Face is blur - bhai go and ask your mother ,

@CellDelhi https://t.co/gyCvKMH5b9","This happened in CJP protest in Delhi,, They all NEET students' sir ? What kind of speech this ,, educated NEET People's saarh , I🤬🤨🤨 Face is blur - bhai go and ask your mother ,"
1085,2080773317515210921,12,"CJp protest 400 criminals record found in Jantar Mantar protest. !!!

Delhi Police's FRS identified around 400 people with criminal records in and around the Jantar Mantar protest site between July 20 and July 24, with some suspects also linked to the July 20 vandalism

Source - https://t.co/UCsibpZPWz","CJp protest 400 criminals record found in Jantar Mantar protest. !!! Delhi Police's FRS identified around 400 people with criminal records in and around the Jantar Mantar protest site between July 20 and July 24, with some suspects also linked to the July 20 vandalism Source -"
1086,2080772220524335381,4,"In CJP NEET protest,,, Already have criminal records person attended to participated the CJP protest

But CJP allegedly said lie to Public - We doing NEET protest for Gen Z , very peaceful protest 

But what CJP did with proofs 👇  in Delhi NEET protest 

FRC can identified all https://t.co/InyElZBGtA","In CJP NEET protest,,, Already have criminal records person attended to participated the CJP protest But CJP allegedly said lie to Public - We doing NEET protest for Gen Z , very peaceful protest But what CJP did with proofs 👇 in Delhi NEET protest FRC can identified all"
1087,2080772175276188055,28,"@business Thank you world for showing the real picture of India. Mainstream media is sold out or spineless. We common people now depend on you and social media. Keep supporting the #CJP protest at #JantarMantar, New Delhi and across #India #World🙏","Thank you world for showing the real picture of India. Mainstream media is sold out or spineless. We common people now depend on you and social media. Keep supporting the CJP protest at JantarMantar, New Delhi and across India World🙏"
1088,2080768806012764184,5,No Metro: A nightmare for Delhi commuters but Jantar Mantar protesters find a cheat code  https://t.co/cNPDQU4tRD,No Metro: A nightmare for Delhi commuters but Jantar Mantar protesters find a cheat code
1089,2080762612615458854,4,"BRAVE GIRL 🔥 : You said CJP has nothing to do with politics. But entire protest is politicised. 

VIJETA DAHIYA : Listen to me 🤯

GIRL : This issue is no longer about students. You never talk about policy reforms. All you need is resignation. https://t.co/RADAFtcP3Y",BRAVE GIRL 🔥 : You said CJP has nothing to do with politics. But entire protest is politicised. VIJETA DAHIYA : Listen to me 🤯 GIRL : This issue is no longer about students. You never talk about policy reforms. All you need is resignation.
1090,2080758133505618334,21,"🚨 ACTRESS AKANKSHA PURI -

""I was offered money to support CJP and Jantar Mantar Protest.

They even offered me Flight tickets to Jantar Mantar. I was asked to post reels.

Many other creators received similar offers too.

I refused. Students should be supported genuinely. It is https://t.co/Uzpb5egtBH","🚨 ACTRESS AKANKSHA PURI - ""I was offered money to support CJP and Jantar Mantar Protest. They even offered me Flight tickets to Jantar Mantar. I was asked to post reels. Many other creators received similar offers too. I refused. Students should be supported genuinely. It is"
1091,2080757173974684126,32,"A police officer reportedly resigned on the spot during the CJP protest at Jantar Mantar, declaring that he could no longer serve in the Delhi Police. In his remarks, he alleged that the force had acted like ""gundas"" against peaceful protesters. #CJP #JantarMantar #DelhiPolice https://t.co/qSrH52tW78","A police officer reportedly resigned on the spot during the CJP protest at Jantar Mantar, declaring that he could no longer serve in the Delhi Police. In his remarks, he alleged that the force had acted like ""gundas"" against peaceful protesters. CJP JantarMantar DelhiPolice"
1092,2080756831736189215,-1,"#TMCP will hold a protest march in #Kolkata today following a call by #MamataBanerjee over the alleged police action against #students during a #protest in #Delhi.

#CockroachJantaParty #CJP #NEETIssue #NEETControversy #NEET #jantarmantardehli #JantarMantar #ProtestContinues",TMCP will hold a protest march in Kolkata today following a call by MamataBanerjee over the alleged police action against students during a protest in Delhi. CockroachJantaParty CJP NEETIssue NEETControversy NEET jantarmantardehli JantarMantar ProtestContinues
1093,2080748640763859142,19,"CJP supporters called off their peaceful sit-in protest near Film City, Noida Sector 16, after reportedly receiving a call from a Delhi Police official.

Read full report.
https://t.co/R0FtDBMlq1

@CPDelhi @DelhiPolice @DCPEastDelhi https://t.co/kppY2cIlXR","CJP supporters called off their peaceful sit-in protest near Film City, Noida Sector 16, after reportedly receiving a call from a Delhi Police official. Read full report."
1094,2080747406610866652,25,"AZAD KASHMIR !
This is write by CJPians at Delhi in cjp protest .
Is it relatable to any kind of paper leak?
 kindly enlighten . https://t.co/EPJGJ6qz35",AZAD KASHMIR ! This is write by CJPians at Delhi in cjp protest . Is it relatable to any kind of paper leak? kindly enlighten .
1095,2080746554047205881,-1,"Big Ego Clash in Delhi Police?

Delhi Police has cancelled the leave of all officers and personnel due to the prevailing law &amp; order situation. 

No routine leave has been permitted, and no officer can attend any training or course without the approval of the Commissioner of https://t.co/4mYypaayiA","Big Ego Clash in Delhi Police? Delhi Police has cancelled the leave of all officers and personnel due to the prevailing law & order situation. No routine leave has been permitted, and no officer can attend any training or course without the approval of the Commissioner of"
1096,2080746203168588220,4,"Delhi: On the CJP Protest, NCP(SP) MLA Rohit Pawar says, ""This protest is not a protest of a single person or a single party, it is a protest of the whole of India, the whole of the country. If you look here, people from all ages are coming here, even people aged around 80 years https://t.co/mibIw43sX0","Delhi: On the CJP Protest, NCP(SP) MLA Rohit Pawar says, ""This protest is not a protest of a single person or a single party, it is a protest of the whole of India, the whole of the country. If you look here, people from all ages are coming here, even people aged around 80 years"
1097,2080746190468169827,9,"🚨Delhi police detained several people near Sabz Burj and Safdarjung Tomb in the last 24 hours to stop them from going to the CJP protest.

A few among those held up at were minors. One of the cops told a group of three, “we are looking away, why aren’t you going.” 1/n","🚨Delhi police detained several people near Sabz Burj and Safdarjung Tomb in the last 24 hours to stop them from going to the CJP protest. A few among those held up at were minors. One of the cops told a group of three, “we are looking away, why aren’t you going.” 1/n"
1098,2080744758889324553,-1,"TikTok era is officially back... 💀

The CJP protest turned this guy into an influencer overnight.

His video alone crossed 127+ million views overnight.

Meanwhile, it also made every random cockroach, tiny news channel, and small creator go viral.

At this point, it even made https://t.co/2D1llHQFiE","TikTok era is officially back... 💀 The CJP protest turned this guy into an influencer overnight. His video alone crossed 127+ million views overnight. Meanwhile, it also made every random cockroach, tiny news channel, and small creator go viral. At this point, it even made"
1099,2080743800100815212,-1,"BREAKING:  🇮🇳The Cockroach Revolt: India’s Students Turned an Insult Into a Movement.

New Delhi--While capitalist democracies celebrate Indian leaders and draw up trade and military agreements, a deep unrest among young students across India is taking on ominous tones. On https://t.co/v88gw6gHRK","BREAKING: 🇮🇳The Cockroach Revolt: India’s Students Turned an Insult Into a Movement. New Delhi--While capitalist democracies celebrate Indian leaders and draw up trade and military agreements, a deep unrest among young students across India is taking on ominous tones. On"
1100,2080742990856032650,-1,"▶️ #WATCH | Responding to the CJP's call for nationwide protests, the Students' Federation of India', the student wing of the Communist Party of India Marxist -CPIM staged a protest at the Delhi University Vice Chancellor's office.

Video Courtesy - @SfiDelhi 

#SFI https://t.co/25zu9fd39C","▶️ WATCH | Responding to the CJP's call for nationwide protests, the Students' Federation of India', the student wing of the Communist Party of India Marxist -CPIM staged a protest at the Delhi University Vice Chancellor's office. Video Courtesy - SFI"
1101,2080742471735382148,1,"Nice job Delhi Police. 2500 criminals identifed in CJP protest. More people are getting tagged and identified everyday. Deny them jobs, Govt. benefits and target them wherever possible. 

https://t.co/tdRIQ5knxG","Nice job Delhi Police. 2500 criminals identifed in CJP protest. More people are getting tagged and identified everyday. Deny them jobs, Govt. benefits and target them wherever possible."
1102,2080741875297014202,4,"@samseer_ahamed curious to know..

will you continue the protest every day and night until NEET ban if CJP Delhi protest ends tomorrow?",curious to know.. will you continue the protest every day and night until NEET ban if CJP Delhi protest ends tomorrow?
1103,2080741697806557634,13,Hey @grok give update if CJP protest in delhi ? What  is Sonam Wangchuk's stand? Is CJP's stand is conflicting?,Hey give update if CJP protest in delhi ? What is Sonam Wangchuk's stand? Is CJP's stand is conflicting?
1104,2080739084587430027,4,The #CJP is just a mouthpiece for a larger geopolitical narrative. Why are these protests only happening in Delhi instead of all over India? Why does the CJP only protest for NEET and not for state-level exams? They are simply using the NEET controversy to gain fame.,The CJP is just a mouthpiece for a larger geopolitical narrative. Why are these protests only happening in Delhi instead of all over India? Why does the CJP only protest for NEET and not for state-level exams? They are simply using the NEET controversy to gain fame.
1105,2080737453397475587,1,"@Rusia_HD Modi's military adviser, Lt Gen Rajeev Ghai, vows total suppression of the CJP protest. Delhi streets witness the raw power of state-backed intimidation. 

#IndianMilitary #HumanRights","Modi's military adviser, Lt Gen Rajeev Ghai, vows total suppression of the CJP protest. Delhi streets witness the raw power of state-backed intimidation. IndianMilitary HumanRights"
1106,2080735309982302516,-1,"A man says Har Har Modi.
@abhijeet_dipke thugs descend on him and nearly lynch the man.
This is ‘CJP’ definition of peaceful protest.
In the heart of Delhi a murderous mob led by a woman ‘protestor’.
Violence: This is what this ‘protest’ is really about. https://t.co/r1vH0oW3wr",A man says Har Har Modi. thugs descend on him and nearly lynch the man. This is ‘CJP’ definition of peaceful protest. In the heart of Delhi a murderous mob led by a woman ‘protestor’. Violence: This is what this ‘protest’ is really about.
1107,2080734145916088330,-1,"student protest saar f""k off cjp terriost!!Congress leader Mani Shankar brings up Delhi Riots 2020 Key Accused Umar Khalid and Sharjeel Imam from CJP protest stage","student protest saar f""k off cjp terriost!!Congress leader Mani Shankar brings up Delhi Riots 2020 Key Accused Umar Khalid and Sharjeel Imam from CJP protest stage"
1108,2080733850230235516,-1,"'Avoid Notified Areas': Delhi Traffic Cops Issue Advisory Amid Protests
https://t.co/ODAY20eZXO https://t.co/5vXpRs6DCt",'Avoid Notified Areas': Delhi Traffic Cops Issue Advisory Amid Protests
1109,2080732591330857417,3,"Delhi | Jantar Mantar | CJP Protest

One thing that stands out during this CJP protest is that more women than men appear to be using abusive language on camera, and doing so openly. Most of these remarks are directed at the Hindu community. What makes it even more striking, in","Delhi | Jantar Mantar | CJP Protest One thing that stands out during this CJP protest is that more women than men appear to be using abusive language on camera, and doing so openly. Most of these remarks are directed at the Hindu community. What makes it even more striking, in"
1110,2080732387881980210,21,"This woman at the CJP protest is threatening to turn Delhi into Nepal.  
She looks suspicious.
@DelhiPolice must investigate her links. 
From @erbmjha https://t.co/Xdgdzm5s8u",This woman at the CJP protest is threatening to turn Delhi into Nepal. She looks suspicious. must investigate her links. From
1111,2080732184827343055,21,"@MeghUpdates This woman at the CJP protest is threatening to turn Delhi into Nepal.  
She looks suspicious.
@DelhiPolice must investigate her links. 
From @erbmjha https://t.co/78Pmq8rSmM",This woman at the CJP protest is threatening to turn Delhi into Nepal. She looks suspicious. must investigate her links. From
1112,2080731989926437192,21,"@NewsAlgebraIND This woman at the CJP protest is threatening to turn Delhi into Nepal.  
She looks suspicious.
@DelhiPolice must investigate her links. 

From @erbmjha https://t.co/kZi2Ti5Wch",This woman at the CJP protest is threatening to turn Delhi into Nepal. She looks suspicious. must investigate her links. From
1113,2080731708752908508,21,"This woman at the CJP protest is threatening to turn Delhi into Nepal. 
She looks suspicious. 
@DelhiPolice must investigate her links.
From @erbmjha https://t.co/pYFCzns1oj",This woman at the CJP protest is threatening to turn Delhi into Nepal. She looks suspicious. must investigate her links. From
1114,2080730527888552400,-1,@DrHafeezDMKoffl It was the hate agenda against vijay in the name of protestors who started all these. Any people's movement should be an inclusive one. I ve seen every vijay fan here in twitter supporting CJP and Delhi protest but it was the chennai crowd who unnecessarily started hate game.,It was the hate agenda against vijay in the name of protestors who started all these. Any people's movement should be an inclusive one. I ve seen every vijay fan here in twitter supporting CJP and Delhi protest but it was the chennai crowd who unnecessarily started hate game.
1115,2080728559153451513,-1,"@MahuaMoitra is the greatest irony of this protest. The 2016 panel was cancelled after the school recruitment scam. When job aspirants protested, they faced lathi charges and police action. Now she has joined the CJP Delhi student protest, claiming solidarity. What an irony.","is the greatest irony of this protest. The 2016 panel was cancelled after the school recruitment scam. When job aspirants protested, they faced lathi charges and police action. Now she has joined the CJP Delhi student protest, claiming solidarity. What an irony."
1116,2080728084366397686,20,"Videos emerge showing police using increasingly violent methods to stop #India’s student protest movement in the capital, New Delhi. More than 100 students have reportedly been injured, amid claims some were hit by pellet guns.
#CJP
#GenZ
https://t.co/TgUbV830y0","Videos emerge showing police using increasingly violent methods to stop India’s student protest movement in the capital, New Delhi. More than 100 students have reportedly been injured, amid claims some were hit by pellet guns. CJP GenZ"
1117,2080727932516143551,17,CJP Protest Delhi: Was Pellet Gun Use Justified? Are There Clear SOPs Fo... https://t.co/zRNoKJZ5XL via @YouTube,CJP Protest Delhi: Was Pellet Gun Use Justified? Are There Clear SOPs Fo... via
1118,2080725409747120404,4,"@FrontalForce CJP is no more a student protest but a political protest sponsored by AAP, Congress and other opposition parties. Majority are voters of opposition parties and have Anti social background. Delhi police needs to treat this as Law and Order problem 
@CPDelhi 
@HMOIndia","CJP is no more a student protest but a political protest sponsored by AAP, Congress and other opposition parties. Majority are voters of opposition parties and have Anti social background. Delhi police needs to treat this as Law and Order problem"
1119,2080724587386687674,9,"@DelhiPolice says ""there is no ban on food""? Then explain why you issued an official notice requiring Swiggy, Zomato, and Blinkit to stop deliveries to the protest area. Explain why you cut off electricity and drinking water at Jantar Mantar. Explain why your police intercepted https://t.co/qGsVJpxzdZ","says ""there is no ban on food""? Then explain why you issued an official notice requiring Swiggy, Zomato, and Blinkit to stop deliveries to the protest area. Explain why you cut off electricity and drinking water at Jantar Mantar. Explain why your police intercepted"
1120,2080723316953027028,27,"Delhi: Amid the CJP protest near Jantar Mantar, a pizza delivery boy was allegedly surrounded by a crowd at Tolstoy Marg.

A viral video shows people taking pizzas from his bike while the delivery worker was caught in the middle of the chaos. He reportedly suffered an injury to https://t.co/rMHETlndiC","Delhi: Amid the CJP protest near Jantar Mantar, a pizza delivery boy was allegedly surrounded by a crowd at Tolstoy Marg. A viral video shows people taking pizzas from his bike while the delivery worker was caught in the middle of the chaos. He reportedly suffered an injury to"
1121,2080722957568209376,-1,"Superpower or suppressed power? India's poor are begging, jobless, and homeless. Yet politicians want to rule with arrogance. Will the people's strength win? #ProtestIndia #CJP #CockroachJantaParty #neet #NEET_Se_Bada_LEAK_UPSRLM_रिक्रूटमेंट #Cockroach #delhi #Protest https://t.co/KZYkiuhein","Superpower or suppressed power? India's poor are begging, jobless, and homeless. Yet politicians want to rule with arrogance. Will the people's strength win? ProtestIndia CJP CockroachJantaParty neet NEET_Se_Bada_LEAK_UPSRLM_रिक्रूटमेंट Cockroach delhi Protest"
1122,2080721367201468480,5,"You can shut 17 metro stations and line up barricades across Central Delhi, but you can’t lock down an entire generation asking for basic accountability.

Hundreds on the pavement today at Jantar Mantar. 

#jantarmantar #cjp #delhi #protest https://t.co/mYckCGJb4u","You can shut 17 metro stations and line up barricades across Central Delhi, but you can’t lock down an entire generation asking for basic accountability. Hundreds on the pavement today at Jantar Mantar. jantarmantar cjp delhi protest"
1123,2080719967922856177,-1,"Delhi is hijacked by GenZ 😄🫡..!

#cjp #JantarManatar #protest",Delhi is hijacked by GenZ 😄🫡..! cjp JantarManatar protest
1124,2080719581833011672,1,"Feeling ashamed of these #GenG  for their sheer shamelessness. Tr his is absolutely  no protest. Right to freedom of speech doesn't mean, you stoop to vulgarity #cjp #jantarManter #Delhi #sansadmarch https://t.co/jC7SZzTiVt","Feeling ashamed of these GenG for their sheer shamelessness. Tr his is absolutely no protest. Right to freedom of speech doesn't mean, you stoop to vulgarity cjp jantarManter Delhi sansadmarch"
1125,2080719283219525914,23,"CJP protest: Supreme Court to take up petitions against ‘excessive’ use of police force on Monday 

@satyastp_satya reports 

https://t.co/lzmZb2bbf1",CJP protest: Supreme Court to take up petitions against ‘excessive’ use of police force on Monday reports
1126,2080718501527064671,-1,"I just remembered Delhi has a CM...!

#cjp #JantarManatar #protest",I just remembered Delhi has a CM...! cjp JantarManatar protest
1127,2080718438281232562,2,"💥MUST READ ARTICLE

@dpradhanbjp Dharmendra Pradhan just a fish - @narendramodi Modithe shark waiting to be netted?*

In the humid July days of 2026, the streets around Jantar Mantar in New Delhi have pulsed with a new kind of energy. What began in May as online satire—the https://t.co/qMhArOZTan","💥MUST READ ARTICLE Dharmendra Pradhan just a fish - Modithe shark waiting to be netted?* In the humid July days of 2026, the streets around Jantar Mantar in New Delhi have pulsed with a new kind of energy. What began in May as online satire—the"
1128,2080718383725916441,4,"One question I’m genuinely curious about is what’s in it for Abhijeet Dipke in this protest? if he gets what he’s demanding, I don’t think he’ll do any ordinary job. So what do you think motivates him?

#delhi #delhi_protest_protest #neet #cjp","One question I’m genuinely curious about is what’s in it for Abhijeet Dipke in this protest? if he gets what he’s demanding, I don’t think he’ll do any ordinary job. So what do you think motivates him? delhi delhi_protest_protest neet cjp"
1129,2080716606012067911,29,"🚨 BIG BREAKING

Delhi Police IDENTIFIED several ""BAD CHARACTERS"" with CRIMINAL records ahead of the CJP protest and took 215 people into PREVENTIVE CUSTODY based on intelligence inputs to PREVENT any law-and-order disruption.","🚨 BIG BREAKING Delhi Police IDENTIFIED several ""BAD CHARACTERS"" with CRIMINAL records ahead of the CJP protest and took 215 people into PREVENTIVE CUSTODY based on intelligence inputs to PREVENT any law-and-order disruption."
1130,2080716431898140807,4,"Comedy Video Creator Aaryan Kelvin said something on CJP NEET Protest on Jantar Mantar Delhi but he is not aware about full details. So don't take it seriously and otherwise.

#AaryanKelvin #cjp #JantarMantar #NEETStudent #NEETprotest #NEET @AaryannKelvinn https://t.co/LEkpKnDeEF",Comedy Video Creator Aaryan Kelvin said something on CJP NEET Protest on Jantar Mantar Delhi but he is not aware about full details. So don't take it seriously and otherwise. AaryanKelvin cjp JantarMantar NEETStudent NEETprotest NEET
1131,2080715562288828832,3,"This is OpIndia journalist @RitikaChandola covering the CJP protest. 

Her full ground report https://t.co/dbdpKVBMLg",This is OpIndia journalist covering the CJP protest. Her full ground report
1132,2080714192315908583,2,"Security personnel stand guard as protesters gather at Jantar Mantar in New Delhi, where the CJP-led agitation continues amid heightened security on 24 July, 2026. Photo : Suraj Singh Bisht/The Print https://t.co/fNUrn8Qydy","Security personnel stand guard as protesters gather at Jantar Mantar in New Delhi, where the CJP-led agitation continues amid heightened security on 24 July, 2026. Photo : Suraj Singh Bisht/The Print"
1133,2080710480369496475,8,"Lakhs of people gathered in Pune on Friday after the Cockroach Janta Party (CJP) called for a protest rally, with Opposition parties extending support, as the ongoing dissent at Jantar Mantar in New Delhi continues to intensify. The rally, held between 3 pm and 7 pm, began at https://t.co/RmXq31amxY","Lakhs of people gathered in Pune on Friday after the Cockroach Janta Party (CJP) called for a protest rally, with Opposition parties extending support, as the ongoing dissent at Jantar Mantar in New Delhi continues to intensify. The rally, held between 3 pm and 7 pm, began at"
1134,2080710264237048025,1,"@JaipurDialogues @DelhiPolice Delhi Police must take action without hesitation against all those who threatened &amp; abused PM Modi in filthy language,that has nothing todo with CJP protest, they shouldn't go unpunished !!","Delhi Police must take action without hesitation against all those who threatened & abused PM Modi in filthy language,that has nothing todo with CJP protest, they shouldn't go unpunished !!"
1135,2080710107856511438,3,"WTF Is Happening At CJP Protest ?

A man allegedly chanted ""Har Har Modi, Ghar Ghar Modi"", he claims he didn't do so.

Within minutes, the CJP's Khap Panchayat took matter into its hands.

CJP goons mercilessly thrashed the man, for allegedly chanting a simple slogan.

CJP https://t.co/FlcXbW2w0n","WTF Is Happening At CJP Protest ? A man allegedly chanted ""Har Har Modi, Ghar Ghar Modi"", he claims he didn't do so. Within minutes, the CJP's Khap Panchayat took matter into its hands. CJP goons mercilessly thrashed the man, for allegedly chanting a simple slogan. CJP"
1136,2080709319700726170,-1,"https://t.co/oYHGtHTeZX
BENGALURU: As tens of thousands of young Indians protested in Delhi this week over exam paper leaks and alleged failures in the country's education system, local media reports of signal jammers and internet disruptions around the protest site prompted many","BENGALURU: As tens of thousands of young Indians protested in Delhi this week over exam paper leaks and alleged failures in the country's education system, local media reports of signal jammers and internet disruptions around the protest site prompted many"
1137,2080707855565656474,8,"Gen Z Takes to the Streets: Delhi Paper Leak Protest Intensifies

Young voices are once again making headlines as Gen Z protesters gather at New Delhi's Jantar Mantar under the banner of the Cockroach Janta Party (CJP). Demonstrators are demanding the resignation of Education https://t.co/TVhCLQhaf4",Gen Z Takes to the Streets: Delhi Paper Leak Protest Intensifies Young voices are once again making headlines as Gen Z protesters gather at New Delhi's Jantar Mantar under the banner of the Cockroach Janta Party (CJP). Demonstrators are demanding the resignation of Education
1138,2080707609154482485,23,"#CJP protest: #SupremeCourt to take up petitions against ‘excessive’ use of police force on Monday
Court agreed to take up on Monday two petitions alleging #excessive_use of police force across India against #students protesting against exam paper leaks.
https://t.co/Xvsm1Gbzs3",CJP protest: SupremeCourt to take up petitions against ‘excessive’ use of police force on Monday Court agreed to take up on Monday two petitions alleging excessive_use of police force across India against students protesting against exam paper leaks.
1139,2080707303624343960,22,"Protest happening 12 km from jamia millia with barely muslims visibility in the protest still delhi police recording the details of innocent muslim students at gate no 2 of jamia millia islamia. 
The struggle just to be a Muslim in india is more brutal than the brutality on CJP.",Protest happening 12 km from jamia millia with barely muslims visibility in the protest still delhi police recording the details of innocent muslim students at gate no 2 of jamia millia islamia. The struggle just to be a Muslim in india is more brutal than the brutality on CJP.
1140,2080707180798627861,18,"🪳 A guy from Kerala claims the CJP protest in Delhi is deeply connected to Islam, citing rise of cockroaches. https://t.co/q0I2Lc1hOS","🪳 A guy from Kerala claims the CJP protest in Delhi is deeply connected to Islam, citing rise of cockroaches."
1141,2080706133275394532,10,"Why Delhi High Court declined to entertain plea seeking NIA probe into CJP protest

Read More:
https://t.co/0ecTGEXzC2",Why Delhi High Court declined to entertain plea seeking NIA probe into CJP protest Read More:
1142,2080706007802777815,-1,"Dear DU students of Delhi,

Please make sure you turn up in large numbers to the CJP protest, the moment DU opens up.

Time to respect the wishes of these bootlickers by completely ignoring them.","Dear DU students of Delhi, Please make sure you turn up in large numbers to the CJP protest, the moment DU opens up. Time to respect the wishes of these bootlickers by completely ignoring them."
1143,2080704928880939510,5,"Delhi Metro Rail Corporation announces that 18 Metro stations will be closed from 07:30 AM tomorrow till further instructions 
🪳✊ #CJP Protest #Live Updates ➠ https://t.co/FwYpROQ5pz 📋 https://t.co/hUzAKyN1V0",Delhi Metro Rail Corporation announces that 18 Metro stations will be closed from 07:30 AM tomorrow till further instructions 🪳✊ CJP Protest Live Updates ➠ 📋
1144,2080704755085840881,1,"Kerala Police filed an FIR against 99 people for organizing a protest in support of CJP. No more Death of Democracy, because it happened in Congress ruled state

#CJPProtest https://t.co/vo6rJQ0XVc","Kerala Police filed an FIR against 99 people for organizing a protest in support of CJP. No more Death of Democracy, because it happened in Congress ruled state CJPProtest"
1145,2080704173214187546,2,Bharatiya Kisan Union (Ekta Ugrahan) has announced that it will join the ongoing students' protest at Jantar Mantar in Delhi. The farmers' union will march to the national capital on July 27 and has said its members will remain in Delhi until the students' demands are accepted. https://t.co/At7pHpLZik,Bharatiya Kisan Union (Ekta Ugrahan) has announced that it will join the ongoing students' protest at Jantar Mantar in Delhi. The farmers' union will march to the national capital on July 27 and has said its members will remain in Delhi until the students' demands are accepted.
1146,2080703313553822017,-1,"Congress leader Mani Shankar brings up Delhi Riots 2020 Key Accused Umar Khalid and Sharjeel Imam from CJP protest stage, probably to appease their vote bank

#CJPRiots #CJPProtest https://t.co/9mGjcKOE5a","Congress leader Mani Shankar brings up Delhi Riots 2020 Key Accused Umar Khalid and Sharjeel Imam from CJP protest stage, probably to appease their vote bank CJPRiots CJPProtest"
1147,2080702550504800597,30,"The Delhi Traffic Police has advised ride-hailing, food delivery, quick-commerce, logistics, and e-commerce platforms to regulate operations in areas under Section 163 BNSS restrictions due to the ongoing CJP protest. Emergency services will continue to operate without https://t.co/8odyEgOOl0","The Delhi Traffic Police has advised ride-hailing, food delivery, quick-commerce, logistics, and e-commerce platforms to regulate operations in areas under Section 163 BNSS restrictions due to the ongoing CJP protest. Emergency services will continue to operate without"
1148,2080702250591350938,32,"Uttarakhand police constable Sher Singh arrived at the CJP protest stage full of enthusiasm, handed over his resignation/badge to Abhijeet Dicpe, and declared his support for the students’ movement. 

Reality: Sher Singh was already under suspension and has a criminal record. https://t.co/rVy2dwGCLX","Uttarakhand police constable Sher Singh arrived at the CJP protest stage full of enthusiasm, handed over his resignation/badge to Abhijeet Dicpe, and declared his support for the students’ movement. Reality: Sher Singh was already under suspension and has a criminal record."
1149,2080701792896328052,-1,"▶️ #WATCH | Mehraj Malik @MehrajMalikAAP, the Aam Aadmi Party's Jammu and Kashmir president and MLA from Doda, extended his support by joining the CJP protest at Delhi's Jantar Mantar after serving an eight month prisonment.

Malik addressed the gathering and said :

➡️ I have https://t.co/10xohBxyxU","▶️ WATCH | Mehraj Malik , the Aam Aadmi Party's Jammu and Kashmir president and MLA from Doda, extended his support by joining the CJP protest at Delhi's Jantar Mantar after serving an eight month prisonment. Malik addressed the gathering and said : ➡️ I have"
1150,2080701633940656604,-1,"By injecting politics into the protest and attempting to portray the students movement as one against the #TVKVijay‌ government, those who directed their hostility toward Chief Minister Vijay and the TVK administration have now been exposed by actress @ungalsanam.

At a time when https://t.co/tMbq9CYTEs","By injecting politics into the protest and attempting to portray the students movement as one against the TVKVijay‌ government, those who directed their hostility toward Chief Minister Vijay and the TVK administration have now been exposed by actress . At a time when"
1151,2080701358358065515,11,"In an interview during the protest at Jantar Mantar, CJP founder Abhijeet Dipke responded to allegations of violence and stone-pelting by supporters. He denied that the protesters had resorted to violence, alleging instead that those involved in the violence were sent by the BJP. https://t.co/RZBadZ3w0i","In an interview during the protest at Jantar Mantar, CJP founder Abhijeet Dipke responded to allegations of violence and stone-pelting by supporters. He denied that the protesters had resorted to violence, alleging instead that those involved in the violence were sent by the BJP."
1152,2080701297012179009,-1,"It’s well past noon, and thousands of young men and women, are sitting under the hazy Delhi sun, joining a protest which has been ongoing for quite some time with renewed vigour on Friday after the Cockroach Janata Party (CJP) called for a nation-wide stir to pressure the https://t.co/0rkTiYpUZ7","It’s well past noon, and thousands of young men and women, are sitting under the hazy Delhi sun, joining a protest which has been ongoing for quite some time with renewed vigour on Friday after the Cockroach Janata Party (CJP) called for a nation-wide stir to pressure the"
1153,2080701159044694328,25,"Corruption in India-Ki!! chuslims.
Paper leaks in India-Ki!! chuslims.
Pollution in India-Ki!! chuslims.
Poverty in India-Ki!! chuslims.
Covid in India-Ki!! chuslims.
GDP slowdown-Ki!! chuslims. It should be the official Indian policy. #cjp_पार्टी #cjp #Protest #Delhi #Pradhan",Corruption in India-Ki!! chuslims. Paper leaks in India-Ki!! chuslims. Pollution in India-Ki!! chuslims. Poverty in India-Ki!! chuslims. Covid in India-Ki!! chuslims. GDP slowdown-Ki!! chuslims. It should be the official Indian policy. cjp_पार्टी cjp Protest Delhi Pradhan
1154,2080700658685247882,8,"""Sometimes a message crosses borders. This one feels relevant to what's happening in India too.
#JantarMantar
#protest
#StudentsProtest
#IndiaPolitics
#delhi
#NEET
#bjp
#cjp
#cockroach
#abhijeethdipke
#cjp_पार्टी https://t.co/tuZZ8pNSvU","""Sometimes a message crosses borders. This one feels relevant to what's happening in India too. JantarMantar protest StudentsProtest IndiaPolitics delhi NEET bjp cjp cockroach abhijeethdipke cjp_पार्टी"
1155,2080700430447972769,-1,"So ,  CJP leaders are in ""talks "" with BJP 's ministers  , UP police  detained   family members of Junaid Bhai , who has become  famous for his unconditional support to CJP  ""led "" protest in Delhi  since the beginning  ! Muslims are repeatedly being  targeted more than others !","So , CJP leaders are in ""talks "" with BJP 's ministers , UP police detained family members of Junaid Bhai , who has become famous for his unconditional support to CJP ""led "" protest in Delhi since the beginning ! Muslims are repeatedly being targeted more than others !"
1156,2080699906608476367,-1,"If you hear about anyone from army or paramilitary forces quit in solidarity with Cockroaches led CJP protest at Jantar Mantar Delhi and other places, it is likely to be a fake news.","If you hear about anyone from army or paramilitary forces quit in solidarity with Cockroaches led CJP protest at Jantar Mantar Delhi and other places, it is likely to be a fake news."
1157,2080699853085278545,0,"My prediction:

 Dharmendra Pradhan will resign tomorrow.

#resign #education #CJP #cjp_पार्टी #cjp #delhi #NEETLeakScam #NEET #neet #protest #TVK #TVKVijayHQ #congress https://t.co/cbwQA2naRi",My prediction: Dharmendra Pradhan will resign tomorrow. resign education CJP cjp_पार्टी cjp delhi NEETLeakScam NEET neet protest TVK TVKVijayHQ congress
1158,2080699791827415366,6,"Delhi Police were just patrolling peacefully at Jantar Mantar, but behind them some protesters were trying to provoke them.

They were chanting ""Delhi Police hay hay,"" and some were even shouting that the police doing a lathi charge, even though they were not.

This is the https://t.co/EwgLd1XrB6","Delhi Police were just patrolling peacefully at Jantar Mantar, but behind them some protesters were trying to provoke them. They were chanting ""Delhi Police hay hay,"" and some were even shouting that the police doing a lathi charge, even though they were not. This is the"
1159,2080699551850414413,0,The day Karnataka gets BJP government I would love to see the live encounter of Goobear mulla Mohammad madarchod for being terrorist. We will be there. #cjp_पार्टी #cjp #Protest #Delhi #Resignation #pradhan,The day Karnataka gets BJP government I would love to see the live encounter of Goobear mulla Mohammad madarchod for being terrorist. We will be there. cjp_पार्टी cjp Protest Delhi Resignation pradhan
1160,2080699298350829769,11,"Uproar at Delhi's Jantar Mantar: Nihangs warn CJP founder

New Delhi: The atmosphere heated up during the ongoing protest against the NEET Paper Leak at Delhi's Jantar Mantar when Nihangs warned CJP founder Abhijeet Deepak.

The video of this heated debate during the protest is https://t.co/ER2lhDx0J7",Uproar at Delhi's Jantar Mantar: Nihangs warn CJP founder New Delhi: The atmosphere heated up during the ongoing protest against the NEET Paper Leak at Delhi's Jantar Mantar when Nihangs warned CJP founder Abhijeet Deepak. The video of this heated debate during the protest is
1161,2080698412400623851,26,"Film Fraternity stands with students | CJP protest craw celebrity reactions

#StudentProtest #Education #Delhi #JantarMantar #NEETPaperLeakCase #NewsToday | @sardesairajdeep https://t.co/sdKtbnNnlP",Film Fraternity stands with students | CJP protest craw celebrity reactions StudentProtest Education Delhi JantarMantar NEETPaperLeakCase NewsToday |
1162,2080698384478843082,-1,"Pakistan sponsored Khalistan terrorist group Sikhs for Justice (SFJ) — designated an unlawful association in India — has publicly announced $1 million in support for the CJP protest campaign.

SFJ chief Gurpatwant Singh Pannun, himself designated an individual terrorist, tied the https://t.co/pOXhOTOuCz","Pakistan sponsored Khalistan terrorist group Sikhs for Justice (SFJ) — designated an unlawful association in India — has publicly announced $1 million in support for the CJP protest campaign. SFJ chief Gurpatwant Singh Pannun, himself designated an individual terrorist, tied the"
1163,2080697365472875001,1,"Attention to this news ! 
While govt "" negotiating "" with CJP leaders in Delhi  , crack down is going on student organizers  in Bihar ! 

Yesterday, Bihar police fired 30 rounds of fire at the student protest in Jehanabad ! Talk more about Bihar !","Attention to this news ! While govt "" negotiating "" with CJP leaders in Delhi , crack down is going on student organizers in Bihar ! Yesterday, Bihar police fired 30 rounds of fire at the student protest in Jehanabad ! Talk more about Bihar !"
1164,2080696568265511417,-1,"47 NTA officials sacked amid nationwide student protests, more cleanup to follow https://t.co/1CENnp6TSV","47 NTA officials sacked amid nationwide student protests, more cleanup to follow"
1165,2080696251625111928,29,"ACTION HAS STARTED MUCH BEFORE THAN ANTICIPATED🔥

Delhi Police has Identified 215 ""Bad Characters"" with Criminal records heading to join CJP protest &amp; have taken them into PREVENTIVE CUSTODY based on intelligence inputs to prevent any law &amp; order disruption.

Dipke must stay","ACTION HAS STARTED MUCH BEFORE THAN ANTICIPATED🔥 Delhi Police has Identified 215 ""Bad Characters"" with Criminal records heading to join CJP protest & have taken them into PREVENTIVE CUSTODY based on intelligence inputs to prevent any law & order disruption. Dipke must stay"
1166,2080695996368224538,26,"@archanakra @DelhiPolice Rather you should sent message to protestors, tag CJP guys and tell them not to instigate students in Delhi and avoid free food for peaceful protest.","Rather you should sent message to protestors, tag CJP guys and tell them not to instigate students in Delhi and avoid free food for peaceful protest."
1167,2080695961995857937,12,"🚨 Delhi Police used facial recognition at the CJP protest in Jantar Mantar.  

Sources say the system flagged 200+ wanted criminals who visited the site, many allegedly there to create violence.  

Police have registered multiple FIRs and are checking over 300 videos.  

The","🚨 Delhi Police used facial recognition at the CJP protest in Jantar Mantar. Sources say the system flagged 200+ wanted criminals who visited the site, many allegedly there to create violence. Police have registered multiple FIRs and are checking over 300 videos. The"
1168,2080695943356420547,10,Delhi High Court rejects PIL Seeking NIA Probe into CJP Protest at Jantar Mantar in New Delhi. https://t.co/FnMWGh6rJJ,Delhi High Court rejects PIL Seeking NIA Probe into CJP Protest at Jantar Mantar in New Delhi.
1169,2080695613881254043,-1,"No food, no water? #DelhiPolice advisory asks app-based mobility, food delivery, quick-commerce and logistics companies to regulate or suspend services in #JantarMantar area, #CJP says govt wants to 'lay siege' to student protest site
https://t.co/suJPXuFB9H","No food, no water? DelhiPolice advisory asks app-based mobility, food delivery, quick-commerce and logistics companies to regulate or suspend services in JantarMantar area, CJP says govt wants to 'lay siege' to student protest site"
1170,2080695251392766441,17,"‘30 pellets still inside my body’: Journalist hurt in CJP protest seeks compensation
https://t.co/aLDOCuY6en",‘30 pellets still inside my body’: Journalist hurt in CJP protest seeks compensation
1171,2080694330625581112,17,"Rahul Gandhi presents injured student protester, demands action over alleged pellet gun use
#cjp_पार्टी #PelletGun #RahulGandhi #CJPProtest 
https://t.co/POdjQEyMR2 #genzprotest","Rahul Gandhi presents injured student protester, demands action over alleged pellet gun use cjp_पार्टी PelletGun RahulGandhi CJPProtest genzprotest"
1172,2080693392284193081,2,"#Delhi NCR #protest #jantarmantarprotest
24/07/2026 #varal video #cjp https://t.co/x92LBCM4ba",Delhi NCR protest jantarmantarprotest 24/07/2026 varal video cjp
1173,2080693155901669402,2,"#Delhi NCR #protest #jantarmantarprotest
24/07/2026 #varal video #cjp https://t.co/9DEMIEcGPZ",Delhi NCR protest jantarmantarprotest 24/07/2026 varal video cjp
1174,2080692734315438221,12,"REPOST AS MUCH AS YOU CAN! 🇮🇳

🇮🇳The brutality and propaganda tactics of the Modi government and Delhi Police know no limits. Here is a list of everything they have done so far to crack down on the student protest.

- Using facial recognition systems to identify protesters in",REPOST AS MUCH AS YOU CAN! 🇮🇳 🇮🇳The brutality and propaganda tactics of the Modi government and Delhi Police know no limits. Here is a list of everything they have done so far to crack down on the student protest. - Using facial recognition systems to identify protesters in
1175,2080692477485564388,17,"Pellet gun controversy at the CJP protest | Protesters allege a pellet gun attack, while Delhi Police deny using pellet guns.

Who is accountable for the pellet injuries?

Tune in for more in this report.

#NEETPaperLeakCase #StudentProtest #Education #Delhi #JantarMantar https://t.co/obXZrrrNDc","Pellet gun controversy at the CJP protest | Protesters allege a pellet gun attack, while Delhi Police deny using pellet guns. Who is accountable for the pellet injuries? Tune in for more in this report. NEETPaperLeakCase StudentProtest Education Delhi JantarMantar"
1176,2080691254854353380,7,"'Govt sought time till tomorrow to decide on #DharmendraPradhan's resignation', CJP after meeting Union ministers

A meeting was held between Union Ministers #JPNadda (@JPNadda) and Dr Jitendra Singh (@DrJitendraSingh), and #CJP chief spokesperson #SauravDas (@SauravDassss) and https://t.co/dMvp5VNtwy","'Govt sought time till tomorrow to decide on DharmendraPradhan's resignation', CJP after meeting Union ministers A meeting was held between Union Ministers JPNadda () and Dr Jitendra Singh (), and CJP chief spokesperson SauravDas () and"
1177,2080691013061153104,4,"Observations at CJP protest today around 4:30 PM: 

1- Hundreds of people are just walking in and out at all times. 
2- Generally the crowd is just chilling, bunking school/college for feels. 
3- There are clusters of the serious protesters who are raising slogans. 
4- That neem https://t.co/bwEj6b4sSv","Observations at CJP protest today around 4:30 PM: 1- Hundreds of people are just walking in and out at all times. 2- Generally the crowd is just chilling, bunking school/college for feels. 3- There are clusters of the serious protesters who are raising slogans. 4- That neem"
1178,2080690847830704495,0,"2017 January : Jallikattu Protest. Tamilnadu m

2026 July : Cockroach Gen'zs Protest against NEET. New Delhi. 

Merely 10 years. 

Nothing changed. 

Fcuk you BJP, RSS, the coward TVK Chief &amp; his idiotic tharkuris. 

#NEETLeakScam
#CJP","2017 January : Jallikattu Protest. Tamilnadu m 2026 July : Cockroach Gen'zs Protest against NEET. New Delhi. Merely 10 years. Nothing changed. Fcuk you BJP, RSS, the coward TVK Chief & his idiotic tharkuris. NEETLeakScam CJP"
1179,2080690707862609940,2,@GabbbarSingh People were literally abusing CJP protest from Chawri Bazar to new Delhi Railway station. Many of them have missed the train.,People were literally abusing CJP protest from Chawri Bazar to new Delhi Railway station. Many of them have missed the train.
1180,2080690579961479438,-1,"RT if you want Arnab Goswami should visit Jantar Mantar to support CJP protest.

Nyvaan 🔥 🔥 

 https://t.co/NZ9sQlGof4",RT if you want Arnab Goswami should visit Jantar Mantar to support CJP protest. Nyvaan 🔥 🔥
1181,2080690391020667123,7,"▶️ #WATCH | Spokesperson of CJP Saurav Das and Ashutosh Ranka briefed the media regarding meeting with BJP leadership i.e JP Nadda Jitendra Singh. 

They answered the questions raised by the media.

➡️ They have given a time for the next meeting tomorrow at 3:30 or 4 o'clock. We https://t.co/K2GBELQnOf",▶️ WATCH | Spokesperson of CJP Saurav Das and Ashutosh Ranka briefed the media regarding meeting with BJP leadership i.e JP Nadda Jitendra Singh. They answered the questions raised by the media. ➡️ They have given a time for the next meeting tomorrow at 3:30 or 4 o'clock. We
1182,2080689886382752253,5,"Delhi halts food deliveries at CJP protest site, shuts Metro stations, but crowds keep growing https://t.co/G7DuqXGLtV","Delhi halts food deliveries at CJP protest site, shuts Metro stations, but crowds keep growing"
1183,2080689563216007562,0,"What does midnight at a Cockroach Janta Party protest look like in Delhi? 

We’ll be back tomorrow as we wait to see what happens to the CJP’s key demand, the education minister’s resignation. 

The PM has promised fast-track courts to hold those responsible for exam leaks https://t.co/FinO4gtCqp","What does midnight at a Cockroach Janta Party protest look like in Delhi? We’ll be back tomorrow as we wait to see what happens to the CJP’s key demand, the education minister’s resignation. The PM has promised fast-track courts to hold those responsible for exam leaks"
1184,2080688554938978598,4,"Delhi: On the CJP protest, CPI leader Annie Raja says, ""The movement has support from across the country, from Kashmir to Kanyakumari and from the Northeast to Gujarat. People are coming, especially young people and students. A very serious crime has taken place, and after that https://t.co/d9vJkwqm0B","Delhi: On the CJP protest, CPI leader Annie Raja says, ""The movement has support from across the country, from Kashmir to Kanyakumari and from the Northeast to Gujarat. People are coming, especially young people and students. A very serious crime has taken place, and after that"
1185,2080687706284396851,4,"""Jo ghar mein ghusa hua hai, woh mard nahi ho sakta aurat hai""- CJP protester

This kind of mindset cannot be of a Gen Z student. This protest have been compromised. https://t.co/Z5tCnRokLh","""Jo ghar mein ghusa hua hai, woh mard nahi ho sakta aurat hai""- CJP protester This kind of mindset cannot be of a Gen Z student. This protest have been compromised."
1186,2080686706202947970,2,"@actorvijay 
Rangaraj Pandey Latest Interview On CJP Protest | PM Modi | Delhi | Abhi... https://t.co/xqoEWMcRHJ via @YouTube",Rangaraj Pandey Latest Interview On CJP Protest | PM Modi | Delhi | Abhi... via
1187,2080685259205820587,26,"Delhi Police officers must exercise restraint and act responsibly while dealing with student protests.

Any allegations of excessive force, misconduct, or inappropriate treatment of women protesters should be properly documented and addressed through lawful and transparent","Delhi Police officers must exercise restraint and act responsibly while dealing with student protests. Any allegations of excessive force, misconduct, or inappropriate treatment of women protesters should be properly documented and addressed through lawful and transparent"
1188,2080684226136137960,0,"Humble request to our corrupt education minister @dpradhanbjp 🙏😂

#JantarMantar #Delhi #cjp #protest #education https://t.co/YBF4Lpdpc8",Humble request to our corrupt education minister 🙏😂 JantarMantar Delhi cjp protest education
1189,2080683973936902254,4,"While the unemployed Cockroaches were attending the CJP and abusing the PM, NEET student and AIR 2nd rank Piyush Bansal was studying hard. 

He says, ""I thought of the situation as an opportunity to improve my score. So I thought, why should I go to the protest ? Instead, I could https://t.co/TIIcl71RWj","While the unemployed Cockroaches were attending the CJP and abusing the PM, NEET student and AIR 2nd rank Piyush Bansal was studying hard. He says, ""I thought of the situation as an opportunity to improve my score. So I thought, why should I go to the protest ? Instead, I could"
1190,2080683189199376642,3,"A young poor Brahmin student, who had come to the protest at Jantar Mantar with his sister, was reportedly attacked by CJP goons and Bhim army. 

There his phone was snatched and his sister was harassed in front of him. https://t.co/LUyPtMp6Tn","A young poor Brahmin student, who had come to the protest at Jantar Mantar with his sister, was reportedly attacked by CJP goons and Bhim army. There his phone was snatched and his sister was harassed in front of him."
1191,2080682632652931407,30,"All Wine and Liquor shops are closed after 8 PM in Delhi due to this so called protest.

Is something planned ? Or just a safety &amp; security measure?

#CJP #NEET #SonamWangchuk",All Wine and Liquor shops are closed after 8 PM in Delhi due to this so called protest. Is something planned ? Or just a safety & security measure? CJP NEET SonamWangchuk
1192,2080682321678836194,-1,"Foodbandi: Akhilesh Yadav on cops' food-delivery ops advisory near Jantar Mantar

Read more:
https://t.co/2ZnhYeqO7P

#JantarMantar #NEETProtest #DelhiProtest #YouthMovement #YouthProtesters https://t.co/AsW80BlSVq",Foodbandi: Akhilesh Yadav on cops' food-delivery ops advisory near Jantar Mantar Read more: JantarMantar NEETProtest DelhiProtest YouthMovement YouthProtesters
1193,2080681839019090143,2,JANTAR MANTAR │ CJP │ DELHI LIVE NEWS │ GEN Z PROTEST │ VIRAL VIDEO │ ST... https://t.co/JxODogwLWX via @YouTube,JANTAR MANTAR │ CJP │ DELHI LIVE NEWS │ GEN Z PROTEST │ VIRAL VIDEO │ ST... via
1194,2080681731460595752,0,Huhh that shows they are not in the mood of taking resignation from pradhan @abhijeet_dipke @AshutoshRanka @SauravDassss @Abhinav_Pan @ajitanjum #Neet #CJP #cjpprotest #jantarmantar #RahulGandhi @Cockroachisback #Protest #Mumbai #Delhi,Huhh that shows they are not in the mood of taking resignation from pradhan Neet CJP cjpprotest jantarmantar RahulGandhi Protest Mumbai Delhi
1195,2080681087945343181,-1,"🚨 #StudentMovement SPREADS ACROSS INDIA! | 🚨 #StudentMovement पूरे भारत में फैल रहा है! 🇮🇳

As #GenZProtest gains momentum beyond Delhi, fresh demonstrations are emerging across states while the #CentralGovernment seeks more time on the demand for #DharmendraPradhan's https://t.co/oC9rsjoMLN","🚨 StudentMovement SPREADS ACROSS INDIA! | 🚨 StudentMovement पूरे भारत में फैल रहा है! 🇮🇳 As GenZProtest gains momentum beyond Delhi, fresh demonstrations are emerging across states while the CentralGovernment seeks more time on the demand for DharmendraPradhan's"
1196,2080680050912030772,-1,"Vijay Prashad on CounterPunch:

“The protesters call themselves the Cockroach Janta Party (CJP). The name arose after a derogatory judicial remark compared activists and unemployed young people to cockroaches and parasites. Rather than retreat before the insult, the young turned","Vijay Prashad on CounterPunch: “The protesters call themselves the Cockroach Janta Party (CJP). The name arose after a derogatory judicial remark compared activists and unemployed young people to cockroaches and parasites. Rather than retreat before the insult, the young turned"
1197,2080679885186445404,-1,"@zoo_bear @onkeyta_ They needed a forged letter to smear the CJP protest; the food-snatch needed only a phone camera. Delhi Police on tape, walking off with the strikers' food. Modi calls the youth's future sacred while his cops raid its plate. Farzi letter, asli masterstroke. https://t.co/I4aTfX1w5d","They needed a forged letter to smear the CJP protest; the food-snatch needed only a phone camera. Delhi Police on tape, walking off with the strikers' food. Modi calls the youth's future sacred while his cops raid its plate. Farzi letter, asli masterstroke."
1198,2080679617078468909,0,"Left #Students Organisations, joined by members of the Cockroach Janta Party (#CJP ), held a massive protest rally in #Kolkata on Friday,  demanding the resignation of Union Education Minister Dharmendra Pradhan, over the alleged repeatedly NEET paper leaks [#NEETpaperleaks] and https://t.co/j5H5wcpSs5","Left Students Organisations, joined by members of the Cockroach Janta Party (CJP ), held a massive protest rally in Kolkata on Friday, demanding the resignation of Union Education Minister Dharmendra Pradhan, over the alleged repeatedly NEET paper leaks [NEETpaperleaks] and"
1199,2080678734848467289,26,"GenZs concerned about being profiled by Delhi Police in the CJP protest, leading to no job offers needn't worry.
Your amazing knowledge levels, respect for societal norms, colourful language &amp; sense of entitlement will ensure that you get no job offers to begin with.","GenZs concerned about being profiled by Delhi Police in the CJP protest, leading to no job offers needn't worry. Your amazing knowledge levels, respect for societal norms, colourful language & sense of entitlement will ensure that you get no job offers to begin with."
1200,2080678492874915915,-1,"@iAtulKrishan1 This is huge if the FRS data holds up.

250 wanted criminals showing up at the CJP protest site to create a riot-like situation is extremely serious. Peaceful student protests shouldn’t become cover for elements looking to fuel violence.

Looking forward to the full expose with",This is huge if the FRS data holds up. 250 wanted criminals showing up at the CJP protest site to create a riot-like situation is extremely serious. Peaceful student protests shouldn’t become cover for elements looking to fuel violence. Looking forward to the full expose with
1201,2080677984927879597,1,"He is rapper Vedan from Kochi

-He performed songs in support of the CJP protest in Delhi.

-In this video, he talks about alleged police suppression on CJP

Now, Kerala Police have registered FIR against over 100 people in connection on his Kochi event, with rapper Vedan’s https://t.co/n4hZ7r7VG5","He is rapper Vedan from Kochi -He performed songs in support of the CJP protest in Delhi. -In this video, he talks about alleged police suppression on CJP Now, Kerala Police have registered FIR against over 100 people in connection on his Kochi event, with rapper Vedan’s"
1202,2080677976111460743,30,"CJP Protest: Delhi Police Asks Swiggy, Blinkit, Uber &amp; Others To Limit Services In Restricted Areas

https://t.co/lFFE9touvD","CJP Protest: Delhi Police Asks Swiggy, Blinkit, Uber & Others To Limit Services In Restricted Areas"
1203,2080676037323903031,3,"These girls at the CJP protest are shouting extremely abusive and highly offensive slogans against India's Prime Minister Narendra Modi while laughing.

They are deliberately shouting abusive slogans at the Prime Minister just to become famous because they have no knowledge https://t.co/EbNETVskmH",These girls at the CJP protest are shouting extremely abusive and highly offensive slogans against India's Prime Minister Narendra Modi while laughing. They are deliberately shouting abusive slogans at the Prime Minister just to become famous because they have no knowledge
1204,2080675587027611954,18,"Nisarga Adhikary, the 19-year-old cybersecurity researcher whose disclosures about CBSE's On-Screen Marking (OSM) portal fed into this year's series of controversies around exams, on Friday join at the Cockroach Janata Party (CJP) protest at Jantar Mantar in Delhi.
#CJPProtest https://t.co/WYan58iLx5","Nisarga Adhikary, the 19-year-old cybersecurity researcher whose disclosures about CBSE's On-Screen Marking (OSM) portal fed into this year's series of controversies around exams, on Friday join at the Cockroach Janata Party (CJP) protest at Jantar Mantar in Delhi. CJPProtest"
1205,2080675479183618492,2,"Jantar Mantar Protest Live Updates: Centre airlifts 10 more CRPF companies to amp up security in Delhi

https://t.co/gK8cJm5tQS",Jantar Mantar Protest Live Updates: Centre airlifts 10 more CRPF companies to amp up security in Delhi
1206,2080675299445100648,11,BIG BULLITEN | Center Government | CJP Protest | Sonam Wangchuk Hunger Strike | Congress Delhi Protest | Rahul Gandhi | AAP Protest | PM Narendra Modi | Dharmendra Pradhan | DR GURPREET KAUR | CM Bhagwant Mann|punjab government schemes | women schemes in punjab  #CenterGovernment https://t.co/RPAv8uoSqo,BIG BULLITEN | Center Government | CJP Protest | Sonam Wangchuk Hunger Strike | Congress Delhi Protest | Rahul Gandhi | AAP Protest | PM Narendra Modi | Dharmendra Pradhan | DR GURPREET KAUR | CM Bhagwant Mann|punjab government schemes | women schemes in punjab CenterGovernment
1207,2080674971484029235,22,"A source told The Observer Post that Delhi Police personnel were allegedly stopping young men near Gate No. 2 of Jamia Millia Islamia Metro Station and recording their names on a ""detained persons"" form on Friday.

According to the source, two police personnel without visible https://t.co/UcN7uhT2ip","A source told The Observer Post that Delhi Police personnel were allegedly stopping young men near Gate No. 2 of Jamia Millia Islamia Metro Station and recording their names on a ""detained persons"" form on Friday. According to the source, two police personnel without visible"
1208,2080673657102418430,23,"Peaceful Protest and Civil Liberties Under Scrutiny
https://t.co/inBEniLDDH

Amnesty International has expressed concern over the Delhi Lieutenant Governor's decision to invoke powers under India's National Security Act (NSA).
 
According to Amnesty, the NSA permits preventive","Peaceful Protest and Civil Liberties Under Scrutiny Amnesty International has expressed concern over the Delhi Lieutenant Governor's decision to invoke powers under India's National Security Act (NSA). According to Amnesty, the NSA permits preventive"
1209,2080673403233767901,17,"‘30 pellets still inside my body’: Journalist hurt in CJP protest seeks compensation
https://t.co/vBO9H1pspu",‘30 pellets still inside my body’: Journalist hurt in CJP protest seeks compensation
1210,2080672616797352114,-1,"#WATCH | Delhi: On CJP protest in Kolkata, BJP WB President Samik Bhattacharya says, ""... The CPM has no presence in West Bengal today. After ruling for 34 years, the people have rejected it, and it is no longer seen as a relevant political force. Many are not even aware whether https://t.co/VUlwrGZ76B","WATCH | Delhi: On CJP protest in Kolkata, BJP WB President Samik Bhattacharya says, ""... The CPM has no presence in West Bengal today. After ruling for 34 years, the people have rejected it, and it is no longer seen as a relevant political force. Many are not even aware whether"
1211,2080672517803642908,-1,"CJPயின் நோக்கம் என்ன?

#cjp#BJP4IND#BJPGovernment#DelhiPolice#delhi#SonamWangchuk#protest#JantarMantar https://t.co/SBbTFvjWzg",CJPயின் நோக்கம் என்ன? cjpBJP4INDBJPGovernmentDelhiPolicedelhiSonamWangchukprotestJantarMantar
1212,2080670816866627905,0,"The Cockroach Janta Party (CJP) on Friday hardened its stand in talks with the Centre, declaring that Education Minister Dharmendra Pradhan's resignation remains a non-negotiable demand and warning that protests over the NEET paper leak would intensify if its demands are not met. https://t.co/xbCcTR3UU4","The Cockroach Janta Party (CJP) on Friday hardened its stand in talks with the Centre, declaring that Education Minister Dharmendra Pradhan's resignation remains a non-negotiable demand and warning that protests over the NEET paper leak would intensify if its demands are not met."
1213,2080670651707449421,-1,"CJP spokesperson Saurav Das said the organisation will launch a website where injured protesters and those alleging police assault can upload details and pictures.

#CJP #SauravDas #Modi #JantarMantar #Protest #Delhi #AbhijitDeepak #Darar #BJP @CJP_for_India @CJP_2029 @CJP_2026_ https://t.co/jt6YoiIaAx",CJP spokesperson Saurav Das said the organisation will launch a website where injured protesters and those alleging police assault can upload details and pictures. CJP SauravDas Modi JantarMantar Protest Delhi AbhijitDeepak Darar BJP
1214,2080669470469804033,29,"Delhi Police IDENTIFIED several ""BAD CHARACTERS"" with CRIMINAL records ahead of the CJP protest and took 215 people into PREVENTIVE CUSTODY based on intelligence inputs to PREVENT any law-and-order disruption.","Delhi Police IDENTIFIED several ""BAD CHARACTERS"" with CRIMINAL records ahead of the CJP protest and took 215 people into PREVENTIVE CUSTODY based on intelligence inputs to PREVENT any law-and-order disruption."
1215,2080669158858162482,-1,"Ikshana is not Delhi Police’s only surveillance tool at Jantar Mantar’s protest site. Read my story to know how the police is surveilling the protesters. 

✍🏻 @ThePrintIndia 

https://t.co/ss3esDpEG6",Ikshana is not Delhi Police’s only surveillance tool at Jantar Mantar’s protest site. Read my story to know how the police is surveilling the protesters. ✍🏻
1216,2080668562252070994,10,"Chief Justice of India Surya Kant said he was ""misquoted"" in media reports amid the CJP protest controversy, reiterating that the Supreme Court is open to all and never refuses to hear cases, while stressing that judicial procedures must be followed.

Read more: https://t.co/9tmVSqox7n","Chief Justice of India Surya Kant said he was ""misquoted"" in media reports amid the CJP protest controversy, reiterating that the Supreme Court is open to all and never refuses to hear cases, while stressing that judicial procedures must be followed. Read more:"
1217,2080668398216974566,13,"Crackdown on NEET Paper leak Mafia and Riots at CJP Protest

While Sonam Wangchuk has ended his hunger strike after UM JP Nadda and Dr Jitendra Singh visited him at the hospital, CJP leader Abhijeet Dipke has announced that until Dharmendra Pradhan resigns the protest will https://t.co/2ghpFRbyS8","Crackdown on NEET Paper leak Mafia and Riots at CJP Protest While Sonam Wangchuk has ended his hunger strike after UM JP Nadda and Dr Jitendra Singh visited him at the hospital, CJP leader Abhijeet Dipke has announced that until Dharmendra Pradhan resigns the protest will"
1218,2080667677945954388,-1,"- 3rd round of talks with the CJP guys tomorrow.
- NTA being overhauled.
- Neet suicides being compensated.
- Fast track courts announced.
- Pradhan still stays.

Why this govt will survive, coz they know when to swallow their pride, they know if they stay put, eventually the","- 3rd round of talks with the CJP guys tomorrow. - NTA being overhauled. - Neet suicides being compensated. - Fast track courts announced. - Pradhan still stays. Why this govt will survive, coz they know when to swallow their pride, they know if they stay put, eventually the"
1219,2080667232418611559,14,"@HamidMadBoi @MattooShashank Number of deaths in CJP delhi protest: 0

Number of deaths in POK protest: 
42 civilians , 22 soldiers , 27 from police.
😂 https://t.co/5505B4WVAI","Number of deaths in CJP delhi protest: 0 Number of deaths in POK protest: 42 civilians , 22 soldiers , 27 from police. 😂"
1220,2080666554782662828,24,"Here's the truth behind the viral video claiming to show a woman alleging that her son died during the CJP protest in Delhi: https://t.co/cba4wyIFGm

To verify such claims, send them to us on our WhatsApp tipline at +919999499044.","Here's the truth behind the viral video claiming to show a woman alleging that her son died during the CJP protest in Delhi: To verify such claims, send them to us on our WhatsApp tipline at +919999499044."
1221,2080666355440013456,4,"Global media’s Delhi bulletin: CJP protest a ‘Gen Z affair’, lays bare ‘limits of propaganda’ 

Vidhi Bhutra @VidhiBhutra reports 

ThePrint #GlobalPulse 

https://t.co/bsFZdIWMoH","Global media’s Delhi bulletin: CJP protest a ‘Gen Z affair’, lays bare ‘limits of propaganda’ Vidhi Bhutra reports ThePrint GlobalPulse"
1222,2080666226674774516,23,"Right to privacy claims at protest site ironic: Centre opposes PIL in Delhi High Court on surveillance of CJP protests

Read here: https://t.co/144x2H09tS

@CJP_for_India https://t.co/ZBiab1LckK",Right to privacy claims at protest site ironic: Centre opposes PIL in Delhi High Court on surveillance of CJP protests Read here:
1223,2080666193372094627,16,"CJP Representatives Conclude Talks with Union Ministers, Reiterate Demands.

Following talks with Union Ministers, CJP representatives said they placed three key demands before the Centre.
According to the representatives:

The Centre responded positively to two of the three https://t.co/suFHwYqRVT","CJP Representatives Conclude Talks with Union Ministers, Reiterate Demands. Following talks with Union Ministers, CJP representatives said they placed three key demands before the Centre. According to the representatives: The Centre responded positively to two of the three"
1224,2080665724000039179,-1,"Team Sumi Kiphimi Kuqhakulu Delhi (Sumi Students' Union Delhi) joined the student protest at the CJP protest site, Jantar Mantar, Delhi, in solidarity with the protesters, demanding a fair investigation into the exam paper leaks and justice for the students who died by suicide. https://t.co/WNBFLJ83X0","Team Sumi Kiphimi Kuqhakulu Delhi (Sumi Students' Union Delhi) joined the student protest at the CJP protest site, Jantar Mantar, Delhi, in solidarity with the protesters, demanding a fair investigation into the exam paper leaks and justice for the students who died by suicide."
1225,2080665457942818841,13,"Srinagar, Jammu and Kashmir: On the CJP protest, Chief Minister Omar Abdullah says, ""...Sonam Wangchuk has called off her protest, but the youth have not withdrawn theirs. Now, will the Central Government accept her demand or not? If not, how long will this continue? That will be https://t.co/NHBgzHrLeF","Srinagar, Jammu and Kashmir: On the CJP protest, Chief Minister Omar Abdullah says, ""...Sonam Wangchuk has called off her protest, but the youth have not withdrawn theirs. Now, will the Central Government accept her demand or not? If not, how long will this continue? That will be"
1226,2080665171362771091,4,"Areas Where the Central Government Could Have Handled the NEET-CJP Protests Better:

1. The concerns raised should have been addressed at a much earlier stage instead of allowing the issue to continue for several days.
2. The government should have anticipated large-scale",Areas Where the Central Government Could Have Handled the NEET-CJP Protests Better: 1. The concerns raised should have been addressed at a much earlier stage instead of allowing the issue to continue for several days. 2. The government should have anticipated large-scale
1227,2080664272926019853,-1,"Look at this chewtiya, when real students protest about NEET, it goes smooth without an hooligans creating ruckus and damaging public property. What happened in Delhi is responsibility of 3 idiots - so arrest Dickpe, Das and Dahiya along with their CJP goons.","Look at this chewtiya, when real students protest about NEET, it goes smooth without an hooligans creating ruckus and damaging public property. What happened in Delhi is responsibility of 3 idiots - so arrest Dickpe, Das and Dahiya along with their CJP goons."
1228,2080662730944782737,-1,"Is Kolkata Police taking a cue from their Delhi counterparts ? Today, police personnel deployed in the protest march in Kolkata, called by CJP &amp; Left students unions, were being spotted without their name badges. https://t.co/pIkCu6VHeK","Is Kolkata Police taking a cue from their Delhi counterparts ? Today, police personnel deployed in the protest march in Kolkata, called by CJP & Left students unions, were being spotted without their name badges."
1229,2080662545468387725,10,"The Delhi HC refused to hear a plea seeking the National Investigation Agency probe into the CJP protest and the “Sansad Chalo"" march held on July 20.

The court observed that ordering an NIA investigation falls within the Centre’s domain and not that of the judiciary. - 1/4","The Delhi HC refused to hear a plea seeking the National Investigation Agency probe into the CJP protest and the “Sansad Chalo"" march held on July 20. The court observed that ordering an NIA investigation falls within the Centre’s domain and not that of the judiciary. - 1/4"
1230,2080662380288319590,0,"Chikkaballapur: Congress General Secretary (Organisation) K.C. Venugopal said the country has only one demand: the resignation of  Education Minister Dharmendra Pradhan. He also called for an inquiry into the Delhi Police's actions during CJP Protest, withdrawal of cases against https://t.co/uSk9AoDMV1","Chikkaballapur: Congress General Secretary (Organisation) K.C. Venugopal said the country has only one demand: the resignation of Education Minister Dharmendra Pradhan. He also called for an inquiry into the Delhi Police's actions during CJP Protest, withdrawal of cases against"
1231,2080661688475377811,-1,"@jack The Bitchat takedown was about timing, not the tech.
Delhi has seen repeated internet suspensions around the CJP protest sites since July 20. Protesters switched to Bluetooth mesh apps to keep coordinating. I4C’s order hit GitHub on July 23; GitHub complied.","The Bitchat takedown was about timing, not the tech. Delhi has seen repeated internet suspensions around the CJP protest sites since July 20. Protesters switched to Bluetooth mesh apps to keep coordinating. I4C’s order hit GitHub on July 23; GitHub complied."
1232,2080661075343847494,23,"Right to privacy claims at protest site ironic: Centre opposes PIL in Delhi HC on surveillance of CJP protests

report by @prashantjha996 

https://t.co/144x2H09tS",Right to privacy claims at protest site ironic: Centre opposes PIL in Delhi HC on surveillance of CJP protests report by
1233,2080661001054339073,-1,"In this special report by Senior Special Correspondent Kanu Sarda (@sardakanu_law), former Delhi Police Commissioner Rakesh Asthana reflects on the lessons from the ongoing Jantar Mantar protests in New Delhi. Drawing on decades of policing experience, he argues that effective https://t.co/YgvSx2jTD7","In this special report by Senior Special Correspondent Kanu Sarda (), former Delhi Police Commissioner Rakesh Asthana reflects on the lessons from the ongoing Jantar Mantar protests in New Delhi. Drawing on decades of policing experience, he argues that effective"
1234,2080660989889085737,10,Delhi High Court rejects PIL Seeking NIA Probe into CJP Protest at Jantar Mantar in New Delhi.,Delhi High Court rejects PIL Seeking NIA Probe into CJP Protest at Jantar Mantar in New Delhi.
1235,2080659715776745786,8,"(ANALYSIS/@vishalarora_in) A huge, leaderless crowd of protesters has been gathering at Connaught Place in Delhi alongside the organized Cockroach Janta Party protest at a designated site at Jantar Mantar. By July 23, it looked at least four times the size of the CJP protest.","(ANALYSIS/) A huge, leaderless crowd of protesters has been gathering at Connaught Place in Delhi alongside the organized Cockroach Janta Party protest at a designated site at Jantar Mantar. By July 23, it looked at least four times the size of the CJP protest."
1236,2080658348027064608,-1,"Mamata Banerjee will join CJP protest from next week in Delhi 

She should start indefinite fasting now 

@MamataOfficial do it 😹😹",Mamata Banerjee will join CJP protest from next week in Delhi She should start indefinite fasting now do it 😹😹
1237,2080658230720741771,4,"Anjali , an AISA activist and Delhi University student who has been part of the CJP protest since its early days, shares her account of the Parliament March and the events that followed. She describes the police response during the march, the injuries she says she sustained, and https://t.co/aU9pFlSxR8","Anjali , an AISA activist and Delhi University student who has been part of the CJP protest since its early days, shares her account of the Parliament March and the events that followed. She describes the police response during the march, the injuries she says she sustained, and"
1238,2080657540044742692,-1,"VIDEO | Delhi: Addressing the gathering at the CJP protest at Jantar Mantar, TMC leader Mahua Moitra says, ""The first day we came here, we told you that no politician could fight this battle because it is your battle, and only you can fight it. And you showed everyone that you https://t.co/0j2v23Rzlm","VIDEO | Delhi: Addressing the gathering at the CJP protest at Jantar Mantar, TMC leader Mahua Moitra says, ""The first day we came here, we told you that no politician could fight this battle because it is your battle, and only you can fight it. And you showed everyone that you"
1239,2080657378513707407,-1,"I just heard a Genz say that the tear gas thrown on them on the famous 20th July attack was not expired, they were late in protesting! 😂
This #GenZ is killing it and how🤣

#jantarmantar #protest #delhi #cockroaches #cjp","I just heard a Genz say that the tear gas thrown on them on the famous 20th July attack was not expired, they were late in protesting! 😂 This GenZ is killing it and how🤣 jantarmantar protest delhi cockroaches cjp"
1240,2080657245780721692,-1,"VIDEO | Delhi: Addressing the gathering at the CJP protest at Jantar Mantar, TMC leader Kalyan Banerjee says, ""The people who are fighting are our nation's youth. We all stand by them in this fight. The issue at hand is the NEET paper leak, and as for your movement, we are https://t.co/vefYjhao2Q","VIDEO | Delhi: Addressing the gathering at the CJP protest at Jantar Mantar, TMC leader Kalyan Banerjee says, ""The people who are fighting are our nation's youth. We all stand by them in this fight. The issue at hand is the NEET paper leak, and as for your movement, we are"
1241,2080657154529456404,7,"Talks continue as student protest representatives meet the Centre. 🇮🇳

Cockroach Janta Party (CJP) spokespersons Ashutosh Ranka and Saurav Das met Union Ministers JP Nadda and Jitendra Singh on Friday during the second high-level meeting between the Centre and representatives of https://t.co/rvkxjd1vLw",Talks continue as student protest representatives meet the Centre. 🇮🇳 Cockroach Janta Party (CJP) spokespersons Ashutosh Ranka and Saurav Das met Union Ministers JP Nadda and Jitendra Singh on Friday during the second high-level meeting between the Centre and representatives of
1242,2080656886798663770,1,"Amazing 😀😁👍
Protest against CJP 
Chanting- I stand with Delhi police 💓
How many Bollywoodians, liberals &amp; urban naxals will stand by them ?? 
None...as they can only stand with terrorists &amp; Gundas.. https://t.co/h6yJx5odGk","Amazing 😀😁👍 Protest against CJP Chanting- I stand with Delhi police 💓 How many Bollywoodians, liberals & urban naxals will stand by them ?? None...as they can only stand with terrorists & Gundas.."
1243,2080656506060767691,29,"🚨 BIG BREAKING

Delhi Police IDENTIFIED several ""BAD CHARACTERS"" with CRIMINAL records ahead of the CJP protest and took 215 people into PREVENTIVE CUSTODY based on intelligence inputs to PREVENT any law-and-order disruption.","🚨 BIG BREAKING Delhi Police IDENTIFIED several ""BAD CHARACTERS"" with CRIMINAL records ahead of the CJP protest and took 215 people into PREVENTIVE CUSTODY based on intelligence inputs to PREVENT any law-and-order disruption."
1244,2080656375802458269,29,"BIG EXPOSE | CJP Protest

250 criminals visited Protest 
They created riot like situation 

Delhi Police FRS system has identified 250 wanted criminals who allegedly visited the CJP protest site.

Sources claim many of them were present to fuel violence and create a riot-like https://t.co/69QfmaZaMc",BIG EXPOSE | CJP Protest 250 criminals visited Protest They created riot like situation Delhi Police FRS system has identified 250 wanted criminals who allegedly visited the CJP protest site. Sources claim many of them were present to fuel violence and create a riot-like
1245,2080656245774770390,1,"Sometimes the government doesn't respond.
Sometimes it goes quiet when the protest erupts.

There is always a reason.

To understand it, you have to travel 3000 years back.

Jarasandha attacked Mathura 17 times.
Krishna destroyed his army every time.

But he spared Jarasandha. https://t.co/dnYZ3EoZEP","Sometimes the government doesn't respond. Sometimes it goes quiet when the protest erupts. There is always a reason. To understand it, you have to travel 3000 years back. Jarasandha attacked Mathura 17 times. Krishna destroyed his army every time. But he spared Jarasandha."
1246,2080656198282645723,20,"CCTV footage shows protesters jumping off police barricades during the July 20 protest march to Parliament in New Delhi
.
.
.
.
#CJP #SansadChalo https://t.co/b2kWJSD3va",CCTV footage shows protesters jumping off police barricades during the July 20 protest march to Parliament in New Delhi . . . . CJP SansadChalo
1247,2080655842941243837,-1,"New Delhi: Sanatan Pandey, Samajwadi Party MP from Ballia, reached Jantar Mantar to extend his support to the ongoing CJP protest and strongly criticised the BJP. Watch his exclusive interview with Dynamite News to know what he said about the agitation and the government’s https://t.co/XcxMXlwyLW","New Delhi: Sanatan Pandey, Samajwadi Party MP from Ballia, reached Jantar Mantar to extend his support to the ongoing CJP protest and strongly criticised the BJP. Watch his exclusive interview with Dynamite News to know what he said about the agitation and the government’s"
1248,2080655552821252141,20,"CCTV footage shows protesters pelting stones and vandalising a police van during the July 20 NEET protest at Janpath Metro Station near Jantar Mantar in New Delhi
.
.
.
.
#CJP #JantarMantar #Janpath https://t.co/f4M4uc1VgP",CCTV footage shows protesters pelting stones and vandalising a police van during the July 20 NEET protest at Janpath Metro Station near Jantar Mantar in New Delhi . . . . CJP JantarMantar Janpath
1249,2080654893006909699,8,"#CockroachJantaParty Vows Legal Action Against #DelhiPolice, #RAF Over July 20 Crackdown

Cockroach Janta Party (#CJP) founders #AbhijeetDipke and #SaurabhDas held a press conference, strongly condemning the alleged actions of the Rapid Action Force (RAF) and Delhi Police during https://t.co/AaAOSm2xYU","CockroachJantaParty Vows Legal Action Against DelhiPolice, RAF Over July 20 Crackdown Cockroach Janta Party (CJP) founders AbhijeetDipke and SaurabhDas held a press conference, strongly condemning the alleged actions of the Rapid Action Force (RAF) and Delhi Police during"
1250,2080654575993004289,-1,"How dare you threaten a University?
Police to take stringent measures against individuals found directly involved in violence, rioting, damaging public property during protests at Jantar Mantar  Initiating proceedings to cancel the passports
https://t.co/rDy6D2P4S4","How dare you threaten a University? Police to take stringent measures against individuals found directly involved in violence, rioting, damaging public property during protests at Jantar Mantar Initiating proceedings to cancel the passports"
1251,2080654476118249813,-1,"How dare you threaten a University?
Police to take stringent measures against individuals found directly involved in violence, rioting, damaging public property during protests at Jantar Mantar  Initiating proceedings to cancel the passports
https://t.co/9rytWgaHhI","How dare you threaten a University? Police to take stringent measures against individuals found directly involved in violence, rioting, damaging public property during protests at Jantar Mantar Initiating proceedings to cancel the passports"
1252,2080654448494596203,-1,"@RahulGandhi How dare you threaten a University?
Police to take stringent measures against individuals found directly involved in violence, rioting, damaging public property during protests at Jantar Mantar  Initiating proceedings to cancel the passports
https://t.co/9rytWgaHhI","How dare you threaten a University? Police to take stringent measures against individuals found directly involved in violence, rioting, damaging public property during protests at Jantar Mantar Initiating proceedings to cancel the passports"
1253,2080654361462771818,-1,Ek Akela Modi sabke uper bhaari hai..A midnight video message from Prime Minister Narendra Modi has emerged as a key moment in the ongoing CJP protest in Delhi and the debate around NEET 2026 paper leak allegations 💯 https://t.co/NuEg6S563k,Ek Akela Modi sabke uper bhaari hai..A midnight video message from Prime Minister Narendra Modi has emerged as a key moment in the ongoing CJP protest in Delhi and the debate around NEET 2026 paper leak allegations 💯
1254,2080654246375236076,-1,"UP Police has raided Junaid’s house and taken his father and minor brother into custody. 

They are threatening Junaid to return from Delhi or else they will not release his father.

They also raided his sister’s house and arrested her father-in-law and brother-in-law.

This is https://t.co/v9Z1JcQhh0",UP Police has raided Junaid’s house and taken his father and minor brother into custody. They are threatening Junaid to return from Delhi or else they will not release his father. They also raided his sister’s house and arrested her father-in-law and brother-in-law. This is
1255,2080653722989060395,-1,"New political perceptions across states in the Delhi protest.

UP Samajwadi Party Dimple Yadav's presence at the Jantar mantar has left a positive perception on the party's approach.

In Mumbai, Aditya thakarey seems to lead the march of younsgters.

In Tamil Nadu, TVK missed a","New political perceptions across states in the Delhi protest. UP Samajwadi Party Dimple Yadav's presence at the Jantar mantar has left a positive perception on the party's approach. In Mumbai, Aditya thakarey seems to lead the march of younsgters. In Tamil Nadu, TVK missed a"
1256,2080653478251368773,0,"Either he resigns, or they will have to arrest me, for which I am prepared: @abhijeet_dipke, CJP Founder

#NEETPaperLeakCase #StudentProtest #Education #Delhi #JantarMantar #TTP #IndiaTodayExclusive | @PreetiChoudhry https://t.co/H30UBG5tEf","Either he resigns, or they will have to arrest me, for which I am prepared: , CJP Founder NEETPaperLeakCase StudentProtest Education Delhi JantarMantar TTP IndiaTodayExclusive |"
1257,2080653083194052965,-1,"Kapil Sibal Seeks Independent Probe Into Delhi Police Action During CJP Students’ Protects

https://t.co/hKUpz03m4B https://t.co/h5aNjilyAa",Kapil Sibal Seeks Independent Probe Into Delhi Police Action During CJP Students’ Protects
1258,2080652458695795017,14,"Police Conduct Searches in Connection with CJP Protest Violence. 

Videos showing police visiting the homes of suspects linked to alleged violence during the CJP protests are circulating widely on social media. According to reports, police are collecting fingerprints and https://t.co/4UEb8vsb6U","Police Conduct Searches in Connection with CJP Protest Violence. Videos showing police visiting the homes of suspects linked to alleged violence during the CJP protests are circulating widely on social media. According to reports, police are collecting fingerprints and"
1259,2080651938887323871,13,"A day after Sonam Wangchuk ended his 26-day hunger strike, the protest at Delhi's Jantar Mantar continues.

Protesters remain gathered at the site, as the CJP presses ahead with its demands, including the resignation of Union Education Minister Dharmendra Pradhan.

#JantarMantar https://t.co/nDx60jDInL","A day after Sonam Wangchuk ended his 26-day hunger strike, the protest at Delhi's Jantar Mantar continues. Protesters remain gathered at the site, as the CJP presses ahead with its demands, including the resignation of Union Education Minister Dharmendra Pradhan. JantarMantar"
1260,2080651679775826360,20,"CJP Protest: Delhi Police has released CCTV footages showing incidents of stone pelting &amp; vandalism at multiple locations across the national capital during the July 20 protest. 

The videos capture damage to public property and clashes at several sites. https://t.co/48XbTuGcYd",CJP Protest: Delhi Police has released CCTV footages showing incidents of stone pelting & vandalism at multiple locations across the national capital during the July 20 protest. The videos capture damage to public property and clashes at several sites.
1261,2080651649383813427,13,"A day after Sonam Wangchuk ended his 26-day hunger strike, the protest at Delhi's Jantar Mantar continues.

Protesters remain gathered at the site, as the CJP presses ahead with its demands, including the resignation of Union Education Minister Dharmendra Pradhan.

#JantarMantar https://t.co/2Yu78gVj4u","A day after Sonam Wangchuk ended his 26-day hunger strike, the protest at Delhi's Jantar Mantar continues. Protesters remain gathered at the site, as the CJP presses ahead with its demands, including the resignation of Union Education Minister Dharmendra Pradhan. JantarMantar"
1262,2080651340196528157,-1,"After Delhi University, JNU has advised students and staff to avoid Jantar Mantar, where the Cockroach Janta Party is protesting over the NEET paper leak and other issues. The university also warned about responsible social media use.

https://t.co/bgcG0dtB5M","After Delhi University, JNU has advised students and staff to avoid Jantar Mantar, where the Cockroach Janta Party is protesting over the NEET paper leak and other issues. The university also warned about responsible social media use."
1263,2080651122042368392,4,"@FltLtAnoopVerma To dismantle CJP protest.
1. Send gundas to beat the protester
2. All transport were shut down forcefully
3. Metro is closed
4. Tandav by Delhi Police.
5. 21 student died by suicide
6. Women were assaulted at protest site.
7. Till date Modi  didn't forced DP for resignation.",To dismantle CJP protest. 1. Send gundas to beat the protester 2. All transport were shut down forcefully 3. Metro is closed 4. Tandav by Delhi Police. 5. 21 student died by suicide 6. Women were assaulted at protest site. 7. Till date Modi didn't forced DP for resignation.
1264,2080651040895152475,-1,"GenZ movement has reached Delhi Univerity. As per CJP call for protests, this was organised at Arts Faculty , DU

 https://t.co/WUWNITevvU","GenZ movement has reached Delhi Univerity. As per CJP call for protests, this was organised at Arts Faculty , DU"
1265,2080651027737670031,32,"Delhi: Uttarakhand Police constable Sher Singh reached Jantar Mantar and announced his support for the student movement. He claimed to have submitted his resignation to CJP leader Abhijeet Dipke. During the gathering, he openly expressed his support for the protesting students. https://t.co/aEKxLpjeHA","Delhi: Uttarakhand Police constable Sher Singh reached Jantar Mantar and announced his support for the student movement. He claimed to have submitted his resignation to CJP leader Abhijeet Dipke. During the gathering, he openly expressed his support for the protesting students."
1266,2080650462672429446,12,"Delhi Police used AI-powered cameras, facial recognition systems, and video analytics to identify individuals involved in the violent clashes during the July 20, 2026, CJP (Cockroach Janta Party) protest march towards Parliament. 
Surveillance and Investigation Method
AI and Faci https://t.co/ib4eyLGSs2","Delhi Police used AI-powered cameras, facial recognition systems, and video analytics to identify individuals involved in the violent clashes during the July 20, 2026, CJP (Cockroach Janta Party) protest march towards Parliament. Surveillance and Investigation Method AI and Faci"
1267,2080650427553775653,2,"Defiance, demands, deadlock | India Today's @PreetiChoudhry speaks to @abhijeet_dipke from the CJP protest site at Jantar Mantar.

Listen in.

#NEETPaperLeakCase #StudentProtest #Education #Delhi #JantarMantar #TTP https://t.co/FiKlsrz8p5","Defiance, demands, deadlock | India Today's speaks to from the CJP protest site at Jantar Mantar. Listen in. NEETPaperLeakCase StudentProtest Education Delhi JantarMantar TTP"
1268,2080649512591442111,2,"@RSSorg @BajrangDalOrg @VHPDigital should create anti CJP protest in Delhi but where is young brigade of @BJP4India 
@NitinNabin",should create anti CJP protest in Delhi but where is young brigade of
1269,2080649175050731522,2,"Protest, defiance, showdown | India Today inside the CJP protest epicentre 

@PreetiChoudhry brings you details from ground zero

#NEETPaperLeakCase #StudentProtest #Education #Delhi #JantarMantar #TTP https://t.co/FZOvXlGgnf","Protest, defiance, showdown | India Today inside the CJP protest epicentre brings you details from ground zero NEETPaperLeakCase StudentProtest Education Delhi JantarMantar TTP"
1270,2080648912294326765,10,"Govt supports plea seeking NIA probe into CJP protest, Delhi High Court refuses to entertain it 

Ruchi Bhattar @ruchichic reports 

#ThePrintLaw 

https://t.co/mIAfpVQiPQ","Govt supports plea seeking NIA probe into CJP protest, Delhi High Court refuses to entertain it Ruchi Bhattar reports ThePrintLaw"
1271,2080648870007349566,17,"Rahul Gandhi accuses Centre of denying pellet use during CJP protest, demands action   KNOW MORE:  https://t.co/kDLzWgmqtH

@RahulGandhi @CJP_2029 

Rahul Gandhi alleges pellet use during the CJP protest in Delhi and demands accountability over injuries suffered by students,","Rahul Gandhi accuses Centre of denying pellet use during CJP protest, demands action KNOW MORE: Rahul Gandhi alleges pellet use during the CJP protest in Delhi and demands accountability over injuries suffered by students,"
1272,2080648254664953937,-1,"#WATCH | Delhi: Rashtriya Loktantrik Party MP Hanuman Beniwal says, ""The government's strategy is to try to end every protest with sweet words. If the CJP people get misled by this government, then the youth of this country will not forgive them either because this is not just a https://t.co/mI3f2gp8wP","WATCH | Delhi: Rashtriya Loktantrik Party MP Hanuman Beniwal says, ""The government's strategy is to try to end every protest with sweet words. If the CJP people get misled by this government, then the youth of this country will not forgive them either because this is not just a"
1273,2080648036838211892,-1,"The same Delhi police who brutally beat the students 

Are now having food distributed at the  protest site

Peak Shamelessness! https://t.co/MNJn9umwQz",The same Delhi police who brutally beat the students Are now having food distributed at the protest site Peak Shamelessness!
1274,2080647685137379405,-1,"Mamata Banerjee will attend the CJP protest at Jantar Mantar on Monday.

Just one year ago, the Supreme Court cancelled 26,000 school appointments after finding serious irregularities in the recruitment process under the Mamata Banerjee government.

₹50 crore in cash was https://t.co/Lb5DstADgA","Mamata Banerjee will attend the CJP protest at Jantar Mantar on Monday. Just one year ago, the Supreme Court cancelled 26,000 school appointments after finding serious irregularities in the recruitment process under the Mamata Banerjee government. ₹50 crore in cash was"
1275,2080646929613283395,2,"@AmanTweets31 @AnkushDey_ @jagtar201 simple question, how many kawarias or Bajrang Dal walas are at the CJP protest in Delhi?","simple question, how many kawarias or Bajrang Dal walas are at the CJP protest in Delhi?"
1276,2080646906234208401,32,"Police Cop Sher Singh announces resignation at CJP's Jantar Mantar protest, Extends Support to Students' Protest
#delhi #JantarMantar #CJP #viralreelsシ #NewsInsider24x7 https://t.co/nPB57jiOi1","Police Cop Sher Singh announces resignation at CJP's Jantar Mantar protest, Extends Support to Students' Protest delhi JantarMantar CJP viralreelsシ NewsInsider24x7"
1277,2080646881068421219,26,"What is the harm in a peaceful #protest? If it is not legal, then Mahatma #Gandhi was not correct. Unfortunately, many Indian educational institutions are issuing severe advisories against students participating in protests. What kind of #democracy do we have? #CJP #delhi","What is the harm in a peaceful protest? If it is not legal, then Mahatma Gandhi was not correct. Unfortunately, many Indian educational institutions are issuing severe advisories against students participating in protests. What kind of democracy do we have? CJP delhi"
1278,2080646789485769170,8,"Nisarga Adhikary, the 19-year-old cybersecurity researcher whose disclosures about CBSE's On-Screen Marking (OSM) portal fed into this year's series of controversies around exams, on Friday join at the Cockroach Janata Party (CJP) protest at Jantar Mantar in Delhi.

Swipe 👈to https://t.co/orizo9AY2b","Nisarga Adhikary, the 19-year-old cybersecurity researcher whose disclosures about CBSE's On-Screen Marking (OSM) portal fed into this year's series of controversies around exams, on Friday join at the Cockroach Janata Party (CJP) protest at Jantar Mantar in Delhi. Swipe 👈to"
1279,2080646736733958315,0,"CJP Submits Demand Charter to Union Minister J.P. Nadda | WNN

➡️ CJP has submitted a formal letter to Union Minister J.P. Nadda regarding the ongoing Jantar Mantar protest.

➡️ The organisation has demanded Education Minister Dharmendra Pradhan's resignation, ₹1 crore https://t.co/uD3Md2Xw99","CJP Submits Demand Charter to Union Minister J.P. Nadda | WNN ➡️ CJP has submitted a formal letter to Union Minister J.P. Nadda regarding the ongoing Jantar Mantar protest. ➡️ The organisation has demanded Education Minister Dharmendra Pradhan's resignation, ₹1 crore"
1280,2080646687157317999,0,"CJP Submits Demand Charter to Union Minister J.P. Nadda | WNN

➡️ CJP has submitted a formal letter to Union Minister J.P. Nadda regarding the ongoing Jantar Mantar protest.

➡️ The organisation has demanded Education Minister Dharmendra Pradhan's resignation, ₹1 crore https://t.co/JYllg3WDd4","CJP Submits Demand Charter to Union Minister J.P. Nadda | WNN ➡️ CJP has submitted a formal letter to Union Minister J.P. Nadda regarding the ongoing Jantar Mantar protest. ➡️ The organisation has demanded Education Minister Dharmendra Pradhan's resignation, ₹1 crore"
1281,2080645266269749448,20,"#WATCH | Delhi: CCTV footages show instances of stone pelting and vandalism at various locations in the national capital during the protest held on July 20.

(Source: Delhi Police Sources) https://t.co/rGHSgBBlVm",WATCH | Delhi: CCTV footages show instances of stone pelting and vandalism at various locations in the national capital during the protest held on July 20. (Source: Delhi Police Sources)
1282,2080645150737674736,23,"New Delhi: Legal services organisation #Software Freedom Law Center, India on Friday moved the Delhi High Court against the suspension of mobile internet services in parts of Central Delhi amid the ongoing #CJP-led protest at #JantarMantar against #NEET paper leak and alleged","New Delhi: Legal services organisation Software Freedom Law Center, India on Friday moved the Delhi High Court against the suspension of mobile internet services in parts of Central Delhi amid the ongoing CJP-led protest at JantarMantar against NEET paper leak and alleged"
1283,2080645116533133485,1,"@MeghUpdates @Sanjay_Dixit CJP is there to protest in Delhi.
But all leaders of @BJP4Karnataka are adjusted with Khan-Gress. Corrupt blood @RAshokaBJP  @BYVijayendra will only Tweet nothing else.",CJP is there to protest in Delhi. But all leaders of are adjusted with Khan-Gress. Corrupt blood will only Tweet nothing else.
1284,2080644887670669381,-1,"Several people who said they were returning from the Cockroach Janta Party (CJP)-led protest at Jantar Mantar have alleged that Delhi Police detained them, checked their mobile phones, collected personal details and questioned them for hours as part of an exercise to identify https://t.co/aXaZSUOFRA","Several people who said they were returning from the Cockroach Janta Party (CJP)-led protest at Jantar Mantar have alleged that Delhi Police detained them, checked their mobile phones, collected personal details and questioned them for hours as part of an exercise to identify"
1285,2080644063397810406,4,"Delhi: A student who participated in the CJP protest says, ""It always comes down to the same thing you're saying, that politicians are being dragged into the middle. We are students, part of the student community; we've come here to make our point. Now the issue is what's https://t.co/1NQ6N59GjZ","Delhi: A student who participated in the CJP protest says, ""It always comes down to the same thing you're saying, that politicians are being dragged into the middle. We are students, part of the student community; we've come here to make our point. Now the issue is what's"
1286,2080641793549561924,-1,"&gt; Mohd Junaid is arranging foods and water at CJP protest since day one.

&gt; UP police has raided his house, his father and minor brother arrested.

&gt; Police also raided his sister's house, tortured and arrested her family.

&gt; Let's see how many people form CJP help him. https://t.co/4yLlPvBlzZ","> Mohd Junaid is arranging foods and water at CJP protest since day one. > UP police has raided his house, his father and minor brother arrested. > Police also raided his sister's house, tortured and arrested her family. > Let's see how many people form CJP help him."
1287,2080641665518461317,22,"#NEW: 🇮🇳
Delhi Police inspector Deepak Sharma told Caravan that 163 BNS IS ACTIVE all across Delhi 

Cops nicking folk miles from Jantar Mantar including minors to stop overcrowding at the student protest

––The Caravan

#India #JantarMantar #CJP #GenZWithBharat https://t.co/Ci2Oo8ohLm",NEW: 🇮🇳 Delhi Police inspector Deepak Sharma told Caravan that 163 BNS IS ACTIVE all across Delhi Cops nicking folk miles from Jantar Mantar including minors to stop overcrowding at the student protest ––The Caravan India JantarMantar CJP GenZWithBharat
1288,2080641395883417870,5,"STORY | DMRC opens entry gates of Mandi House, Central Secretariat metro stations; rest 15 still shut

Entry gates at Mandi House and Central Secretariat metro stations were reopened on Friday evening, but 15 other stations in central Delhi continued to remain closed for the https://t.co/puGAHrNCUY","STORY | DMRC opens entry gates of Mandi House, Central Secretariat metro stations; rest 15 still shut Entry gates at Mandi House and Central Secretariat metro stations were reopened on Friday evening, but 15 other stations in central Delhi continued to remain closed for the"
1289,2080641097865564235,-1,"What you're seeing is not Delhi's Jantar Mantar—it's the streets of Kota, Rajasthan.

Thousands of young people have joined the protest. What began as a student movement is now growing into a broader people's movement demanding accountability.

Kota has made one thing clear: this https://t.co/XBSC8qBRJE","What you're seeing is not Delhi's Jantar Mantar—it's the streets of Kota, Rajasthan. Thousands of young people have joined the protest. What began as a student movement is now growing into a broader people's movement demanding accountability. Kota has made one thing clear: this"
1290,2080639615615283556,17,"#Quickplainers | On July 20, police used lathis and tear gas on those who marched from Jantar Mantar toward Parliament over NEET exam paper leaks. At least 3 people showed pellet wounds, including one who may lose his eyesight. Delhi Police has denied using pellet guns, but a https://t.co/LbQN6xm7lI","Quickplainers | On July 20, police used lathis and tear gas on those who marched from Jantar Mantar toward Parliament over NEET exam paper leaks. At least 3 people showed pellet wounds, including one who may lose his eyesight. Delhi Police has denied using pellet guns, but a"
1291,2080639328003535336,-1,"@Cockroachisback 📢 The Prime Minister is standing with students.

》NEET Topper backs PM Modi’s (@narendramodi) assurance and expresses confidence in reforms to safeguard the integrity of NEET

》The real NEET QUALIFIED Students who shown there support protest against paper leak now they saying https://t.co/S4zP1NWIUp",📢 The Prime Minister is standing with students. 》NEET Topper backs PM Modi’s () assurance and expresses confidence in reforms to safeguard the integrity of NEET 》The real NEET QUALIFIED Students who shown there support protest against paper leak now they saying
1292,2080639316708270175,1,"The more I look at this photo, the heavier my heart feels. The Delhi Police and the Rapid Action Force should be ashamed of themselves.

The Education Minister should resign, and the person seen in the photo should be compensated.

#JantarMantar #CJP #Protest #Neet https://t.co/ks6kU1XDEc","The more I look at this photo, the heavier my heart feels. The Delhi Police and the Rapid Action Force should be ashamed of themselves. The Education Minister should resign, and the person seen in the photo should be compensated. JantarMantar CJP Protest Neet"
1293,2080639257593741721,1,"BIG NEWS 🚨 Passports of Those Found Involved in Riots to Be Cancelled

Huge action by Delhi Police on CJP Protest🔥 https://t.co/sl44y7dh9X",BIG NEWS 🚨 Passports of Those Found Involved in Riots to Be Cancelled Huge action by Delhi Police on CJP Protest🔥
1294,2080639068699070957,-1,"No foreign funding behind CJP led student protest in DELHI.

Media kuchh toh Sharm karo!
#GodiMedia",No foreign funding behind CJP led student protest in DELHI. Media kuchh toh Sharm karo! GodiMedia
1295,2080639045064065231,-1,"Breaking || Protest Outside DU Arts Faculty Despite Advisory by Delhi University

  - CJP and AAP to hold a protest at DU.

@_kritika_tiwari shares more details with @SwatiJ14 https://t.co/RxDsarMugV",Breaking || Protest Outside DU Arts Faculty Despite Advisory by Delhi University - CJP and AAP to hold a protest at DU. shares more details with
1296,2080638418611233221,0,"Cockroach Janta Party (CJP) supporters, and Volunteers protest seeking resignation of Union Education Minister Dharmendra Pradhan over alleged examination irregularities and NEET paper leak in New Delhi on July 24, 2026.

📸  : Shashi Shekhar Kashyap https://t.co/uTO7lc5ZKo","Cockroach Janta Party (CJP) supporters, and Volunteers protest seeking resignation of Union Education Minister Dharmendra Pradhan over alleged examination irregularities and NEET paper leak in New Delhi on July 24, 2026. 📸 : Shashi Shekhar Kashyap"
1297,2080638216403820855,2,"Delhi CJP Protest: PM Modi Mimicry by Student Goes Viral at Jantar Mantar | WATCH

#Delhi #CJPProtest #PMModi #NarendraModi #StudentProtest #JantarMantar #NEET2026
#GenZWithBharat
#OperationMeritUP https://t.co/sKjDT1rdPv",Delhi CJP Protest: PM Modi Mimicry by Student Goes Viral at Jantar Mantar | WATCH Delhi CJPProtest PMModi NarendraModi StudentProtest JantarMantar NEET2026 GenZWithBharat OperationMeritUP
1298,2080637474326319368,2,"Will Millions of citizens who are Aware..just Watch it Happening ! 
#protest #cjpprotests #jantarmantar #paperleak #delhi #cjp #congress #bsp #tmc #aap #bjp #students #farmers https://t.co/huAOTEzdRb",Will Millions of citizens who are Aware..just Watch it Happening ! protest cjpprotests jantarmantar paperleak delhi cjp congress bsp tmc aap bjp students farmers
1299,2080637357863354622,6,@Cockroachisback Kim Jong Un got beaten by Delhi Police at CJP Protest. https://t.co/5adhFhSuzH,Kim Jong Un got beaten by Delhi Police at CJP Protest.
1300,2080637208076369976,3,"WTF Is Happening At CJP Protest?

A journalist was randomly declared ""Godi Media"". 

And brutally beaten by a hundreds of CJP goons.

And people on camera are celebrating these mob attacks on journalists.

Instead of publicly conedming these mob attacks, CJP is shamelessly https://t.co/0p63fbqPew","WTF Is Happening At CJP Protest? A journalist was randomly declared ""Godi Media"". And brutally beaten by a hundreds of CJP goons. And people on camera are celebrating these mob attacks on journalists. Instead of publicly conedming these mob attacks, CJP is shamelessly"
1301,2080635175839691204,-1,"@sathyashrii For organizing a protest? As an individual/group, they have every right to do it peacefully. 

And when it comes to dealing with the anti national elements, it is the job of the government to put them down via ED, CBI, RAW, IB, NIA and EOW. 

When it comes to opposition parties","For organizing a protest? As an individual/group, they have every right to do it peacefully. And when it comes to dealing with the anti national elements, it is the job of the government to put them down via ED, CBI, RAW, IB, NIA and EOW. When it comes to opposition parties"
1302,2080634907970457814,-1,"The Students Islamic Organisation of India (SIO) held a protest at #Hyderabad’s #Charminar after Friday prayers, expressing solidarity with students in Delhi. The demonstration condemned the alleged police action against students and called for accountability. #JantarMantar https://t.co/5lu4vqs4UM","The Students Islamic Organisation of India (SIO) held a protest at Hyderabad’s Charminar after Friday prayers, expressing solidarity with students in Delhi. The demonstration condemned the alleged police action against students and called for accountability. JantarMantar"
1303,2080634870460830053,-1,"The Students Islamic Organisation of India (SIO) held a protest at #Hyderabad’s #Charminar after Friday prayers, expressing solidarity with students in Delhi. The demonstration condemned the alleged police action against students and called for accountability. #JantarMantar https://t.co/p1YRZhYpTj","The Students Islamic Organisation of India (SIO) held a protest at Hyderabad’s Charminar after Friday prayers, expressing solidarity with students in Delhi. The demonstration condemned the alleged police action against students and called for accountability. JantarMantar"
1304,2080634865360482520,24,"🚨 DEEPFAKE VIDEO ALERT! 

Pakistani propaganda accounts are circulating a video of Prime Minister @narendramodi featuring fabricated statements that he never made regarding the protest in Delhi. 

#PIBFactCheck:

❌ This is an '#AI-generated deepfake video' shared to mislead the https://t.co/OEZHxjlKsz",🚨 DEEPFAKE VIDEO ALERT! Pakistani propaganda accounts are circulating a video of Prime Minister featuring fabricated statements that he never made regarding the protest in Delhi. PIBFactCheck: ❌ This is an 'AI-generated deepfake video' shared to mislead the
1305,2080634760284778735,-1,"The Students Islamic Organisation of India (SIO) held a protest at #Hyderabad’s #Charminar after Friday prayers, expressing solidarity with students in Delhi. The demonstration condemned the alleged police action against students and called for accountability. #JantarMantar https://t.co/DjGqn3Dp0P","The Students Islamic Organisation of India (SIO) held a protest at Hyderabad’s Charminar after Friday prayers, expressing solidarity with students in Delhi. The demonstration condemned the alleged police action against students and called for accountability. JantarMantar"
1306,2080634667892650089,-1,"The Students Islamic Organisation of India (SIO) held a protest at #Hyderabad’s #Charminar after Friday prayers, expressing solidarity with students in Delhi. The demonstration condemned the alleged police action against students and called for accountability. #JantarMantar https://t.co/fJitlFOt3q","The Students Islamic Organisation of India (SIO) held a protest at Hyderabad’s Charminar after Friday prayers, expressing solidarity with students in Delhi. The demonstration condemned the alleged police action against students and called for accountability. JantarMantar"
1307,2080634443304419826,-1,"The Role of Delhi Police Special Cell Raises Grave Concerns

#cjp #protest #jantarmantar #students 

@SauravDassss @AshutoshRanka @abhijeet_dipke https://t.co/sGMlZjVHkD",The Role of Delhi Police Special Cell Raises Grave Concerns cjp protest jantarmantar students
1308,2080634150097178950,29,"CJP protest: ❗️
215 taken into preventive custody as Delhi Police flags 'bad characters'; ‼️
intelligence inputs prompt action‼️",CJP protest: ❗️ 215 taken into preventive custody as Delhi Police flags 'bad characters'; ‼️ intelligence inputs prompt action‼️
1309,2080633761671348536,6,"Bareilly: Mohit Bhardwaj, an assistant professor at a degree college, joined CJP protest at Jantar Mantar shouting slogans. 

When he arrived at the college the next day, he was dismissed from his job 💀","Bareilly: Mohit Bhardwaj, an assistant professor at a degree college, joined CJP protest at Jantar Mantar shouting slogans. When he arrived at the college the next day, he was dismissed from his job 💀"
1310,2080632926375743799,-1,@ANI Supporter of Umar Khalid doing CJP protest in delhi and Uddhav Ji attend that protest . Here in Mumbai they are doing Tiranga Rally. Why are they so confused,Supporter of Umar Khalid doing CJP protest in delhi and Uddhav Ji attend that protest . Here in Mumbai they are doing Tiranga Rally. Why are they so confused
1311,2080632662222631099,-1,"Hundreds of students gathered at Hyderabad’s Indira Park with KTR to protest over the NEET paper leak issue, demanding accountability and support for students facing alleged police action in Delhi.

#hyderabadnews #ktr #bjp #brs #cjp https://t.co/j1mekn3mff","Hundreds of students gathered at Hyderabad’s Indira Park with KTR to protest over the NEET paper leak issue, demanding accountability and support for students facing alleged police action in Delhi. hyderabadnews ktr bjp brs cjp"
1312,2080631766394786238,7,"Delhi CJP Protest: JP Nadda &amp; Jitendra Singh Hold Second Round Meeting with CJP Spokesperson Saurav Das, Places 3 Key Demands.

Sonam Wangchuk | #CJPProtest
 https://t.co/dSQlljSeYR","Delhi CJP Protest: JP Nadda & Jitendra Singh Hold Second Round Meeting with CJP Spokesperson Saurav Das, Places 3 Key Demands. Sonam Wangchuk | CJPProtest"
1313,2080631543186505794,11,"Dhruv Rathee joined the Jantar Mantar protest🗿

#jantarmantar #protest #cjp #dhruvrathee #ANI #cjpprotest #paperleak #news #dhruvratheeprostest #cjp_पार्टी 
#arpitspeaks #delhi #vijeta #sonam #ashutoshrana #dharmendrapradhan https://t.co/NsWX1UT0JO",Dhruv Rathee joined the Jantar Mantar protest🗿 jantarmantar protest cjp dhruvrathee ANI cjpprotest paperleak news dhruvratheeprostest cjp_पार्टी arpitspeaks delhi vijeta sonam ashutoshrana dharmendrapradhan
1314,2080631317079941463,-1,CJP is the main organizer of protest to highlight NEET (UG) paper leak. So the cause of genesis of CJP is the root cause of the intensive protest at Jantar Mantar Delhi. https://t.co/GEcVAo18st,CJP is the main organizer of protest to highlight NEET (UG) paper leak. So the cause of genesis of CJP is the root cause of the intensive protest at Jantar Mantar Delhi.
1315,2080630898014458089,0,"#WATCH | Kochi, Keralam | On the CJP protest in Delhi, BJP leader KVS Haridas says, ""The Modi government has done its best on the ongoing student agitation in Delhi. Now, it is time for the students to call off their agitation. The government has made it very clear that it has https://t.co/ijp0cLJGJ2","WATCH | Kochi, Keralam | On the CJP protest in Delhi, BJP leader KVS Haridas says, ""The Modi government has done its best on the ongoing student agitation in Delhi. Now, it is time for the students to call off their agitation. The government has made it very clear that it has"
1316,2080630724995227918,-1,"Despite Advisory By Delhi University

Protest Outside DU Arts Faculty At 6 PM

CJP And AAP To Hold Protest At DU",Despite Advisory By Delhi University Protest Outside DU Arts Faculty At 6 PM CJP And AAP To Hold Protest At DU
1317,2080630432580984959,10,"Delhi High Court Declines to Entertain PIL Seeking Criminal Action Against CJP Protestors
The Delhi High Court has declined to entertain a Public Interest Litigation (PIL) that sought criminal action against individuals associated with protests organized by the Campaign for https://t.co/K7M99j6IfW",Delhi High Court Declines to Entertain PIL Seeking Criminal Action Against CJP Protestors The Delhi High Court has declined to entertain a Public Interest Litigation (PIL) that sought criminal action against individuals associated with protests organized by the Campaign for
1318,2080629779414519949,2,"Delhi CJP Protest: Ashish Chanchlani's Viral Video Divides Social Media

#Delhi #CJPProtest #AshishChanchlani #StudentProtest #NEET2026
#GenZWithBharat
#OperationMeritUP https://t.co/xAvHfDYDlp",Delhi CJP Protest: Ashish Chanchlani's Viral Video Divides Social Media Delhi CJPProtest AshishChanchlani StudentProtest NEET2026 GenZWithBharat OperationMeritUP
1319,2080629495053341008,-1,"‘Walking Is The New Commute’: Delhi Office-Goers Feel The Heat Of Jantar Mantar Protest

#jantarmantarprotest #delhi #cjp 

https://t.co/tSG30wR63H",‘Walking Is The New Commute’: Delhi Office-Goers Feel The Heat Of Jantar Mantar Protest jantarmantarprotest delhi cjp
1320,2080628011930640407,10,Delhi HC Rejects Plea Seeking NIA Probe Into CJP Protest https://t.co/6aKjkThoDT via @Live India #DelhiHighCourt #CockroachJantaParty #CJP #ChaloSansad #NIA #SatishKumarAggarwal #DKUpadhyaya #TejasKaria #TusharMehta #NEETUG #JantarMantar #DharmendraPradhan #StudentProtest,Delhi HC Rejects Plea Seeking NIA Probe Into CJP Protest via India DelhiHighCourt CockroachJantaParty CJP ChaloSansad NIA SatishKumarAggarwal DKUpadhyaya TejasKaria TusharMehta NEETUG JantarMantar DharmendraPradhan StudentProtest
1321,2080627886269300956,-1,"Meet Rhiya Ahir - the viral bus girl

- 27 years old
- Born and raised in Mumbai
- Daughter of an ITBP officer
- Psychology student and theatre artist
- Owns a clothing brand, 'Rhiyasath'
- Became the face of the Mumbai student protests in July 2026
- IG following grew from 3K to https://t.co/ksYRY2mOPZ","Meet Rhiya Ahir - the viral bus girl - 27 years old - Born and raised in Mumbai - Daughter of an ITBP officer - Psychology student and theatre artist - Owns a clothing brand, 'Rhiyasath' - Became the face of the Mumbai student protests in July 2026 - IG following grew from 3K to"
1322,2080627328825381367,29,"CJP protest: 215 taken into preventive custody as Delhi Police flags ‘history-sheeters’; intelligence inputs prompt action
 
https://t.co/sC2Q6hq7zp",CJP protest: 215 taken into preventive custody as Delhi Police flags ‘history-sheeters’; intelligence inputs prompt action
1323,2080627307681894527,10,"'Can't Substitute Our Satisfaction For Centre's': Delhi HC Junks NIA Probe Plea Into Jantar Mantar Protest

#highcourt #NIA #cjp 

https://t.co/AFCytfOdOZ https://t.co/tphcR6SIr3",'Can't Substitute Our Satisfaction For Centre's': Delhi HC Junks NIA Probe Plea Into Jantar Mantar Protest highcourt NIA cjp
1324,2080625318491271222,17,"Rahul Gandhi shows student's wounds on camera, claims pellet guns used during Jantar Mantar protest
https://t.co/ySuME2oJUh","Rahul Gandhi shows student's wounds on camera, claims pellet guns used during Jantar Mantar protest"
1325,2080625310492430358,1,Delhi Police sets the record straight: no passport cancellations linked to the CJP protest violence. Stay informed and avoid rumors! #DelhiPolice #CJPProtest https://t.co/aUk0qHSv6Z,Delhi Police sets the record straight: no passport cancellations linked to the CJP protest violence. Stay informed and avoid rumors! DelhiPolice CJPProtest
1326,2080625237415334214,-1,"@anuragdhanda @DelhiPolice @HelleLyngSvends Watch this, Now Delhi Police has started arresting Gen Z girls accusing them as they participated in #CJP Protest.","Watch this, Now Delhi Police has started arresting Gen Z girls accusing them as they participated in CJP Protest."
1327,2080624618285457872,1,"Godi media will place Delhi into the storm of an intensified protest. Just one hour ago, CJP spokesperson Saurabh Das had a meeting with Nadda where he said that the government will decide and inform us by tomorrow. 

But, look at the headlines of AajTak. When will these pricks https://t.co/8AmQ6Yfh6e","Godi media will place Delhi into the storm of an intensified protest. Just one hour ago, CJP spokesperson Saurabh Das had a meeting with Nadda where he said that the government will decide and inform us by tomorrow. But, look at the headlines of AajTak. When will these pricks"
1328,2080624013177692354,24,"FACT CHECK: Delhi Police Calls Two Viral Jantar Mantar Claims 'Fake And Misleading'
https://t.co/Mcs0psex98",FACT CHECK: Delhi Police Calls Two Viral Jantar Mantar Claims 'Fake And Misleading'
1329,2080623762987417782,-1,"Sources — @MamataOfficial 
will be in Delhi on Monday…
Likely to attend CJP Protest…",Sources — will be in Delhi on Monday… Likely to attend CJP Protest…
1330,2080623377522508108,32,"▶️ #WATCH | A Policeman Resigned from the Police Force and Removed his Badge at the Stage of CJP Protest

Distressed and emotional following the government's violent crackdown on the protest against the NEET paper leak, policeman Sher Singh resigned from his job. At Jantar https://t.co/lGIuCEJvih","▶️ WATCH | A Policeman Resigned from the Police Force and Removed his Badge at the Stage of CJP Protest Distressed and emotional following the government's violent crackdown on the protest against the NEET paper leak, policeman Sher Singh resigned from his job. At Jantar"
1331,2080622813841596474,10,Delhi High Court rejects PIL Seeking NIA Probe into CJP Protest at Jantar Mantar in New Delhi.,Delhi High Court rejects PIL Seeking NIA Probe into CJP Protest at Jantar Mantar in New Delhi.
1332,2080622380955861421,-1,"Mobocracy Not Protest: 
Arnab Unpacks The Foreign Hand &amp; Hidden Motive Of Jantar Mantar Violence

Arnab raises questions over the presence of foreign nationals at the CJP protest in Delhi and examines allegations of foreign influence, overseas funding and the broader political https://t.co/qlpecIPtVV","Mobocracy Not Protest: Arnab Unpacks The Foreign Hand & Hidden Motive Of Jantar Mantar Violence Arnab raises questions over the presence of foreign nationals at the CJP protest in Delhi and examines allegations of foreign influence, overseas funding and the broader political"
1333,2080622026877006093,-1,Mamata Banerjee will be in Delhi on Monday. Likely to attend CJP Protest: sources,Mamata Banerjee will be in Delhi on Monday. Likely to attend CJP Protest: sources
1334,2080622006089966067,7,"Delhi CJP Protest: JP Nadda &amp; Jitendra Singh Hold Second Round Meeting, CJP Places 3 Key Demands

#Delhi #CJPProtest #JPNadda #JitendraSingh #StudentProtest #NEET2026 #ExamReforms
#ModiFails
#Cabinet https://t.co/2gi7DVdTgr","Delhi CJP Protest: JP Nadda & Jitendra Singh Hold Second Round Meeting, CJP Places 3 Key Demands Delhi CJPProtest JPNadda JitendraSingh StudentProtest NEET2026 ExamReforms ModiFails Cabinet"
1335,2080621982325096849,23,"More than two months after CJI Surya Kant's ""cockroach"" remark inadvertently gave rise to the #CJP, Supreme Court agrees to hear two petitions alleging police excesses against students protesting #NEET paper leak and other irregularities
https://t.co/bAhZLvmKzU","More than two months after CJI Surya Kant's ""cockroach"" remark inadvertently gave rise to the CJP, Supreme Court agrees to hear two petitions alleging police excesses against students protesting NEET paper leak and other irregularities"
1336,2080621184618811708,8,"At Cockroach Janta Party's protest in Delhi’s Jantar Mantar a parallel digital campaign redefined how a generation mobilizes.

Explore on Ivide Live → https://t.co/j1Oq83G482

#IvideLive #CockroachJantaParty #CJPProtest #Delhi #CJP #JantarMantar #Memes #Art #Slogans",At Cockroach Janta Party's protest in Delhi’s Jantar Mantar a parallel digital campaign redefined how a generation mobilizes. Explore on Ivide Live → IvideLive CockroachJantaParty CJPProtest Delhi CJP JantarMantar Memes Art Slogans
1337,2080619957130580385,10,"#DelhiHighCourt declines plea seeking #NIA probe into #CJP #protest

https://t.co/iMZV09OFFJ

#CockroachJantaParty #ChaloSansad #NationalInvestigationAgencyAct",DelhiHighCourt declines plea seeking NIA probe into CJP protest CockroachJantaParty ChaloSansad NationalInvestigationAgencyAct
1338,2080618188941967397,0,"CJP says RAF, Delhi Police must apologise, protest to escalate if Pradhan does not resign

Live updates: https://t.co/9MiFsaawxj https://t.co/At1AIC9H4C","CJP says RAF, Delhi Police must apologise, protest to escalate if Pradhan does not resign Live updates:"
1339,2080618020020637995,24,"Did A Woman Cop Suffer Miscarriage During Jantar Mantar Protest? Delhi Police Fact-Check Viral Claim

#cjp #cjpprotest #viral 

https://t.co/pyd2lVRvpG",Did A Woman Cop Suffer Miscarriage During Jantar Mantar Protest? Delhi Police Fact-Check Viral Claim cjp cjpprotest viral
1340,2080617864122540048,0,"CJP, BJP பேச்சுவார்த்தை தோல்வியா? Modi Resign Demand? CJP's Explosive Announcement Over NEET Protest | CM Vijay | Journalist Kavitha interview 

#NEET #JantarMandar #CJPProtest #CJP #Modi #delhi #JPNadda #delhiprotest #BANNEET #CMVijay‌ #TVKVijay‌Fails #Arakalagam https://t.co/d7RQ1Znen0","CJP, BJP பேச்சுவார்த்தை தோல்வியா? Modi Resign Demand? CJP's Explosive Announcement Over NEET Protest | CM Vijay | Journalist Kavitha interview NEET JantarMandar CJPProtest CJP Modi delhi JPNadda delhiprotest BANNEET CMVijay‌ TVKVijay‌Fails Arakalagam"
1341,2080617723181383903,0,"#InPics | People gathered in Kolkata in solidarity with the Cockroach Janta Party's (CJP) protest at Jantar Mantar in New Delhi, demanding the resignation of Union Education Minister Dharmendra Pradhan over alleged examination paper leaks https://t.co/YeR3RxqtTH","InPics | People gathered in Kolkata in solidarity with the Cockroach Janta Party's (CJP) protest at Jantar Mantar in New Delhi, demanding the resignation of Union Education Minister Dharmendra Pradhan over alleged examination paper leaks"
1342,2080617629107278158,-1,"VIDEO | Delhi: Speaking on the CJP protest, RLP MP Hanuman Beniwal says, ""It is extremely unfortunate that our children, carrying the Tricolour, were protesting at Jantar Mantar, which has been designated as a protest site. The way the police resorted to lathi-charge, tore https://t.co/nGlAcTSyzs","VIDEO | Delhi: Speaking on the CJP protest, RLP MP Hanuman Beniwal says, ""It is extremely unfortunate that our children, carrying the Tricolour, were protesting at Jantar Mantar, which has been designated as a protest site. The way the police resorted to lathi-charge, tore"
1343,2080617446394794370,17,"From pellet guns to advanced surveillance, the methods of control developed for Srinagar come home to Delhi https://t.co/iwkJFPU6xb","From pellet guns to advanced surveillance, the methods of control developed for Srinagar come home to Delhi"
1344,2080616900300841174,32,"EXPOSING THE FRAUD AT THE CJP PROTEST!

Abhijeet Dipke just pulled off the biggest fraud of his career today. He staged a massive drama, claiming an active Uttarakhand Police constable was resigning from his job to support their protest.

Here is the REALITY: 👇

-Sher Singh was https://t.co/jTzRwUSX5j","EXPOSING THE FRAUD AT THE CJP PROTEST! Abhijeet Dipke just pulled off the biggest fraud of his career today. He staged a massive drama, claiming an active Uttarakhand Police constable was resigning from his job to support their protest. Here is the REALITY: 👇 -Sher Singh was"
1345,2080616731869880778,32,"#BREAKING ;  Police constable Sher Singh handed over his resignation to Abhijeet Deepakat Jantar Mantar, Extends Support to Students' Protest

Uttarakhand Police constable Sher Singh handed over his resignation to Abhijeet Deepak expressing solidarity with the ongoing student https://t.co/aQ9emMoLWl","BREAKING ; Police constable Sher Singh handed over his resignation to Abhijeet Deepakat Jantar Mantar, Extends Support to Students' Protest Uttarakhand Police constable Sher Singh handed over his resignation to Abhijeet Deepak expressing solidarity with the ongoing student"
1346,2080616485731336675,1,In any other serious country Yogendra Yadav aka YOYA would be live target for shoot to kill. Yogendra yadav has been trying to do colour revolution since years. Put him under NSA in tihar. @AmitShah @HMOIndia @NIA_India @narendramodi #cjp_पार्टी #cjp #protest #sonam #delhi https://t.co/Lz8ET72JiH,In any other serious country Yogendra Yadav aka YOYA would be live target for shoot to kill. Yogendra yadav has been trying to do colour revolution since years. Put him under NSA in tihar. cjp_पार्टी cjp protest sonam delhi
1347,2080615721852404124,17,"The use of pellet guns in the heart of New Delhi revived a question that many believed belonged only to Kashmir: can a democratic republic deploy such a weapon for policing anywhere at all? Zain Haider &amp; Bhanu Pathania write.
Read: https://t.co/QgMTde5WjM",The use of pellet guns in the heart of New Delhi revived a question that many believed belonged only to Kashmir: can a democratic republic deploy such a weapon for policing anywhere at all? Zain Haider & Bhanu Pathania write. Read:
1348,2080615565350293718,10,"A Petition was filed in Delhi High Court to stop NIA investigating the funding behind the CJP protest.

Delhi HC firmly denied any intervention citing national security,

Now

NIA can investigate the funding and most probably many prominent NG0's name will come up.

Govt wil get","A Petition was filed in Delhi High Court to stop NIA investigating the funding behind the CJP protest. Delhi HC firmly denied any intervention citing national security, Now NIA can investigate the funding and most probably many prominent NG0's name will come up. Govt wil get"
1349,2080615133894877331,1,"To all my fellow Anils who think CJP protest in Delhi is misguided, pls take a look here. Namma oorla namma Anna campaign la nadantha scene thane ithu. Namaku vantha ratham avanuku vantha tomato chutney ah? 

Think 🙏","To all my fellow Anils who think CJP protest in Delhi is misguided, pls take a look here. Namma oorla namma Anna campaign la nadantha scene thane ithu. Namaku vantha ratham avanuku vantha tomato chutney ah? Think 🙏"
1350,2080614888796455093,7,"The Centre on Friday held a second round of talks with Cockroach Janta Party (CJP) spokespersons Ashutosh Ranka and Saurav Das, who met Ministers JP Nadda and Jitendra Singh in New Delhi. The nearly two-hour meeting focused on the CJP's demands, including education reforms and https://t.co/fkq43mw69E","The Centre on Friday held a second round of talks with Cockroach Janta Party (CJP) spokespersons Ashutosh Ranka and Saurav Das, who met Ministers JP Nadda and Jitendra Singh in New Delhi. The nearly two-hour meeting focused on the CJP's demands, including education reforms and"
1351,2080614812430778416,0,"@TravelSpace9 @Farrhana_bhatt Delhi police detaining large number of youngsters, CJP delegation tells govt
If Pradhan does not leave his seat within the next 1-2 days, then one more national call for protest will be given CJP insists on govt withdrawing all FIRs https://t.co/wnh3tqWwlO","Delhi police detaining large number of youngsters, CJP delegation tells govt If Pradhan does not leave his seat within the next 1-2 days, then one more national call for protest will be given CJP insists on govt withdrawing all FIRs"
1352,2080614502396227855,10,"Delhi High Court rejects PIL Seeking NIA Probe into CJP Protest.

It is upto Govt to decide on these matters.",Delhi High Court rejects PIL Seeking NIA Probe into CJP Protest. It is upto Govt to decide on these matters.
1353,2080614373962527043,27,"Twenty-six days in, the last 48 hours showed how far this protest has spread-from the streets into digital infrastructure, and now toward a possible turning point.

Supporters across India and abroad had been sending food to protesters through Zomato and Swiggy in such large https://t.co/b1dssvS0zi","Twenty-six days in, the last 48 hours showed how far this protest has spread-from the streets into digital infrastructure, and now toward a possible turning point. Supporters across India and abroad had been sending food to protesters through Zomato and Swiggy in such large"
1354,2080614273613443441,0,"Government Accepts CJP's Request for Neutral-Venue Talks on NEET Protest

New Delhi, July 24, 2026

The ongoing protest over the alleged NEET paper leak has entered a new phase after the government agreed to hold discussions with the Cockroach Janta Party (CJP) at a neutral https://t.co/zEwvyEi13B","Government Accepts CJP's Request for Neutral-Venue Talks on NEET Protest New Delhi, July 24, 2026 The ongoing protest over the alleged NEET paper leak has entered a new phase after the government agreed to hold discussions with the Cockroach Janta Party (CJP) at a neutral"
1355,2080614141698736508,0,"CJP Keeps Pressure on Centre, Seeks Education Minister's Resignation

New Delhi, July 24, 2026

The Cockroach Janta Party (CJP) has intensified its campaign over the NEET paper leak issue, maintaining that Education Minister Dharmendra Pradhan must resign or be removed from https://t.co/91c20Ur1YG","CJP Keeps Pressure on Centre, Seeks Education Minister's Resignation New Delhi, July 24, 2026 The Cockroach Janta Party (CJP) has intensified its campaign over the NEET paper leak issue, maintaining that Education Minister Dharmendra Pradhan must resign or be removed from"
1356,2080614109742297316,13,"23 July Ground Report
 After Sonam Wangchuk, CJP's Protest
 An Eyewitness Report from Jantar Mantar

#Parliament #DelhiPolice #StudentsProtest #JantarMantar #NEETProtest #StudentRights #JusticeForStudents #WomenSafety #YouthVoice  #LathiCharge #Delhi #SonamWangchuk #HungerStrike https://t.co/FEV9DgEq9i","23 July Ground Report After Sonam Wangchuk, CJP's Protest An Eyewitness Report from Jantar Mantar Parliament DelhiPolice StudentsProtest JantarMantar NEETProtest StudentRights JusticeForStudents WomenSafety YouthVoice LathiCharge Delhi SonamWangchuk HungerStrike"
1357,2080613769495871888,-1,"What started as a joke has become one of India's biggest youth-led protest movements.

The ""Cockroach Protest"" began after comments comparing unemployed young people to ""cockroaches"" sparked outrage. Instead of rejecting the label, thousands embraced it as a symbol of resilience.","What started as a joke has become one of India's biggest youth-led protest movements. The ""Cockroach Protest"" began after comments comparing unemployed young people to ""cockroaches"" sparked outrage. Instead of rejecting the label, thousands embraced it as a symbol of resilience."
1358,2080613593855463627,20,"CCTV Footage Shows Barricades Being Breached Before Parliament March

Delhi Police has released CCTV footage from 20 July that it says shows CJP supporters breaking through barricades while attempting to march towards Parliament.

According to the police, the breach led to a https://t.co/GA4qJngFlY","CCTV Footage Shows Barricades Being Breached Before Parliament March Delhi Police has released CCTV footage from 20 July that it says shows CJP supporters breaking through barricades while attempting to march towards Parliament. According to the police, the breach led to a"
1359,2080613534992400486,1,"@poggamingg People were getting beating up in chennai too but not to the extend delhi police acted. It seems chennai CJP got granted permission to conduct a protest in a certain spot,I'm thinking of going this weekend","People were getting beating up in chennai too but not to the extend delhi police acted. It seems chennai CJP got granted permission to conduct a protest in a certain spot,I'm thinking of going this weekend"
1360,2080613508803351014,23,"#SupremeCourt agrees to hear on July 27 two petitions alleging police excesses on students protesting #NEET paper leak and other exam irregularities. 

#Protest #Delhi #AbhijeetDipke #CJP",SupremeCourt agrees to hear on July 27 two petitions alleging police excesses on students protesting NEET paper leak and other exam irregularities. Protest Delhi AbhijeetDipke CJP
1361,2080613467082674346,24,"Clarification

A video is being circulated on social media in which an individual claims to be a Delhi Police Sub-Inspector who had recently resigned from service to join the ongoing protest.

The claim is false. Verification of Delhi Police records has found no Sub-Inspector https://t.co/Y5ch8VuHtT",Clarification A video is being circulated on social media in which an individual claims to be a Delhi Police Sub-Inspector who had recently resigned from service to join the ongoing protest. The claim is false. Verification of Delhi Police records has found no Sub-Inspector
1362,2080612811219370153,12,"Delhi Police Deploys Face Recognition at CJP Protest 
#cjp #GenZWithBharat #jantarMantarprotes #Genz #protest #jantarmantar #delhi
https://t.co/fIQwGEXrPb",Delhi Police Deploys Face Recognition at CJP Protest cjp GenZWithBharat jantarMantarprotes Genz protest jantarmantar delhi
1363,2080612704511807838,20,"Amid propaganda peddled on social media, Delhi Police releases CCTV footage of 20th July showing CJP goons breaking multiple barricades to head to Parliament despite multiple warnings, which led to a lathi-charge. https://t.co/TTLR3vzFLn","Amid propaganda peddled on social media, Delhi Police releases CCTV footage of 20th July showing CJP goons breaking multiple barricades to head to Parliament despite multiple warnings, which led to a lathi-charge."
1364,2080612577059758128,-1,"Clashes between CJP supporters and Nihang Sikhs at Jantar Mantar raise serious questions about the real purpose of this protest.

This is no longer a NEET or student protest.
The real face is out in the open.
#Sikh #Nihang #Delhi #DelhiNews #CJP https://t.co/HjQQNc2d5D",Clashes between CJP supporters and Nihang Sikhs at Jantar Mantar raise serious questions about the real purpose of this protest. This is no longer a NEET or student protest. The real face is out in the open. Sikh Nihang Delhi DelhiNews CJP
1365,2080612493312000283,10,"#BREAKING: Delhi High Court rejects PIL Seeking NIA Probe into CJP Protest at Jantar Mantar in New Delhi.
#delhihighcourt #CJP #Jantarmantar #NEETExamProtest #delhi #news #Trending 
@ViksitKashi",BREAKING: Delhi High Court rejects PIL Seeking NIA Probe into CJP Protest at Jantar Mantar in New Delhi. delhihighcourt CJP Jantarmantar NEETExamProtest delhi news Trending
1366,2080611914602914280,1,"🚨 Delhi traffic and CJP protest almost made me pay ₹24,000 today.

Not tax. Not a challan. Just for being stuck on a highway.

Here’s the wild 2 hours it took to go from Noida to CP, and how one guy saved all 4 of us ₹24,000. 

Woke up early for my VFS Global visa appointment. https://t.co/bLeQO6BT6r","🚨 Delhi traffic and CJP protest almost made me pay ₹24,000 today. Not tax. Not a challan. Just for being stuck on a highway. Here’s the wild 2 hours it took to go from Noida to CP, and how one guy saved all 4 of us ₹24,000. Woke up early for my VFS Global visa appointment."
1367,2080610146678628770,20,A video shared online claiming to show a CJP protester throwing back a tear gas shell fired by the Delhi Police during the 'Chalo Sansad' protest in New Delhi. The PTI Fact Check Desk found the video was recorded during Nepal's Gen Z movement &amp; was falsely linked to CJP protest. https://t.co/t97zAPpEa1,A video shared online claiming to show a CJP protester throwing back a tear gas shell fired by the Delhi Police during the 'Chalo Sansad' protest in New Delhi. The PTI Fact Check Desk found the video was recorded during Nepal's Gen Z movement & was falsely linked to CJP protest.
1368,2080609035171106850,0,"🇧🇩 Bangladeshi students: Winner 
🇱🇰 Sri Lankan students: Winner 
🇳🇵 Nepali students: Winner 
🇮🇳 Indian students: Loading...
Gen-G is Unstoppable 🔥
You keep going, victory is certain. 
Dharmendra Pradhan  Should Resign Now...
#Delhi #Protest #CJP","🇧🇩 Bangladeshi students: Winner 🇱🇰 Sri Lankan students: Winner 🇳🇵 Nepali students: Winner 🇮🇳 Indian students: Loading... Gen-G is Unstoppable 🔥 You keep going, victory is certain. Dharmendra Pradhan Should Resign Now... Delhi Protest CJP"
1369,2080608648309477698,-1,"@prakashraaj @prakashraaj rice b@g, why r u sitting at home? U got a chance to free the terr0®i$t um@r, sh@rjeel &amp; t@hir etc from jail, so that northe@st can be cut from india &amp; delhi like hiπdu gen0cide can happen again. Common protest at CJP..... They r waiting for ur support..... https://t.co/vhT43BL2vf","rice b, why r u sitting at home? U got a chance to free the terr0®i$t um, sh & t etc from jail, so that northe can be cut from india & delhi like hiπdu gen0cide can happen again. Common protest at CJP..... They r waiting for ur support....."
1370,2080608408252960848,-1,"CJP Protest Gets ‘VIP’ Internet? Free Wi-Fi at Jantar Mantar as Delhi mobile services stay suspended amid violence

via @eOrganiser 
https://t.co/PAhOkflFfi",CJP Protest Gets ‘VIP’ Internet? Free Wi-Fi at Jantar Mantar as Delhi mobile services stay suspended amid violence via
1371,2080607997945163865,10,Latest: The Delhi High Court has declined to hear a PIL seeking an NIA probe into the CJP protest at Jantar Mantar. The court said the decision on such an investigation rests with the Central Government.,Latest: The Delhi High Court has declined to hear a PIL seeking an NIA probe into the CJP protest at Jantar Mantar. The court said the decision on such an investigation rests with the Central Government.
1372,2080607883293774112,7,"Delhi CJP Protest: JP Nadda Holds 2-Hour Meeting, Government to Decide on Student Demands &amp; Exam Reforms Tomorrow

#Delhi #CJPProtest #JPNadda #StudentProtest #NEET2026 #ExamReforms #DelhiNews
#Cabinat
#ModiFalls https://t.co/Vwsjr6rMP4","Delhi CJP Protest: JP Nadda Holds 2-Hour Meeting, Government to Decide on Student Demands & Exam Reforms Tomorrow Delhi CJPProtest JPNadda StudentProtest NEET2026 ExamReforms DelhiNews Cabinat ModiFalls"
1373,2080607864561999883,0,"A rally was taken out from Sealdah Station to Dharmatala to protest against the unjust lathi-charge and assault on students by the Delhi Police, and to demand the resignation of the incompetent Education Minister, Dharmendra Pradhan.
#Cjp #WestBengal @Cockroachisback https://t.co/YmnNtZCKgx","A rally was taken out from Sealdah Station to Dharmatala to protest against the unjust lathi-charge and assault on students by the Delhi Police, and to demand the resignation of the incompetent Education Minister, Dharmendra Pradhan. Cjp WestBengal"
1374,2080607708403896695,7,"The CJP and the Union government held talks at the Constitution Club of India in Delhi as protests over irregularities in Neet continued in the national capital.
https://t.co/sGK2tJXCcP",The CJP and the Union government held talks at the Constitution Club of India in Delhi as protests over irregularities in Neet continued in the national capital.
1375,2080607390328856937,22,#Breaking Jamia students are being detained by Delhi police. These 3 students from Jamia escaped Delhi police’s preventive detention at Nizamuddin a few minutes back. Listen to how they were forcefully taken by police while they were on their way to the protest. Students are https://t.co/QQDzJUCmG7,Breaking Jamia students are being detained by Delhi police. These 3 students from Jamia escaped Delhi police’s preventive detention at Nizamuddin a few minutes back. Listen to how they were forcefully taken by police while they were on their way to the protest. Students are
1376,2080606699975839745,8,"Amid the ongoing protest at Jantar Mantar, the Cockroach Janata Party has submitted a letter to Union Minister J.P. Nadda detailing its demands.

#CockroachJantaParty | #CJP | #JPNadda | #JantarMantar | #Protest | #Delhi | #UnionMinister | #UNI https://t.co/yctJ7200cQ","Amid the ongoing protest at Jantar Mantar, the Cockroach Janata Party has submitted a letter to Union Minister J.P. Nadda detailing its demands. CockroachJantaParty | CJP | JPNadda | JantarMantar | Protest | Delhi | UnionMinister | UNI"
1377,2080606424338743333,10,"Delhi High Court rejects PIL Seeking NIA Probe into CJP Protest.

It is upto Govt to decide on these matters.",Delhi High Court rejects PIL Seeking NIA Probe into CJP Protest. It is upto Govt to decide on these matters.
1378,2080606392566587512,2,@AITCofficial @BJP4Bengal Can you just unite with cjp and protest in Delhi?,Can you just unite with cjp and protest in Delhi?
1379,2080603983518040189,10,"Delhi High Court Refuses To Entertain PIL Seeking Criminal Action Against Protestors Who 'Assaulted' Police

@Cockroachisback @DelhiPolice #JantarMantar 
https://t.co/XE9azyMXIf",Delhi High Court Refuses To Entertain PIL Seeking Criminal Action Against Protestors Who 'Assaulted' Police JantarMantar
1380,2080603777002869054,16,"- Delhi police detaining large number of youngsters, CJP delegation tells govt

- ""If Pradhan does not leave his seat within the next 1-2 days, then one more national call for protest will be given"" - CJP's Ashutosh Ranka (@AshutoshRanka) 

- CJP insists on govt withdrawing all https://t.co/Tf1WNVvMan","- Delhi police detaining large number of youngsters, CJP delegation tells govt - ""If Pradhan does not leave his seat within the next 1-2 days, then one more national call for protest will be given"" - CJP's Ashutosh Ranka () - CJP insists on govt withdrawing all"
1381,2080603555057332354,17,"""Shards Stuck To Skin"": Hospital Report Shows Pellet Guns Used At CJP Protest

https://t.co/cGO1ZrJyQU","""Shards Stuck To Skin"": Hospital Report Shows Pellet Guns Used At CJP Protest"
1382,2080603379613806914,32,"Delhi Protest News | Suspended Uttarakhand Constable Sher Singh Controversy
#SherSingh #UttarakhandPolice #DelhiProtest #CJP #UttarakhandNews #BreakingNews #PoliticalNews #HindiNews #LatestNews #NewsUpdate #IndiaNews #TrendingNews #ViralNews #CurrentAffairs #Samachar4U https://t.co/Ak679p56FV",Delhi Protest News | Suspended Uttarakhand Constable Sher Singh Controversy SherSingh UttarakhandPolice DelhiProtest CJP UttarakhandNews BreakingNews PoliticalNews HindiNews LatestNews NewsUpdate IndiaNews TrendingNews ViralNews CurrentAffairs Samachar4U
1383,2080603269920149584,7,"JP Nadda, Jitendra Singh Meet CJP Spokespersons
Union ministers hold talks with CJP representatives Saurav Das and Ashutosh Ranka.

#CJP #JPNadda #IndiaNews #BreakingNews #SauravDas #AshutoshRanka #Protest #JantarMantar #Delhi https://t.co/jQ5KlUsqkT","JP Nadda, Jitendra Singh Meet CJP Spokespersons Union ministers hold talks with CJP representatives Saurav Das and Ashutosh Ranka. CJP JPNadda IndiaNews BreakingNews SauravDas AshutoshRanka Protest JantarMantar Delhi"
1384,2080603082707312752,10,"🚨 Delhi High Court rejects plea demanding an NIA investigation into the CJP protest at Jantar Mantar, New Delhi.","🚨 Delhi High Court rejects plea demanding an NIA investigation into the CJP protest at Jantar Mantar, New Delhi."
1385,2080603012830318867,10,#BREAKING: Delhi High Court rejects PIL Seeking NIA Probe into CJP Protest at Jantar Mantar in New Delhi.,BREAKING: Delhi High Court rejects PIL Seeking NIA Probe into CJP Protest at Jantar Mantar in New Delhi.
1386,2080602869179593182,7,"Delhi: On the demand for Union Education Minister Dharmendra Pradhan's resignation, CJP Chief Spokesperson Saurav Das said the party held discussions with Union Ministers J.P. Nadda and Jitendra Singh regarding the ongoing students' protest. https://t.co/ctcpvREBoe","Delhi: On the demand for Union Education Minister Dharmendra Pradhan's resignation, CJP Chief Spokesperson Saurav Das said the party held discussions with Union Ministers J.P. Nadda and Jitendra Singh regarding the ongoing students' protest."
1387,2080601875477569660,5,"#InPhotos | Passengers face travel disruptions outside New Delhi Railway Station after the closure of the New Delhi Metro station amid heightened security arrangements due to the ongoing CJP-led protest in the national capital. 

(📷: @rajkraj_ht)

Stay updated with all the https://t.co/tsvKzHlo9d",InPhotos | Passengers face travel disruptions outside New Delhi Railway Station after the closure of the New Delhi Metro station amid heightened security arrangements due to the ongoing CJP-led protest in the national capital. (📷: ) Stay updated with all the
1388,2080601033550798995,10,"‘That is the job of Centre’: Delhi HC dismisses plea seeking NIA probe into CJP NEET protest

READ: https://t.co/FZlSE4Cjj8

https://t.co/FZlSE4Cjj8",‘That is the job of Centre’: Delhi HC dismisses plea seeking NIA probe into CJP NEET protest READ:
1389,2080600941854933480,10,"#BREAKING: Delhi High Court rejects PIL Seeking NIA Probe into CJP Protest at Jantar Mantar in New Delhi.

#cjp #cjp_पार्टी #cjp_ही_aap_है",BREAKING: Delhi High Court rejects PIL Seeking NIA Probe into CJP Protest at Jantar Mantar in New Delhi. cjp cjp_पार्टी cjp_ही_aap_है
1390,2080600755166462269,-1,"The Students Islamic Organisation of India (SIO) staged a protest after Friday prayers near Charminar expressing solidarity with students protesting in Delhi over the NEET Paper Leak issue. 

#Hyderabad #Charminar #OldCity #HussainiAlam #NEETPaperLeak #SIO #JantarMantar #CJP https://t.co/cup0qjtL9U",The Students Islamic Organisation of India (SIO) staged a protest after Friday prayers near Charminar expressing solidarity with students protesting in Delhi over the NEET Paper Leak issue. Hyderabad Charminar OldCity HussainiAlam NEETPaperLeak SIO JantarMantar CJP
1391,2080600757175226654,27,"Taking to Instagram, the man who goes by @adiespoems on the platform shared that he felt sad for not being able to join the ongoing Cockroach Janta Party (CJP) protest in Delhi. So, to show his support, he ordered 150 Domino's Farmhouse Cheese Burst pizzas worth ₹67,734 and https://t.co/xqgKFBaNay","Taking to Instagram, the man who goes by on the platform shared that he felt sad for not being able to join the ongoing Cockroach Janta Party (CJP) protest in Delhi. So, to show his support, he ordered 150 Domino's Farmhouse Cheese Burst pizzas worth ₹67,734 and"
1392,2080600669111898433,0,"Abhinay Sir; JP Nadda himself is health minister. He is not able to handle his own department. From where did he get audacity to comment on education 😅

#CJP #Protest #Delhi https://t.co/qFc6sdwmHo",Abhinay Sir; JP Nadda himself is health minister. He is not able to handle his own department. From where did he get audacity to comment on education 😅 CJP Protest Delhi
1393,2080600000590229604,7,"Govt sought time till tomorrow to decide on #DharmendraPradhan's resignation', CJP after meeting Union ministers

A meeting was held between Union Ministers #JPNadda and Jitendra Singh, and #CJP chief spokesperson #SauravDas and national spokesperson #AshutoshRanka, amid the https://t.co/Fc9JTYnirj","Govt sought time till tomorrow to decide on DharmendraPradhan's resignation', CJP after meeting Union ministers A meeting was held between Union Ministers JPNadda and Jitendra Singh, and CJP chief spokesperson SauravDas and national spokesperson AshutoshRanka, amid the"
1394,2080599784646398401,7,"Delhi: On demand for the resignation of Education Minister Dharmendra Pradhan, CJP's Chief Spokesperson Saurav Das says, ""We spoke with them (Union Ministers JP Nadda and Jitendra Singh). We told them that this is non-negotiable. It's not about the CJP, Sonam ji, or any one https://t.co/u8fHMU0WXX","Delhi: On demand for the resignation of Education Minister Dharmendra Pradhan, CJP's Chief Spokesperson Saurav Das says, ""We spoke with them (Union Ministers JP Nadda and Jitendra Singh). We told them that this is non-negotiable. It's not about the CJP, Sonam ji, or any one"
1395,2080599393808662586,10,#BREAKING: Delhi High Court rejects PIL Seeking NIA Probe into CJP Protest at Jantar Mantar in New Delhi.,BREAKING: Delhi High Court rejects PIL Seeking NIA Probe into CJP Protest at Jantar Mantar in New Delhi.
1396,2080598129645347287,10,"🚨 BREAKING | Delhi High Court Rejects PIL
The Delhi High Court has dismissed a Public Interest Litigation (PIL) seeking an NIA investigation into the CJP protest at Jantar Mantar in New Delhi.",🚨 BREAKING | Delhi High Court Rejects PIL The Delhi High Court has dismissed a Public Interest Litigation (PIL) seeking an NIA investigation into the CJP protest at Jantar Mantar in New Delhi.
1397,2080598119293870192,6,Delhi Police reaction after Lathi Charge at Jantar Mantar for CJP Protest https://t.co/KiL8VgbtC9,Delhi Police reaction after Lathi Charge at Jantar Mantar for CJP Protest
1398,2080598100637601870,-1,"India Orders GitHub to Block Jack Dorsey's Bitchat App Amid #Delhi Protest Crackdown

https://t.co/GAzaadS1gr",India Orders GitHub to Block Jack Dorsey's Bitchat App Amid Delhi Protest Crackdown
1399,2080598085265453374,7,"VIDEO | Delhi: On demand for the resignation of Education Minister Dharmendra Pradhan, CJP's Chief Spokesperson Saurav Das says, ""We spoke with them (Union Ministers JP Nadda and Jitendra Singh). We told them that this is non-negotiable. It's not about the CJP, Sonam ji, or any https://t.co/qnL1bAISc9","VIDEO | Delhi: On demand for the resignation of Education Minister Dharmendra Pradhan, CJP's Chief Spokesperson Saurav Das says, ""We spoke with them (Union Ministers JP Nadda and Jitendra Singh). We told them that this is non-negotiable. It's not about the CJP, Sonam ji, or any"
1400,2080598003384222021,6,Delhi Police reaction after Lathi Charge at Jantar Mantar for CJP Protest https://t.co/kvekTe04Hk,Delhi Police reaction after Lathi Charge at Jantar Mantar for CJP Protest
1401,2080597991052980300,8,"The Cockroach Janta Party (CJP) has announced it will launch a website for injʉred prøtesters and those alleging police assⱥult during the ongoing prøtests in New Delhi to upload photographs of police personnel involved. 

👉🏽 CJP said it would use the submissions to file https://t.co/ceXxrZgs2g",The Cockroach Janta Party (CJP) has announced it will launch a website for injʉred prøtesters and those alleging police assⱥult during the ongoing prøtests in New Delhi to upload photographs of police personnel involved. 👉🏽 CJP said it would use the submissions to file
1402,2080597718259634246,16,"VIDEO | Delhi: Speaking on the CJP protest, CJP spokesperson Ashutosh Ranka says, ""Our meeting with the government lasted around two hours and was crisp and to the point. We had made it clear that we no longer want assurances, we want concrete action. The government has given a https://t.co/uLkLOBNH0l","VIDEO | Delhi: Speaking on the CJP protest, CJP spokesperson Ashutosh Ranka says, ""Our meeting with the government lasted around two hours and was crisp and to the point. We had made it clear that we no longer want assurances, we want concrete action. The government has given a"
1403,2080597503473283232,2,"Jantar Mantar Live : CJP Protest में Puneet Superstar से खास बातचीत #jantarmantar #puneetsuperstar
Social media sensation @PuneetSuper  joined the ongoing students' protest at Jantar Mantar, Delhi, to show his solidarity. In this exclusive ground report by News Were, Puneet https://t.co/SRvjHdlSVS","Jantar Mantar Live : CJP Protest में Puneet Superstar से खास बातचीत jantarmantar puneetsuperstar Social media sensation joined the ongoing students' protest at Jantar Mantar, Delhi, to show his solidarity. In this exclusive ground report by News Were, Puneet"
1404,2080597393993851308,10,#BREAKING: Delhi High Court rejects PIL Seeking NIA Probe into CJP Protest at Jantar Mantar in New Delhi.,BREAKING: Delhi High Court rejects PIL Seeking NIA Probe into CJP Protest at Jantar Mantar in New Delhi.
1405,2080597286556680414,7,"JP Nadda, Jitendra Singh Hold Talks with CJP Delegation Amid Ongoing Paper Leak Protest in Delhi https://t.co/FE2shMm4FM","JP Nadda, Jitendra Singh Hold Talks with CJP Delegation Amid Ongoing Paper Leak Protest in Delhi"
1406,2080597025968861235,4,"""I scored 96% in JEE Main, yet couldn't get into IIT Delhi. My friend scored 79% and got in.""

A student voices his frustration at the CJP protest: ""Why is no one talking about reservation?""

@RitikaChandola https://t.co/SZrH5ZtmHY","""I scored 96% in JEE Main, yet couldn't get into IIT Delhi. My friend scored 79% and got in."" A student voices his frustration at the CJP protest: ""Why is no one talking about reservation?"""
1407,2080596702206066914,7,"JP Nadda shared details of the meeting between the Centre and the Cockroach Janata Party (CJP) over the NEET paper leak issue, confirming that both sides have agreed to meet again tomorrow. The discussions are aimed at addressing the protesters' demands and finding a way forward. https://t.co/oWXeMrmDou","JP Nadda shared details of the meeting between the Centre and the Cockroach Janata Party (CJP) over the NEET paper leak issue, confirming that both sides have agreed to meet again tomorrow. The discussions are aimed at addressing the protesters' demands and finding a way forward."
1408,2080596357916594339,0,"#BreakingNews | CJP member Abhijeet Dipke has reiterated the demand for Union Education Minister Dharmendra Pradhan’s resignation, saying the protest movement will continue until accountability is addressed.  

The statement comes amid the ongoing Delhi protest, where https://t.co/C4QYsZgpJy","BreakingNews | CJP member Abhijeet Dipke has reiterated the demand for Union Education Minister Dharmendra Pradhan’s resignation, saying the protest movement will continue until accountability is addressed. The statement comes amid the ongoing Delhi protest, where"
1409,2080596148763717910,10,"Delhi HC Allows Withdrawal Of PIL On CJP Protest 

PIL Sought NIA Probe Into 'Chalo Sansad' March 

HC: Authorities Will Take Action As Required",Delhi HC Allows Withdrawal Of PIL On CJP Protest PIL Sought NIA Probe Into 'Chalo Sansad' March HC: Authorities Will Take Action As Required
1410,2080596029582487930,20,"Delhi Police released CCTV footage from 20th July showing CJP goons breaking the barricades to head to Parliament, which led to a lathi-charge. https://t.co/W6cDrAjImr","Delhi Police released CCTV footage from 20th July showing CJP goons breaking the barricades to head to Parliament, which led to a lathi-charge."
1411,2080594561018270171,22,"Delhi University has issued an official advisory urging students and faculty to stay away from unlawful assemblies or demonstrations at Jantar Mantar.
The advisory cites safety, legal compliance, academic impact, and warns against fake and misleading content
#protest #cjp #resign https://t.co/MVQglIg0HO","Delhi University has issued an official advisory urging students and faculty to stay away from unlawful assemblies or demonstrations at Jantar Mantar. The advisory cites safety, legal compliance, academic impact, and warns against fake and misleading content protest cjp resign"
1412,2080594349948309682,-1,"@amitmalviya They are the goons of CJP, planted by corrupt ex delhi liquor CM Arvind Kejriwal. Govt should take strict action against these goons. Who want to do Chaos in the name of student protest.","They are the goons of CJP, planted by corrupt ex delhi liquor CM Arvind Kejriwal. Govt should take strict action against these goons. Who want to do Chaos in the name of student protest."
1413,2080593581396447313,7,CJP spokesperson Saurav Das left for a crucial meeting with the Centre at the Constitution Club of India in New Delhi to discuss the NEET paper leak issue. The talks come amid nationwide protests and growing demands for examination reforms and greater accountability in the https://t.co/Exrvit7QBl,CJP spokesperson Saurav Das left for a crucial meeting with the Centre at the Constitution Club of India in New Delhi to discuss the NEET paper leak issue. The talks come amid nationwide protests and growing demands for examination reforms and greater accountability in the
1414,2080593214395002892,7,"🚨 TALKS BEGIN, BUT QUESTIONS REMAIN | 🚨 बातचीत शुरू, लेकिन सवाल बरकरार 🇮🇳

📍 Constitution Club &amp; Jantar Mantar, New Delhi
📅 24 July 2026
⏰ As of 3:15 PM IST

🤝 The first formal meeting between the #CentralGovernment and CJP is underway after both sides agreed on a neutral https://t.co/A3MnRtj2KJ","🚨 TALKS BEGIN, BUT QUESTIONS REMAIN | 🚨 बातचीत शुरू, लेकिन सवाल बरकरार 🇮🇳 📍 Constitution Club & Jantar Mantar, New Delhi 📅 24 July 2026 ⏰ As of 3:15 PM IST 🤝 The first formal meeting between the CentralGovernment and CJP is underway after both sides agreed on a neutral"
1415,2080593156907901038,10,"The Delhi High Court on Friday refused to entertain a PIL seeking directions for an investigation by the National Investigation Agency into the July 20 “Sansad Chalo” protest over the NEET paper leak

#NEET #CJP #StudentProtest 

Read more: https://t.co/tmxvmZ8nfS https://t.co/QdsEA7R957",The Delhi High Court on Friday refused to entertain a PIL seeking directions for an investigation by the National Investigation Agency into the July 20 “Sansad Chalo” protest over the NEET paper leak NEET CJP StudentProtest Read more:
1416,2080592794394243446,-1,"In any true democracy, when a massive failures like the NEET paper leak happens, the minister should accept responsibility and resign. 
Forcing lakhs of students to protest on the streets is not a sign of healthy democracy. Take accountability. #NEETScam 
#CJP #Delhi #NEET","In any true democracy, when a massive failures like the NEET paper leak happens, the minister should accept responsibility and resign. Forcing lakhs of students to protest on the streets is not a sign of healthy democracy. Take accountability. NEETScam CJP Delhi NEET"
1417,2080592783849783701,-1,"CJP protest: Delhi Police cancels all routine leaves amid rising law and order concerns https://t.co/E9Z2WqfbJc 
#DelhiPolice #DelhiProtests #NEETRow #LawAndOrder #DelhiNews",CJP protest: Delhi Police cancels all routine leaves amid rising law and order concerns DelhiPolice DelhiProtests NEETRow LawAndOrder DelhiNews
1418,2080592310627405898,6,"@RDXThinksThat The attempt to liken the Delhi Police’s lathi charge on CJP protesters at Jantar Mantar to General Dyer’s atrocity at Jallianwala Bagh is both abhorrent and irresponsible. 

Such comparisons trivialize a historic massacre and dishonor its victims.

To claim we can speak and",The attempt to liken the Delhi Police’s lathi charge on CJP protesters at Jantar Mantar to General Dyer’s atrocity at Jallianwala Bagh is both abhorrent and irresponsible. Such comparisons trivialize a historic massacre and dishonor its victims. To claim we can speak and
1419,2080592114124271869,0,"CJP protest LIVE Updates: CJP says govt has asked for time till Saturday afternoon on demand for Pradhan’s resignation

https://t.co/ZeMFRcwF0b",CJP protest LIVE Updates: CJP says govt has asked for time till Saturday afternoon on demand for Pradhan’s resignation
1420,2080591976794308778,5,"New Delhi Metro Station Closed, No Interchange Facility Amid CJP Protest; Here’s When Services May Resume

https://t.co/Tdd0vk8Exu https://t.co/qSLvG9s2St","New Delhi Metro Station Closed, No Interchange Facility Amid CJP Protest; Here’s When Services May Resume"
1421,2080591612552552658,3,"@UN @UN_HRC @hrw @CIJ_ICJ @IntlCrimCourt @USCIRF @rashtrapatibhvn @indSupremeCourt @DelhiHighCourt @PMOIndia @LtGovDelhi @RekhaGuptaCM @CPDelhi @DelhiPolice
thequint ""These protestors want to turn India into Bangladesh and Nepal,"" and ""We'll beat them black and blue,” are some of","thequint ""These protestors want to turn India into Bangladesh and Nepal,"" and ""We'll beat them black and blue,” are some of"
1422,2080591336932065675,5,"New Delhi metro station closed amid protest by CJP, interchange facility also suspended https://t.co/cfKQlyz8kf #india #news https://t.co/XQeSr5fmwY","New Delhi metro station closed amid protest by CJP, interchange facility also suspended india news"
1423,2080591162537304196,-1,"Bitchat is one of the most interesting protocols I’ve come across.

When internet services were suspended around Jantar Mantar in Delhi, one of my first thoughts was that this is exactly the kind of scenario decentralized, peer-to-peer communication protocols are designed for.","Bitchat is one of the most interesting protocols I’ve come across. When internet services were suspended around Jantar Mantar in Delhi, one of my first thoughts was that this is exactly the kind of scenario decentralized, peer-to-peer communication protocols are designed for."
1424,2080590369637679447,10,"#BREAKING 'It Is For Centre To Decide': Delhi High Court Rejects PIL Seeking NIA Probe Into Students Protest At Jantar Mantar

#JantarMantar #NEETProtests @NIA_India 
https://t.co/St4XoP0znz",BREAKING 'It Is For Centre To Decide': Delhi High Court Rejects PIL Seeking NIA Probe Into Students Protest At Jantar Mantar JantarMantar NEETProtests
1425,2080590234446864516,0,"Talks between the central government and Cockroach Janta Party representatives concluded at Constitution Club, Delhi on Wednesday, ending without a resolution on the demand for Education Minister Dharmendra Pradhan's resignation. Senior ministers JP Nadda and Jitendra Singh asked https://t.co/abaumrNc95","Talks between the central government and Cockroach Janta Party representatives concluded at Constitution Club, Delhi on Wednesday, ending without a resolution on the demand for Education Minister Dharmendra Pradhan's resignation. Senior ministers JP Nadda and Jitendra Singh asked"
1426,2080590210396827875,13,"Sonum Wangchuk has ended fast 

CJP protest LIVE: Sonam Wangchuk ends fast, delegation meets Centre today | Students Jantar Mantar Protest live news updates | Delhi Metro Stations closed for 3rd day | CJP- Nadda meet LIve news https://t.co/bHDDY4owUh
@Atmojoarjalojo","Sonum Wangchuk has ended fast CJP protest LIVE: Sonam Wangchuk ends fast, delegation meets Centre today | Students Jantar Mantar Protest live news updates | Delhi Metro Stations closed for 3rd day | CJP- Nadda meet LIve news"
1427,2080590187906949582,4,"Who Entered The NEET Protest Crowd?

#jantarmantar #cjpprotest #cjp #delhi #delhiprotest #jantarmantarprotest #neet #dharmendrapradhan #sonamwangchuk #paperLeak #studentprotest #rahulgandhi https://t.co/4ToPXWEwjp",Who Entered The NEET Protest Crowd? jantarmantar cjpprotest cjp delhi delhiprotest jantarmantarprotest neet dharmendrapradhan sonamwangchuk paperLeak studentprotest rahulgandhi
1428,2080589465576182265,-1,"Dr @Swamy39
CJP Jantar Mantar Protest Live Updates: 'Heard their demands, will get back to them' - Nadda after 2-hour meet with CJP🔴🔴
@jagdishshetty @ArvindChaturved
 https://t.co/Lto1DKkGkW","Dr CJP Jantar Mantar Protest Live Updates: 'Heard their demands, will get back to them' - Nadda after 2-hour meet with CJP🔴🔴"
1429,2080588925337502163,0,"Union Cabinet Passes Bill To Provide Stricter Punishments For Paper Leaks: Sources

#PaperLeak #UnionCabinet #NEET #CJPProtest

https://t.co/sQkOB25J8Z",Union Cabinet Passes Bill To Provide Stricter Punishments For Paper Leaks: Sources PaperLeak UnionCabinet NEET CJPProtest
1430,2080588785763635669,-1,@PadmajaJoshi Ajit Dipke claims to be head of CJP should also resign from his post taking moral responsibility for absenting himself during protest and directing his followers to mercilessly thrash Police officials and security personnel during Parlment Chalo in Delhi,Ajit Dipke claims to be head of CJP should also resign from his post taking moral responsibility for absenting himself during protest and directing his followers to mercilessly thrash Police officials and security personnel during Parlment Chalo in Delhi
1431,2080588702112526519,-1,"CJP Protest Delhi Live Updates, NEET Protest: Cabinet nod to paper leak bill; CJP continues protest at Jantar Mantar
https://t.co/vH6yPTswKt","CJP Protest Delhi Live Updates, NEET Protest: Cabinet nod to paper leak bill; CJP continues protest at Jantar Mantar"
1432,2080588685402345473,9,"Delhi Police and protest group CJP are locked in a dispute over food meant for demonstrators at Jantar Mantar. CJP spokesperson Saurav Das alleged on X that three boys were detained at Nizamuddin Police Station while carrying food for protesters, accusing police of targeting Gen","Delhi Police and protest group CJP are locked in a dispute over food meant for demonstrators at Jantar Mantar. CJP spokesperson Saurav Das alleged on X that three boys were detained at Nizamuddin Police Station while carrying food for protesters, accusing police of targeting Gen"
1433,2080588673851232664,3,"She is Instagram influencer Sunita Bhatt with over 200K+ followers. She has been making anti-BJP videos for a long time and has been covering the CJP protest since day one.

Now yesterday, she was threatening the Delhi Police to beat them with lathis.
#GenZWithBharat 
#PMModi https://t.co/ClmFHNS6fZ","She is Instagram influencer Sunita Bhatt with over 200K+ followers. She has been making anti-BJP videos for a long time and has been covering the CJP protest since day one. Now yesterday, she was threatening the Delhi Police to beat them with lathis. GenZWithBharat PMModi"
1434,2080588163295359033,14,"@TheQuint Delhi police to probe violence against police in CJP protest, 11 FIRs filed so far | India News https://t.co/vD37sPaS8N

All your demands you call as ""met"" seems to have ZERO significance on ground.","Delhi police to probe violence against police in CJP protest, 11 FIRs filed so far | India News All your demands you call as ""met"" seems to have ZERO significance on ground."
1435,2080588038518854019,7,"#BreakingNews | JP Nadda says government will respond tomorrow after discussing CJP's three demands and five exam reform suggestions following a two-hour meeting.

@JamwalNews18   | #SonamWangchuk #PMModi #Hungerstrike #Protest #Delhi #AbhijeetDipke #CJP 

Watch: https://t.co/pqiiElGezS",BreakingNews | JP Nadda says government will respond tomorrow after discussing CJP's three demands and five exam reform suggestions following a two-hour meeting. | SonamWangchuk PMModi Hungerstrike Protest Delhi AbhijeetDipke CJP Watch:
1436,2080587997863669838,7,"CJP Delegation, Union Ministers Hold Talks to Resolve Student Protest

Union Ministers @JPNadda and @DrJitendraSingh  met a delegation of the Central Joint Platform (CJP) at the Constitution Club in New Delhi as both sides held discussions to find a resolution.

#GenZWithBharat https://t.co/BhJGxaEHDZ","CJP Delegation, Union Ministers Hold Talks to Resolve Student Protest Union Ministers and met a delegation of the Central Joint Platform (CJP) at the Constitution Club in New Delhi as both sides held discussions to find a resolution. GenZWithBharat"
1437,2080587721836462340,0,"#WATCH | Delhi | LoP, Lok Sabha, Rahul Gandhi says, ""Dharmendra Pradhan is a criminal education minister. He has to be removed. He is a symbol of the collapse of our education system. He has to go. He is the reason why thousands of people are outside. He has to go."" 
🪳✊ #CJP https://t.co/pW5xpTj10S","WATCH | Delhi | LoP, Lok Sabha, Rahul Gandhi says, ""Dharmendra Pradhan is a criminal education minister. He has to be removed. He is a symbol of the collapse of our education system. He has to go. He is the reason why thousands of people are outside. He has to go."" 🪳✊ CJP"
1438,2080587709874106437,11,"▶️ #WATCH | Amidst speculation regarding the arrest of CJP chief Abhijeet Dipke, spokespersons, and members, Abhijeet Dipke @abhijeet_dipke addressed the gathering at Delhi's Jantar Mantar and spoke clearly about the future course of action.

Dipke said:

➡️ I have received an https://t.co/uLquPWdNzL","▶️ WATCH | Amidst speculation regarding the arrest of CJP chief Abhijeet Dipke, spokespersons, and members, Abhijeet Dipke addressed the gathering at Delhi's Jantar Mantar and spoke clearly about the future course of action. Dipke said: ➡️ I have received an"
1439,2080587235489960411,10,"Chief Justice of India Surya Kant has clarified that no petition related to the CJP protest was formally filed before the Supreme Court, rejecting media reports that claimed he had refused an urgent hearing. He said the reports created a false impression, as no petition had been https://t.co/xLDki9CLsS","Chief Justice of India Surya Kant has clarified that no petition related to the CJP protest was formally filed before the Supreme Court, rejecting media reports that claimed he had refused an urgent hearing. He said the reports created a false impression, as no petition had been"
1440,2080587004908371971,0,"Cockroach Janta Party (CJP) Protest, Delhi 

NEET Paper Leak issue

PM Narendra Modi announces Fast Track Court for Paper Leak Cases
https://t.co/JnVHje4JS2 https://t.co/vWRf8OvddB","Cockroach Janta Party (CJP) Protest, Delhi NEET Paper Leak issue PM Narendra Modi announces Fast Track Court for Paper Leak Cases"
1441,2080586822992695568,-1,"#BreakingNews | Rahul Gandhi slams centre for violence during July 20th protest violence

@JamwalNews18   | #SonamWangchuk #PMModi #Hungerstrike #Protest #Delhi #AbhijeetDipke #CJP 

Watch: https://t.co/aNIieODGVs https://t.co/TtbSz88JTd",BreakingNews | Rahul Gandhi slams centre for violence during July 20th protest violence | SonamWangchuk PMModi Hungerstrike Protest Delhi AbhijeetDipke CJP Watch:
1442,2080586580235018650,-1,"#WATCH | Delhi | After meeting with the government, Cockroach Janta Party's National Spokesperson Ashutosh Ranka says, ""The government has asked for time till tomorrow afternoon on our demand for Dharmendra Pradhan's resignation. We hope the govt will remove him soon. The https://t.co/YR3SdaQqhY","WATCH | Delhi | After meeting with the government, Cockroach Janta Party's National Spokesperson Ashutosh Ranka says, ""The government has asked for time till tomorrow afternoon on our demand for Dharmendra Pradhan's resignation. We hope the govt will remove him soon. The"
1443,2080586509564944826,7,"Watch | 'Govt sought time till tomorrow to decide on #DharmendraPradhan's resignation', CJP after meeting Union ministers

A meeting was held between Union Ministers #JPNadda and Jitendra Singh, and #CJP chief spokesperson #SauravDas and national spokesperson #AshutoshRanka, amid https://t.co/EtwnjdMhj1","Watch | 'Govt sought time till tomorrow to decide on DharmendraPradhan's resignation', CJP after meeting Union ministers A meeting was held between Union Ministers JPNadda and Jitendra Singh, and CJP chief spokesperson SauravDas and national spokesperson AshutoshRanka, amid"
1444,2080586376748441794,1,"Anti National CJP protest attempts has been handled superbly by Bihar, UP,MP &amp; Bengal police. Honestly with due respects I am disappointed with Delhi police again. Good to see protest getting exposed &amp; losing value day by day @sreeramjvc @VijayTrichy06 @vyasa1968 @ashokbala72","Anti National CJP protest attempts has been handled superbly by Bihar, UP,MP & Bengal police. Honestly with due respects I am disappointed with Delhi police again. Good to see protest getting exposed & losing value day by day"
1445,2080586340119548015,-1,"@Krishan10_ Delhi Police ACP Vivek Bhagat (Connaught Place) was injured during violence linked to a CJP (Citizens for Justice and Peace, or related protest group) demonstration.
The clash occurred around 8:30 PM on July 22/23, 2026, near Jantar Mantar/Tolstoy Marg/Connaught Place.
Reports","Delhi Police ACP Vivek Bhagat (Connaught Place) was injured during violence linked to a CJP (Citizens for Justice and Peace, or related protest group) demonstration. The clash occurred around 8:30 PM on July 22/23, 2026, near Jantar Mantar/Tolstoy Marg/Connaught Place. Reports"
1446,2080586130005860662,-1,GenZ going crazy 🤪 in India 🇮🇳 CJP protest 🪧 at Jantar Mantar Delhi. https://t.co/h4lq2WDHo6,GenZ going crazy 🤪 in India 🇮🇳 CJP protest 🪧 at Jantar Mantar Delhi.
1447,2080585677104710075,0,"CJP Demands Resignation of Education Minister Amid Ongoing Protests and Compensation Calls

@SimranBabbar_05   @Arunima24  with @GrihaAtul   | #SonamWangchuk #PMModi #Hungerstrike #Protest #Delhi #AbhijeetDipke #CJP 

Watch: https://t.co/aNIieODGVs https://t.co/VardKNAXNq",CJP Demands Resignation of Education Minister Amid Ongoing Protests and Compensation Calls with | SonamWangchuk PMModi Hungerstrike Protest Delhi AbhijeetDipke CJP Watch:
1448,2080585435911262580,1,Peaceful people from Malappuram are the main supporters of CJP in Delhi. And peaceful people think they can overthrow Narendra Modi through this protest.,Peaceful people from Malappuram are the main supporters of CJP in Delhi. And peaceful people think they can overthrow Narendra Modi through this protest.
1449,2080585336531607552,7,"VIDEO | Delhi: CJP delegation meets Union Ministers JP Nadda, Jitendra Singh. CJP spokesperson Saurav Das speaks to media after the meeting. He says, ""Another issue we raised was that the Delhi Police has been detaining a large number of young men and women since last night, https://t.co/KY6koivNQc","VIDEO | Delhi: CJP delegation meets Union Ministers JP Nadda, Jitendra Singh. CJP spokesperson Saurav Das speaks to media after the meeting. He says, ""Another issue we raised was that the Delhi Police has been detaining a large number of young men and women since last night,"
1450,2080584928404951374,4,He's not wrong. The protest by CJP in Delhi have very little to do with student issues and mostly to do with politics. The entire show was run by AAP + professional andolanjeevis. The fact that no one uttered a word about similar issues happening in KA and PB said it all.,He's not wrong. The protest by CJP in Delhi have very little to do with student issues and mostly to do with politics. The entire show was run by AAP + professional andolanjeevis. The fact that no one uttered a word about similar issues happening in KA and PB said it all.
1451,2080584917629784479,3,"Ayesha Khan said that she had her period while shooting an item dance for the Dhurandhar movie.

Now she has said that she had her period during the CJP protest too.

People are criticizing her and asking - Why does she always have her period? Is she using it to play the victim https://t.co/Il0hnHUVlk",Ayesha Khan said that she had her period while shooting an item dance for the Dhurandhar movie. Now she has said that she had her period during the CJP protest too. People are criticizing her and asking - Why does she always have her period? Is she using it to play the victim
1452,2080584868803539147,0,"#BreakingNews | CJP says they want resignation of Dharmendra Pradhan. CJP claims Govt Ministers said they will reply on this by Saturday afternoon

@SimranBabbar_05   @Arunima24  with @GrihaAtul   | #SonamWangchuk #PMModi #Hungerstrike #Protest #Delhi #AbhijeetDipke #CJP 

Watch: https://t.co/wS0JNlwsg5",BreakingNews | CJP says they want resignation of Dharmendra Pradhan. CJP claims Govt Ministers said they will reply on this by Saturday afternoon with | SonamWangchuk PMModi Hungerstrike Protest Delhi AbhijeetDipke CJP Watch:
1453,2080584707755102686,3,The future of India!!! Delhi poljce journalists were attacked who and why in CJP protest?,The future of India!!! Delhi poljce journalists were attacked who and why in CJP protest?
1454,2080584508945187163,1,"From a Maharaja's passion project to India's address for democratic dissent.
How #JantarMantar transformed from an observatory into a protest site that has repeatedly shaken the seat of government.
#CJP #delhi #Students

I write for @PTI_News 

read: https://t.co/zbFF0ChyQi https://t.co/41lpQkWeHC",From a Maharaja's passion project to India's address for democratic dissent. How JantarMantar transformed from an observatory into a protest site that has repeatedly shaken the seat of government. CJP delhi Students I write for read:
1455,2080583757820821841,17,"""When I went to the CJP protest, I never expected I'd be shot [by a pellet gun]. I thought pellet guns were used only in Kashmir. I had gone to take part in the march to Parliament. Amid the tear gas shelling during the clash between protesters and police near Jantar Mantar, I https://t.co/330g23FFnV","""When I went to the CJP protest, I never expected I'd be shot [by a pellet gun]. I thought pellet guns were used only in Kashmir. I had gone to take part in the march to Parliament. Amid the tear gas shelling during the clash between protesters and police near Jantar Mantar, I"
1456,2080583616589889905,9,"Can carrying food to a protest become a reason to be stopped?

The CJP has alleged that people bringing food for protesters from Nizamuddin were detained by police, claiming an officer told them they were stopped because they were ""carrying food.""

In a separate post, the party https://t.co/hXSdi0MYlT","Can carrying food to a protest become a reason to be stopped? The CJP has alleged that people bringing food for protesters from Nizamuddin were detained by police, claiming an officer told them they were stopped because they were ""carrying food."" In a separate post, the party"
1457,2080583133481640383,-1,"CJP Delegation Engages with Government Amidst Ongoing Protests at Jantar Mantar

@SimranBabbar_05   @Arunima24  with @GrihaAtul   | #SonamWangchuk #PMModi #Hungerstrike #Protest #Delhi #AbhijeetDipke #CJP 

Watch: https://t.co/aNIieODGVs https://t.co/vGaL4Y3dfv",CJP Delegation Engages with Government Amidst Ongoing Protests at Jantar Mantar with | SonamWangchuk PMModi Hungerstrike Protest Delhi AbhijeetDipke CJP Watch:
1458,2080582495104540842,-1,"Dr @Swamy39
CJP Jantar Mantar Protest Live Updates: Round 2 of talks, Centre, CJP representatives meet amid student protests🔴🔴
@jagdishshetty
 https://t.co/Lto1DKleau","Dr CJP Jantar Mantar Protest Live Updates: Round 2 of talks, Centre, CJP representatives meet amid student protests🔴🔴"
1459,2080582162798236090,3,"Keep politics aside. I don't care which party you support.

I want to raise an important issue.

Narendra Modi is our sitting Prime Minister.

He is a man.

But the way hundreds of girls abused and sexually harassed him at the CJP protest is not okay.

All of them should be https://t.co/09bVZtGeQv",Keep politics aside. I don't care which party you support. I want to raise an important issue. Narendra Modi is our sitting Prime Minister. He is a man. But the way hundreds of girls abused and sexually harassed him at the CJP protest is not okay. All of them should be
1460,2080581655404924983,-1,"Delhi | Jantar Mantar | CJP Protest

This is extremely disturbing.

A woman is being intimidated and harassed by a mob in broad daylight during the CJP protest.

You can easily identify these people. https://t.co/AUj37KzDkz",Delhi | Jantar Mantar | CJP Protest This is extremely disturbing. A woman is being intimidated and harassed by a mob in broad daylight during the CJP protest. You can easily identify these people.
1461,2080581645191790682,-1,"Rajat Bhai always stands for the respect of girls.... students protest mai rajat bhai 
#rajatdalal #JantarMandar #jantarmantar #StudentsProtests #cjp #government #gorillagang #delhiprotest #delhi https://t.co/8r0WXxavIU",Rajat Bhai always stands for the respect of girls.... students protest mai rajat bhai rajatdalal JantarMandar jantarmantar StudentsProtests cjp government gorillagang delhiprotest delhi
1462,2080581087781339409,7,"Watch | Delhi: A meeting was held between Union Ministers JP Nadda and Jitendra Singh and Cockroach Janta Party’s Chief Spokesperson Saurav Das and National Spokesperson Ashutosh Ranka. 

@JPNadda | @DrJitendraSingh | @abhijeet_dipke | @SauravDassss | @AshutoshRanka | #Delhi | https://t.co/rdmvnVghfA",Watch | Delhi: A meeting was held between Union Ministers JP Nadda and Jitendra Singh and Cockroach Janta Party’s Chief Spokesperson Saurav Das and National Spokesperson Ashutosh Ranka. | | | | | Delhi |
1463,2080580925818277978,4,"CJP PROTEST

NO ONE TALKING ABOUT POLICE
#DELHI POLICE",CJP PROTEST NO ONE TALKING ABOUT POLICE DELHI POLICE
1464,2080580590428975513,7,"#BreakingNews | First visuals of meeting between Union Ministers JP Nadda and Dr Jitendra Singh and Cockroach Janta Party (CJP) representatives, including Chief Spokesperson Saurav Das and National Spokesperson Ashutosh Ranka

@SimranBabbar_05   @Arunima24  with @poonam_burde  | https://t.co/ZPS1XHwTpY","BreakingNews | First visuals of meeting between Union Ministers JP Nadda and Dr Jitendra Singh and Cockroach Janta Party (CJP) representatives, including Chief Spokesperson Saurav Das and National Spokesperson Ashutosh Ranka with |"
1465,2080580370060505516,2,"CJP Protest LIVE Updates: हाथ लगा बड़ा सबूत..! CJP पर तगड़ा Action शुरू! | Delhi Police Action | FIR
https://t.co/NfuNzSGa4k

By Republic Bharat Video via Dailyhunt",CJP Protest LIVE Updates: हाथ लगा बड़ा सबूत..! CJP पर तगड़ा Action शुरू! | Delhi Police Action | FIR By Republic Bharat Video via Dailyhunt
1466,2080580142837977223,-1,"Amid the ongoing Cockroach Janta Party (CJP) protest at Delhi's Jantar Mantar, a viral social media post claimed that Delhi Police had decided to cancel the passports of people allegedly involved in violence during the demonstrations. However, the Delhi Police has dismissed the https://t.co/q9pBOuAnNO","Amid the ongoing Cockroach Janta Party (CJP) protest at Delhi's Jantar Mantar, a viral social media post claimed that Delhi Police had decided to cancel the passports of people allegedly involved in violence during the demonstrations. However, the Delhi Police has dismissed the"
1467,2080579767926185989,4,"Be like Aarush bhola :
- Bro promoted hindutva in his vlog from the very beginning 
- Never said anything againt his country like other influencers 
- He spoke in the support of genuine students 
- But refuse to support CJP who using the protest to cover their hate against https://t.co/rjZWUkChC1",Be like Aarush bhola : - Bro promoted hindutva in his vlog from the very beginning - Never said anything againt his country like other influencers - He spoke in the support of genuine students - But refuse to support CJP who using the protest to cover their hate against
1468,2080579721033875604,-1,"Tamilnadu #NEET protest at Balan house is a utter flop..
All credits go to kothadimais and their paod influencers.....
I hope genuine protest by CJP at delhi will be successful protest unlike Tamilnadu...
#BanNeet
#TVKVijay‌ 
#CJP",Tamilnadu NEET protest at Balan house is a utter flop.. All credits go to kothadimais and their paod influencers..... I hope genuine protest by CJP at delhi will be successful protest unlike Tamilnadu... BanNeet TVKVijay‌ CJP
1469,2080579698715951126,0,"Ministers meet CJP leaders in fresh round of talks

LIVE updates: https://t.co/dJVoYVNsDo https://t.co/Sw4NscEdK3",Ministers meet CJP leaders in fresh round of talks LIVE updates:
1470,2080579645171253587,7,"Dr @Swamy39
Talks between CJP representatives and Union Ministers are underway at the Constitution Club amid the ongoing Delhi protest over the NEET paper leak issue and demands for examination reforms🔴🔴
@jagdishshetty

https://t.co/ixsfoDAgxw",Dr Talks between CJP representatives and Union Ministers are underway at the Constitution Club amid the ongoing Delhi protest over the NEET paper leak issue and demands for examination reforms🔴🔴
1471,2080579111488209120,2,"CJP Organisers elaborate on demands, causes and the Protest of 20th July at the Parliament in New Delhi 

Reported by Shoaib Tadvi and Piryanshu Banerjee

#CJP #StudentProtest #ParliamentProtest #DelhiProtest #JantarMantar #Education #NEET #PuneNews #PunekarNews https://t.co/GkiZVgljdV","CJP Organisers elaborate on demands, causes and the Protest of 20th July at the Parliament in New Delhi Reported by Shoaib Tadvi and Piryanshu Banerjee CJP StudentProtest ParliamentProtest DelhiProtest JantarMantar Education NEET PuneNews PunekarNews"
1472,2080578636940546504,1,@loveena_joshi06 ...  Delhi se ghar aaya tha mai v exam dene.. but ab wapas kese loutuuu wha railway station pe id card check kr rhe h police wale ki kahi CJP protest me to nhi Aaa rha 😭,... Delhi se ghar aaya tha mai v exam dene.. but ab wapas kese loutuuu wha railway station pe id card check kr rhe h police wale ki kahi CJP protest me to nhi Aaa rha 😭
1473,2080578621232890140,5,"STORY | 18 metro stations closed in Delhi

Eighteen metro stations were closed in Delhi on Friday, amid the ongoing Cockroach Janta Party (CJP) protest near Jantar Mantar here, the DMRC said.

READ: https://t.co/P2YPFwpc5F https://t.co/NvXXIcNFTI","STORY | 18 metro stations closed in Delhi Eighteen metro stations were closed in Delhi on Friday, amid the ongoing Cockroach Janta Party (CJP) protest near Jantar Mantar here, the DMRC said. READ:"
1474,2080578050392236250,1,"@Joydas CJP as an organization may not be strong &amp; it's leaders look immature, yet they have become really popular

Miles away from Delhi, I see curiosity and enthusiasm for Delhi protest. Everone knows CJP

Media used to paint any protest as anti national, urban naxal etc. Not pssbl now","CJP as an organization may not be strong & it's leaders look immature, yet they have become really popular Miles away from Delhi, I see curiosity and enthusiasm for Delhi protest. Everone knows CJP Media used to paint any protest as anti national, urban naxal etc. Not pssbl now"
1475,2080577762494964168,-1,"#BreakingNews | Abhijeet Dipke slams government amid centre-CJP talks, says government is rewarding corruption

@SimranBabbar_05   with @poonam_burde  | #SonamWangchuk #PMModi #Hungerstrike #Protest #Delhi #AbhijeetDipke #CJP 

Watch: https://t.co/aNIieODGVs https://t.co/63mCH9Crjx","BreakingNews | Abhijeet Dipke slams government amid centre-CJP talks, says government is rewarding corruption with | SonamWangchuk PMModi Hungerstrike Protest Delhi AbhijeetDipke CJP Watch:"
1476,2080577124469993821,-1,"CJP Protest Continues Amid Ongoing Government Negotiations

@SimranBabbar_05   with @poonam_burde  | #SonamWangchuk #PMModi #Hungerstrike #Protest #Delhi #AbhijeetDipke #CJP 

Watch: https://t.co/aNIieODGVs https://t.co/yYIS76ZedS",CJP Protest Continues Amid Ongoing Government Negotiations with | SonamWangchuk PMModi Hungerstrike Protest Delhi AbhijeetDipke CJP Watch:
1477,2080577012209684763,9,"Ground Report
Who is sending food, medicines, sanitary pads to Jantar Mantar?

#bhaskaroriginals #cjp #JantarMantar #protest #delhi #neetexam #pmmodi #AmitShah #fooddeliveryservice #SwiggyZomato #GroundReport https://t.co/nB2wJDj8cK","Ground Report Who is sending food, medicines, sanitary pads to Jantar Mantar? bhaskaroriginals cjp JantarMantar protest delhi neetexam pmmodi AmitShah fooddeliveryservice SwiggyZomato GroundReport"
1478,2080576813634650216,0,"@abhijeet_dipke 🚨 BREAKING: Govt decides to set up fast track courts to try paper leak cases.

》PM Narendra Modi (@narendramodi) announces via tweet. Says those who try to harm future of youth won’t be spared.

》Action Begins: Delhi Police Commissioner, can order Preventive Detention under https://t.co/IyDGLJi2T7","🚨 BREAKING: Govt decides to set up fast track courts to try paper leak cases. 》PM Narendra Modi () announces via tweet. Says those who try to harm future of youth won’t be spared. 》Action Begins: Delhi Police Commissioner, can order Preventive Detention under"
1479,2080576565075697863,-1,"#BreakingNews | Vande Mataram bill tabled in Rajya Sabha, amid opposition's sloganeering Rajya Sabha adjourned

@payalmehta100 with @poonam_burde  | #SonamWangchuk #PMModi #Hungerstrike #Protest #Delhi #AbhijeetDipke #CJP 

Watch: https://t.co/aNIieODGVs https://t.co/opkLGNWDwa","BreakingNews | Vande Mataram bill tabled in Rajya Sabha, amid opposition's sloganeering Rajya Sabha adjourned with | SonamWangchuk PMModi Hungerstrike Protest Delhi AbhijeetDipke CJP Watch:"
1480,2080576283080061356,-1,"Telugu State vallu CJP ki support cheyatledhu ani gudha chimpukuntunnaru. We clearly know This  protest is not  for students  andhuke involve ithalem..
Mem Protest  chesthe 2 States a form inay.
Telangana ollali galli nunchi Delhi dhaka ucha ela poinchalo. thelusu Time vasthe 👍 https://t.co/cAU2wWtxZH",Telugu State vallu CJP ki support cheyatledhu ani gudha chimpukuntunnaru. We clearly know This protest is not for students andhuke involve ithalem.. Mem Protest chesthe 2 States a form inay. Telangana ollali galli nunchi Delhi dhaka ucha ela poinchalo. thelusu Time vasthe 👍
1481,2080576137550582099,5,"Delhi Metro Update 🚨

New Delhi Metro Station has been closed until further notice amid the ongoing CJP protest near Jantar Mantar.

❌ No entry or exit
❌ No interchange facility at New Delhi Metro Station

#DelhiMetro #Delhi #JantarMantar #CJPProtest #DMRC https://t.co/Oq4xIgyXvh",Delhi Metro Update 🚨 New Delhi Metro Station has been closed until further notice amid the ongoing CJP protest near Jantar Mantar. ❌ No entry or exit ❌ No interchange facility at New Delhi Metro Station DelhiMetro Delhi JantarMantar CJPProtest DMRC
1482,2080575532702548370,2,"🚨 FROM PROTESTS TO CAMPUS SHOWDOWN: THE MOVEMENT ENTERS A NEW PHASE | 🚨 प्रदर्शन से कैंपस तक: आंदोलन नए दौर में 🇮🇳

📍 Jantar Mantar, New Delhi
📅 24 July 2026
⏰ As of 2:00 PM IST

The movement has entered a decisive new phase.

🤝 After days of nationwide protests, the Centre https://t.co/UzWPGYKw1J","🚨 FROM PROTESTS TO CAMPUS SHOWDOWN: THE MOVEMENT ENTERS A NEW PHASE | 🚨 प्रदर्शन से कैंपस तक: आंदोलन नए दौर में 🇮🇳 📍 Jantar Mantar, New Delhi 📅 24 July 2026 ⏰ As of 2:00 PM IST The movement has entered a decisive new phase. 🤝 After days of nationwide protests, the Centre"
1483,2080561653276369087,1,"Delhi Police

Here are the faces who Abused PM Modi 
Protest is fine but such abuses and Anti India stand is not acceptable 

Arrest Them! @DelhiPolice https://t.co/kSIfZbgByC",Delhi Police Here are the faces who Abused PM Modi Protest is fine but such abuses and Anti India stand is not acceptable Arrest Them!
1484,2080561464163938760,26,"I have a question: if teachers face disciplinary action for hitting students in school, why is no action taken against the police officers in Delhi who beat students, or against those who issued such orders?

During the ongoing student protests in Delhi, the police have been https://t.co/tpStkZg6Qd","I have a question: if teachers face disciplinary action for hitting students in school, why is no action taken against the police officers in Delhi who beat students, or against those who issued such orders? During the ongoing student protests in Delhi, the police have been"
1485,2080553773228007668,27,"This girl traveled a very long distance to attend the CJP protest in Delhi against her parents' wishes.

After reaching there, she has been partying, eating all day, and telling everyone what she has eaten - pizza, burgers, Chaayos tea, cold drinks, snacks, and biscuits.

She is https://t.co/TinkFHgri0","This girl traveled a very long distance to attend the CJP protest in Delhi against her parents' wishes. After reaching there, she has been partying, eating all day, and telling everyone what she has eaten - pizza, burgers, Chaayos tea, cold drinks, snacks, and biscuits. She is"
1486,2080536744999653642,-1,"Meet Preeti Chaudhary, wife of a serving army man, who makes content on facebook.

Recently one of her reel reached 1 million views.

She suddenly started wearing uniform of her husband most probably to support CJP protest.

Talks against delhi police and makes allegations of https://t.co/IXGsl6uL2t","Meet Preeti Chaudhary, wife of a serving army man, who makes content on facebook. Recently one of her reel reached 1 million views. She suddenly started wearing uniform of her husband most probably to support CJP protest. Talks against delhi police and makes allegations of"
1487,2080532653141614812,-1,"Mohd. Aslam was distributing water bottles at CJP protest.
Police came and asked for his adhar card, took his details.
At 10 pm, six police officers raided his house.
Arrested him with unknown charges.
Out of lakhs of protesters, police found only Aslam to punish.

Remember it.","Mohd. Aslam was distributing water bottles at CJP protest. Police came and asked for his adhar card, took his details. At 10 pm, six police officers raided his house. Arrested him with unknown charges. Out of lakhs of protesters, police found only Aslam to punish. Remember it."
1488,2080531425431052331,3,"Baddies going to the CJP protest.

(They don't care about exams or paper leaks. They're going to make reels, do GRWM, gain followers, and have fun.)

(They also use vile language to abuse our Prime Minister.) https://t.co/4DdPgUTyEB","Baddies going to the CJP protest. (They don't care about exams or paper leaks. They're going to make reels, do GRWM, gain followers, and have fun.) (They also use vile language to abuse our Prime Minister.)"
1489,2080525887544463493,1,"Delhi Police is giving us new reasons to hate them every single day.

A Swiggy delivery partner was on his way to deliver food for the protesters, ordered by one of the online supporters. A thulla stopped him, checked whether the food was meant for the students, and then stole https://t.co/lO82tLbZ68","Delhi Police is giving us new reasons to hate them every single day. A Swiggy delivery partner was on his way to deliver food for the protesters, ordered by one of the online supporters. A thulla stopped him, checked whether the food was meant for the students, and then stole"
1490,2080520137082614226,4,"Is The CJP Protest Still Only About NEET, Or Has It Become Something Bigger??

In this video, I share my personal opinion on the ongoing CJP movement, discuss the NEET controversy, the government’s response, and why I believe every citizen should examine any public movement https://t.co/QQfGFgoAtt","Is The CJP Protest Still Only About NEET, Or Has It Become Something Bigger?? In this video, I share my personal opinion on the ongoing CJP movement, discuss the NEET controversy, the government’s response, and why I believe every citizen should examine any public movement"
1491,2080518029558059052,-1,"VIDEO | Delhi Jantar Mantar Protest: CJP spokesperson Ashutosh Ranka addresses protestors, says, ""They are now afraid because of you all... You may be not aware... PM Modi released a video at 12.30 am. This is for the first time that PM Modi has released a video so late at https://t.co/kwfScwmgLh","VIDEO | Delhi Jantar Mantar Protest: CJP spokesperson Ashutosh Ranka addresses protestors, says, ""They are now afraid because of you all... You may be not aware... PM Modi released a video at 12.30 am. This is for the first time that PM Modi has released a video so late at"
1492,2080515639148794281,2,"This CJP protest may be fade in history but  thing won't fade is the content 

This protest gave top notch gold content man. https://t.co/vDZgVhUBhV",This CJP protest may be fade in history but thing won't fade is the content This protest gave top notch gold content man.
1493,2080496863388844290,1,"Breaking in big

Govt to follow money trail in CJP protest case

Many instagram influencers and CJP bank accounts under scanner 
Culprits accounts will be frozen, passports will be revoked and detention under the several sections of BNS on cards!!","Breaking in big Govt to follow money trail in CJP protest case Many instagram influencers and CJP bank accounts under scanner Culprits accounts will be frozen, passports will be revoked and detention under the several sections of BNS on cards!!"
1494,2080489175984562188,13,"JOURNALIST — Sonam Wangchuk has ended his fast. What's next?

STUDENT 🔥— “It doesn’t matter anymore, we are not here for him or CJP. We are here for education.

And we will continue protesting till Education Minister resigns”👏

So it is clear now, it’s 200% ‘Students Protest’. https://t.co/5sDkNOKeBF","JOURNALIST — Sonam Wangchuk has ended his fast. What's next? STUDENT 🔥— “It doesn’t matter anymore, we are not here for him or CJP. We are here for education. And we will continue protesting till Education Minister resigns”👏 So it is clear now, it’s 200% ‘Students Protest’."
1495,2080479905444508116,3,"🚨 She is Instagram influencer Sunita Bhatt with over 200K+ followers. She has been making anti-BJP videos for a long time and has been covering the CJP protest since day one.

Now yesterday, she was threatening the Delhi Police to beat them with lathis. Just a few hours later, https://t.co/QJgbkcFgBj","🚨 She is Instagram influencer Sunita Bhatt with over 200K+ followers. She has been making anti-BJP videos for a long time and has been covering the CJP protest since day one. Now yesterday, she was threatening the Delhi Police to beat them with lathis. Just a few hours later,"
1496,2080477567879094642,-1,"🚨 CRACKDOWN BEGINS!

Instagram flooded with videos: Police visiting homes of CJP protest GOONS who turned violent. 

Cops at your doorstep, neighbors watching the drama 
— ‘Beta, kya kar diya?’ 

Fingerprints taken, lectures on ‘don’t ruin your bloodline for 2 minutes of fun.’","🚨 CRACKDOWN BEGINS! Instagram flooded with videos: Police visiting homes of CJP protest GOONS who turned violent. Cops at your doorstep, neighbors watching the drama — ‘Beta, kya kar diya?’ Fingerprints taken, lectures on ‘don’t ruin your bloodline for 2 minutes of fun.’"
1497,2080470324261630386,3,"Female Lallantop Journo Calls Out CJP Protest Now As Abusive &amp; ""Mela""

Journo:
""To be honest now recording video becomes difficult""

""When start recording only we hear is abuses""

""People coming here as if i is Mela""

""Earlier slogans Bharat Mata Ki Jai Now Just Abuses""
#cjp https://t.co/bdUuF2Bwa3","Female Lallantop Journo Calls Out CJP Protest Now As Abusive & ""Mela"" Journo: ""To be honest now recording video becomes difficult"" ""When start recording only we hear is abuses"" ""People coming here as if i is Mela"" ""Earlier slogans Bharat Mata Ki Jai Now Just Abuses"" cjp"
1498,2078004714189533453,22,"𝗖𝗝𝗣 Protest – Day 27 
Jantar Mantar 📍

🚇 In Delhi Metro 🔥

Parents take loans to educate their children, but 94+ paper leaks have left families worried and distressed... 😢 https://t.co/gtx15ne4b3","𝗖𝗝𝗣 Protest – Day 27 Jantar Mantar 📍 🚇 In Delhi Metro 🔥 Parents take loans to educate their children, but 94+ paper leaks have left families worried and distressed... 😢"
1499,2075564670057074969,2,"#WATCH | Punjabi Singer, Song Writer and Producer Kaka @Its_Kaka_Ji reached at CJP Protest Site Jantar Mantar, Delhi. 

Kaka extended solidarity with the protesters. He sang a song and said that ""will try to join the march on 20th July to parliament. All are sitting here are my https://t.co/2z2vCspUd8","WATCH | Punjabi Singer, Song Writer and Producer Kaka reached at CJP Protest Site Jantar Mantar, Delhi. Kaka extended solidarity with the protesters. He sang a song and said that ""will try to join the march on 20th July to parliament. All are sitting here are my"
